token_id,rank,rank_label,rarity_score,tier,kind,name,display_name,handle,special
42,0,1/1,,1 of 1,named,Tom · WizNerdz #42,Tom,,Named
205,0,1/1,,1 of 1,community,Oops · WizNerdz #205,Oops,@OopsOrngz,Community 1 of 1
399,0,1/1,,1 of 1,community,Siipi · WizNerdz #399,Siipi,@iamSiipi,Community 1 of 1
639,0,1/1,,1 of 1,community,DatArt · WizNerdz #639,DatArt,@DatArtPerson,Community 1 of 1
787,0,1/1,,1 of 1,named,Fiend · WizNerdz #787,Fiend,,Named
849,0,1/1,,1 of 1,community,Profet · WizNerdz #849,Profet,@nftprofetmaster,Community 1 of 1
900,0,1/1,,1 of 1,community,Permuto · WizNerdz #900,Permuto,@permutocapital,Community 1 of 1
1090,0,1/1,,1 of 1,community,Silicon · WizNerdz #1090,Silicon,@silicondotnet,Community 1 of 1
1111,0,1/1,,1 of 1,community,Ice Labs · WizNerdz #1111,Ice Labs,@IceLabs,Community 1 of 1
1454,0,1/1,,1 of 1,community,Thy · WizNerdz #1454,Thy,@thyrevolution,Community 1 of 1
1736,0,1/1,,1 of 1,community,SpaceScan · WizNerdz #1736,SpaceScan,@spacescan_io,Community 1 of 1
1759,0,1/1,,1 of 1,community,Ender · WizNerdz #1759,Ender,@endertown,Community 1 of 1
2106,0,1/1,,1 of 1,community,Trashformers · WizNerdz #2106,Trashformers,@trashformersnft,Community 1 of 1
2264,0,1/1,,1 of 1,named,Aster · WizNerdz #2264,Aster,,Named
2308,0,1/1,,1 of 1,community,Dracattus · WizNerdz #2308,Dracattus,@DracattusDev,Community 1 of 1
2321,0,1/1,,1 of 1,community,Chia Gods · WizNerdz #2321,Chia Gods,@ChiaGodsNFT,Community 1 of 1
2351,0,1/1,,1 of 1,community,Gooey · WizNerdz #2351,Gooey,@OrangeGooey,Community 1 of 1
2529,0,1/1,,1 of 1,community,Lost Gifs · WizNerdz #2529,Lost Gifs,@CF_Lost_Gifs,Community 1 of 1
2868,0,1/1,,1 of 1,community,Grig · WizNerdz #2868,Grig,@SpiritBits,Community 1 of 1
3130,0,1/1,,1 of 1,community,Whale · WizNerdz #3130,Whale,@time2buyxch,Community 1 of 1
3146,0,1/1,,1 of 1,community,Bullish · WizNerdz #3146,Bullish,@Bullish0xCrypto,Community 1 of 1
3332,0,1/1,,1 of 1,community,Mini Marmot · WizNerdz #3332,Mini Marmot,@MiniMarmots,Community 1 of 1
3601,0,1/1,,1 of 1,community,Max · WizNerdz #3601,Max,@BraidsBlock,Community 1 of 1
3647,0,1/1,,1 of 1,community,Grizzle · WizNerdz #3647,Grizzle,@Grizzle341,Community 1 of 1
3736,0,1/1,,1 of 1,named,Art Boss · WizNerdz #3736,Art Boss,,Named
4358,0,1/1,,1 of 1,community,Chia · WizNerdz #4358,Chia,@chia_project,Community 1 of 1
4929,0,1/1,,1 of 1,community,Memecoin · WizNerdz #4929,Memecoin,@ChiaMemecoin,Community 1 of 1
5012,0,1/1,,1 of 1,community,Mobilx · WizNerdz #5012,Mobilx,@m0b1lx,Community 1 of 1
5074,0,1/1,,1 of 1,community,Fiend · WizNerdz #5074,Fiend,@FiendStudios,Community 1 of 1
5095,0,1/1,,1 of 1,community,Seedsnapp · WizNerdz #5095,Seedsnapp,@seedsnapp,Community 1 of 1
5189,0,1/1,,1 of 1,community,Matthew · WizNerdz #5189,Matthew,@MatthewSHintz,Community 1 of 1
5279,0,1/1,,1 of 1,community,Sol · WizNerdz #5279,Sol,@solomonslot,Community 1 of 1
5413,0,1/1,,1 of 1,community,Hyperhex · WizNerdz #5413,Hyperhex,@HYP3RH3X,Community 1 of 1
5625,0,1/1,,1 of 1,named,Profet · WizNerdz #5625,Profet,,Named
5762,0,1/1,,1 of 1,community,MintGarden · WizNerdz #5762,MintGarden,@MintGarden_io,Community 1 of 1
5804,0,1/1,,1 of 1,community,Anarkoic · WizNerdz #5804,Anarkoic,@anarkoicxchia,Community 1 of 1
5915,0,1/1,,1 of 1,community,Rigidity · WizNerdz #5915,Rigidity,@Rigidity16,Community 1 of 1
5943,0,1/1,,1 of 1,community,Lucky 8 · WizNerdz #5943,Lucky 8,@Lucky8Token,Community 1 of 1
5985,0,1/1,,1 of 1,community,Circuit · WizNerdz #5985,Circuit,@Circuit_DAO,Community 1 of 1
6057,0,1/1,,1 of 1,community,Mayor · WizNerdz #6057,Mayor,@MayorAbandoned,Community 1 of 1
6146,0,1/1,,1 of 1,named,Blake · WizNerdz #6146,Blake,,Named
6169,0,1/1,,1 of 1,community,Heart · WizNerdz #6169,Heart,@ArtwithHeartNFT,Community 1 of 1
6206,0,1/1,,1 of 1,community,Dexie · WizNerdz #6206,Dexie,@dexie_space,Community 1 of 1
6280,0,1/1,,1 of 1,community,Ignore · WizNerdz #6280,Ignore,@ignoreart,Community 1 of 1
6414,0,1/1,,1 of 1,community,Dan · WizNerdz #6414,Dan,@DanPerry_Chia,Community 1 of 1
6439,0,1/1,,1 of 1,community,TMoney · WizNerdz #6439,TMoney,@TeeMoney1738,Community 1 of 1
6477,0,1/1,,1 of 1,community,Steve · WizNerdz #6477,Steve,@steppsr,Community 1 of 1
6632,0,1/1,,1 of 1,community,Bram · WizNerdz #6632,Bram,@bramcohen,Community 1 of 1
6947,0,1/1,,1 of 1,community,Monkeyzoo · WizNerdz #6947,Monkeyzoo,@monkeyzoo,Community 1 of 1
6949,0,1/1,,1 of 1,named,Steve · WizNerdz #6949,Steve,,Named
7014,0,1/1,,1 of 1,community,Dennis · WizNerdz #7014,Dennis,@MrDennisV,Community 1 of 1
7034,0,1/1,,1 of 1,community,Phunky · WizNerdz #7034,Phunky,@abit_HEX,Community 1 of 1
7071,0,1/1,,1 of 1,community,Peel · WizNerdz #7071,Peel,@neilpeel_me,Community 1 of 1
7130,0,1/1,,1 of 1,community,XCH Foundation · WizNerdz #7130,XCH Foundation,@XchFoundation,Community 1 of 1
7219,0,1/1,,1 of 1,community,Gene · WizNerdz #7219,Gene,@hoffmang,Community 1 of 1
7267,0,1/1,,1 of 1,community,Orc · WizNerdz #7267,Orc,@RightSexyOrc,Community 1 of 1
7275,0,1/1,,1 of 1,community,Ben · WizNerdz #7275,Ben,@BenAtreidesVing,Community 1 of 1
7462,0,1/1,,1 of 1,named,Papa · WizNerdz #7462,Papa,,Named
7508,0,1/1,,1 of 1,community,Cass Fairies · WizNerdz #7508,Cass Fairies,@CassFairiesClub,Community 1 of 1
7513,0,1/1,,1 of 1,community,Strange · WizNerdz #7513,Strange,@_xDrStrange,Community 1 of 1
7625,0,1/1,,1 of 1,community,Namesdao · WizNerdz #7625,Namesdao,@theNamesdao,Community 1 of 1
7831,0,1/1,,1 of 1,community,RVD · WizNerdz #7831,RVD,@Crypto_RVD,Community 1 of 1
7881,0,1/1,,1 of 1,community,Okra · WizNerdz #7881,Okra,@SpaceOkra,Community 1 of 1
7942,0,1/1,,1 of 1,community,Acevail · WizNerdz #7942,Acevail,@acevail_,Community 1 of 1
7953,0,1/1,,1 of 1,community,Timelord · WizNerdz #7953,Timelord,@SlowestTimelord,Community 1 of 1
8210,0,1/1,,1 of 1,community,Sage · WizNerdz #8210,Sage,@sage_wallet,Community 1 of 1
8483,0,1/1,,1 of 1,named,James · WizNerdz #8483,James,,Named
8538,0,1/1,,1 of 1,community,Planet · WizNerdz #8538,Planet,@ChiaPlanet,Community 1 of 1
8686,0,1/1,,1 of 1,community,DIG · WizNerdz #8686,DIG,@digdotnet,Community 1 of 1
8700,0,1/1,,1 of 1,named,Staker · WizNerdz #8700,Staker,,Named
8839,0,1/1,,1 of 1,community,Chamber · WizNerdz #8839,Chamber,@DigitalChamber,Community 1 of 1
5181,1,1/8817,1e-16,Legendary,generative,WizNerdz #5181,,,Standard
3830,2,2/8817,1e-16,Legendary,generative,WizNerdz #3830,,,Standard
2219,3,3/8817,1e-16,Legendary,generative,WizNerdz #2219,,,Standard
8226,4,4/8817,1e-16,Legendary,generative,WizNerdz #8226,,,Standard
5863,5,5/8817,1e-16,Legendary,generative,WizNerdz #5863,,,Standard
4081,6,6/8817,1e-16,Legendary,generative,WizNerdz #4081,,,Standard
1212,7,7/8817,2e-16,Legendary,generative,WizNerdz #1212,,,Standard
8338,8,8/8817,2e-16,Legendary,generative,WizNerdz #8338,,,Standard
4600,9,9/8817,2e-16,Legendary,generative,WizNerdz #4600,,,Standard
8241,10,10/8817,2e-16,Legendary,generative,WizNerdz #8241,,,Standard
4539,11,11/8817,2e-16,Legendary,generative,WizNerdz #4539,,,Standard
1405,12,12/8817,2e-16,Legendary,generative,WizNerdz #1405,,,Standard
3314,13,13/8817,2e-16,Legendary,generative,WizNerdz #3314,,,Standard
4152,14,14/8817,2e-16,Legendary,generative,WizNerdz #4152,,,Standard
1154,15,15/8817,2e-16,Legendary,generative,WizNerdz #1154,,,Standard
276,16,16/8817,2e-16,Legendary,generative,WizNerdz #276,,,Standard
2988,17,17/8817,2e-16,Legendary,generative,WizNerdz #2988,,,Standard
2729,18,18/8817,2e-16,Legendary,generative,WizNerdz #2729,,,Standard
3087,19,19/8817,3e-16,Legendary,generative,WizNerdz #3087,,,Standard
5616,20,20/8817,3e-16,Legendary,generative,WizNerdz #5616,,,Standard
667,21,21/8817,3e-16,Legendary,generative,WizNerdz #667,,,Standard
156,22,22/8817,3e-16,Legendary,generative,WizNerdz #156,,,Standard
5689,23,23/8817,3e-16,Legendary,generative,WizNerdz #5689,,,Standard
3509,24,24/8817,3e-16,Legendary,generative,WizNerdz #3509,,,Standard
6762,25,25/8817,3e-16,Legendary,generative,WizNerdz #6762,,,Standard
2552,26,26/8817,3e-16,Legendary,generative,WizNerdz #2552,,,Standard
5647,27,27/8817,3e-16,Legendary,generative,WizNerdz #5647,,,Standard
891,28,28/8817,3e-16,Legendary,generative,WizNerdz #891,,,Standard
2411,29,29/8817,3e-16,Legendary,generative,WizNerdz #2411,,,Standard
5240,30,30/8817,4e-16,Legendary,generative,WizNerdz #5240,,,Standard
4105,31,31/8817,4e-16,Legendary,generative,WizNerdz #4105,,,Standard
5428,32,32/8817,4e-16,Legendary,generative,WizNerdz #5428,,,Standard
7069,33,33/8817,4e-16,Legendary,generative,WizNerdz #7069,,,Standard
8340,34,34/8817,4e-16,Legendary,generative,WizNerdz #8340,,,Standard
4660,35,35/8817,4e-16,Legendary,generative,WizNerdz #4660,,,Standard
1417,36,36/8817,4e-16,Legendary,generative,WizNerdz #1417,,,Standard
8057,37,37/8817,4e-16,Legendary,generative,WizNerdz #8057,,,Standard
681,38,38/8817,4e-16,Legendary,generative,WizNerdz #681,,,Standard
6054,39,39/8817,4e-16,Legendary,generative,WizNerdz #6054,,,Standard
8562,40,40/8817,4e-16,Legendary,generative,WizNerdz #8562,,,Standard
4837,41,41/8817,4e-16,Legendary,generative,WizNerdz #4837,,,Standard
3156,42,42/8817,5e-16,Legendary,generative,WizNerdz #3156,,,Standard
497,43,43/8817,5e-16,Legendary,generative,WizNerdz #497,,,Standard
7981,44,44/8817,5e-16,Legendary,generative,WizNerdz #7981,,,Standard
462,45,45/8817,5e-16,Legendary,generative,WizNerdz #462,,,Standard
7221,46,46/8817,5e-16,Legendary,generative,WizNerdz #7221,,,Standard
8143,47,47/8817,5e-16,Legendary,generative,WizNerdz #8143,,,Standard
1298,48,48/8817,5e-16,Legendary,generative,WizNerdz #1298,,,Standard
2537,49,49/8817,5e-16,Legendary,generative,WizNerdz #2537,,,Standard
4186,50,50/8817,5e-16,Legendary,generative,WizNerdz #4186,,,Standard
2473,51,51/8817,6e-16,Legendary,generative,WizNerdz #2473,,,Standard
6199,52,52/8817,6e-16,Legendary,generative,WizNerdz #6199,,,Standard
2177,53,53/8817,6e-16,Legendary,generative,WizNerdz #2177,,,Standard
1564,54,54/8817,6e-16,Legendary,generative,WizNerdz #1564,,,Standard
3507,55,55/8817,6e-16,Legendary,generative,WizNerdz #3507,,,Standard
3888,56,56/8817,6e-16,Legendary,generative,WizNerdz #3888,,,Standard
7023,57,57/8817,6e-16,Legendary,generative,WizNerdz #7023,,,Standard
219,58,58/8817,6e-16,Legendary,generative,WizNerdz #219,,,Standard
7445,59,59/8817,6e-16,Legendary,generative,WizNerdz #7445,,,Standard
4936,60,60/8817,6e-16,Legendary,generative,WizNerdz #4936,,,Standard
528,61,61/8817,6e-16,Legendary,generative,WizNerdz #528,,,Standard
8659,62,62/8817,6e-16,Legendary,generative,WizNerdz #8659,,,Standard
1471,63,63/8817,6e-16,Legendary,generative,WizNerdz #1471,,,Standard
2872,64,64/8817,6e-16,Legendary,generative,WizNerdz #2872,,,Standard
7384,65,65/8817,6e-16,Legendary,generative,WizNerdz #7384,,,Standard
2571,66,66/8817,6e-16,Legendary,generative,WizNerdz #2571,,,Standard
8264,67,67/8817,6e-16,Legendary,generative,WizNerdz #8264,,,Standard
774,68,68/8817,6e-16,Legendary,generative,WizNerdz #774,,,Standard
89,69,69/8817,7e-16,Legendary,generative,WizNerdz #89,,,Standard
3929,70,70/8817,7e-16,Legendary,generative,WizNerdz #3929,,,Standard
1587,71,71/8817,7e-16,Legendary,generative,WizNerdz #1587,,,Standard
2632,72,72/8817,7e-16,Legendary,generative,WizNerdz #2632,,,Standard
7750,73,73/8817,7e-16,Legendary,generative,WizNerdz #7750,,,Standard
6480,74,74/8817,7e-16,Legendary,generative,WizNerdz #6480,,,Standard
5997,75,75/8817,7e-16,Legendary,generative,WizNerdz #5997,,,Standard
1142,76,76/8817,7e-16,Legendary,generative,WizNerdz #1142,,,Standard
7804,77,77/8817,7e-16,Legendary,generative,WizNerdz #7804,,,Standard
8162,78,78/8817,7e-16,Legendary,generative,WizNerdz #8162,,,Standard
5011,79,79/8817,7e-16,Legendary,generative,WizNerdz #5011,,,Standard
4078,80,80/8817,7e-16,Legendary,generative,WizNerdz #4078,,,Standard
1105,81,81/8817,7e-16,Legendary,generative,WizNerdz #1105,,,Standard
1300,82,82/8817,7e-16,Legendary,generative,WizNerdz #1300,,,Standard
7324,83,83/8817,8e-16,Legendary,generative,WizNerdz #7324,,,Standard
1720,84,84/8817,8e-16,Legendary,generative,WizNerdz #1720,,,Standard
8073,85,85/8817,8e-16,Legendary,generative,WizNerdz #8073,,,Standard
1314,86,86/8817,8e-16,Legendary,generative,WizNerdz #1314,,,Standard
4554,87,87/8817,8e-16,Legendary,generative,WizNerdz #4554,,,Standard
2024,88,88/8817,8e-16,Legendary,generative,WizNerdz #2024,,,Standard
6829,89,89/8817,8e-16,Epic,generative,WizNerdz #6829,,,Standard
4805,90,90/8817,8e-16,Epic,generative,WizNerdz #4805,,,Standard
8291,91,91/8817,8e-16,Epic,generative,WizNerdz #8291,,,Standard
2650,92,92/8817,9e-16,Epic,generative,WizNerdz #2650,,,Standard
8093,93,93/8817,9e-16,Epic,generative,WizNerdz #8093,,,Standard
2869,94,94/8817,9e-16,Epic,generative,WizNerdz #2869,,,Standard
5586,95,95/8817,9e-16,Epic,generative,WizNerdz #5586,,,Standard
8036,96,96/8817,9e-16,Epic,generative,WizNerdz #8036,,,Standard
3405,97,97/8817,9e-16,Epic,generative,WizNerdz #3405,,,Standard
997,98,98/8817,9e-16,Epic,generative,WizNerdz #997,,,Standard
3259,99,99/8817,9e-16,Epic,generative,WizNerdz #3259,,,Standard
5752,100,100/8817,9e-16,Epic,generative,WizNerdz #5752,,,Standard
8728,101,101/8817,9e-16,Epic,generative,WizNerdz #8728,,,Standard
7302,102,102/8817,9e-16,Epic,generative,WizNerdz #7302,,,Standard
1347,103,103/8817,9e-16,Epic,generative,WizNerdz #1347,,,Standard
3960,104,104/8817,9e-16,Epic,generative,WizNerdz #3960,,,Standard
5392,105,105/8817,9e-16,Epic,generative,WizNerdz #5392,,,Standard
8530,106,106/8817,1e-15,Epic,generative,WizNerdz #8530,,,Standard
1397,107,107/8817,1e-15,Epic,generative,WizNerdz #1397,,,Standard
8170,108,108/8817,1e-15,Epic,generative,WizNerdz #8170,,,Standard
412,109,109/8817,1e-15,Epic,generative,WizNerdz #412,,,Standard
3806,110,110/8817,1e-15,Epic,generative,WizNerdz #3806,,,Standard
3455,111,111/8817,1e-15,Epic,generative,WizNerdz #3455,,,Standard
3913,112,112/8817,1e-15,Epic,generative,WizNerdz #3913,,,Standard
3431,113,113/8817,1e-15,Epic,generative,WizNerdz #3431,,,Standard
786,114,114/8817,1e-15,Epic,generative,WizNerdz #786,,,Standard
3257,115,115/8817,1e-15,Epic,generative,WizNerdz #3257,,,Standard
4165,116,116/8817,1e-15,Epic,generative,WizNerdz #4165,,,Standard
1215,117,117/8817,1e-15,Epic,generative,WizNerdz #1215,,,Standard
218,118,118/8817,1e-15,Epic,generative,WizNerdz #218,,,Standard
3452,119,119/8817,1e-15,Epic,generative,WizNerdz #3452,,,Standard
1198,120,120/8817,1.1e-15,Epic,generative,WizNerdz #1198,,,Standard
7364,121,121/8817,1.1e-15,Epic,generative,WizNerdz #7364,,,Standard
7344,122,122/8817,1.1e-15,Epic,generative,WizNerdz #7344,,,Standard
1551,123,123/8817,1.1e-15,Epic,generative,WizNerdz #1551,,,Standard
2937,124,124/8817,1.1e-15,Epic,generative,WizNerdz #2937,,,Standard
3121,125,125/8817,1.1e-15,Epic,generative,WizNerdz #3121,,,Standard
2157,126,126/8817,1.1e-15,Epic,generative,WizNerdz #2157,,,Standard
986,127,127/8817,1.1e-15,Epic,generative,WizNerdz #986,,,Standard
3354,128,128/8817,1.1e-15,Epic,generative,WizNerdz #3354,,,Standard
8389,129,129/8817,1.1e-15,Epic,generative,WizNerdz #8389,,,Standard
6858,130,130/8817,1.1e-15,Epic,generative,WizNerdz #6858,,,Standard
5434,131,131/8817,1.1e-15,Epic,generative,WizNerdz #5434,,,Standard
3329,132,132/8817,1.1e-15,Epic,generative,WizNerdz #3329,,,Standard
2888,133,133/8817,1.1e-15,Epic,generative,WizNerdz #2888,,,Standard
1644,134,134/8817,1.1e-15,Epic,generative,WizNerdz #1644,,,Standard
2942,135,135/8817,1.1e-15,Epic,generative,WizNerdz #2942,,,Standard
5645,136,136/8817,1.2e-15,Epic,generative,WizNerdz #5645,,,Standard
3577,137,137/8817,1.2e-15,Epic,generative,WizNerdz #3577,,,Standard
8867,138,138/8817,1.2e-15,Epic,generative,WizNerdz #8867,,,Standard
66,139,139/8817,1.2e-15,Epic,generative,WizNerdz #66,,,Standard
3080,140,140/8817,1.2e-15,Epic,generative,WizNerdz #3080,,,Standard
7944,141,141/8817,1.2e-15,Epic,generative,WizNerdz #7944,,,Standard
4272,142,142/8817,1.2e-15,Epic,generative,WizNerdz #4272,,,Standard
5541,143,143/8817,1.2e-15,Epic,generative,WizNerdz #5541,,,Standard
8557,144,144/8817,1.2e-15,Epic,generative,WizNerdz #8557,,,Standard
6522,145,145/8817,1.3e-15,Epic,generative,WizNerdz #6522,,,Standard
5548,146,146/8817,1.3e-15,Epic,generative,WizNerdz #5548,,,Standard
2494,147,147/8817,1.3e-15,Epic,generative,WizNerdz #2494,,,Standard
7262,148,148/8817,1.3e-15,Epic,generative,WizNerdz #7262,,,Standard
2448,149,149/8817,1.3e-15,Epic,generative,WizNerdz #2448,,,Standard
3795,150,150/8817,1.3e-15,Epic,generative,WizNerdz #3795,,,Standard
2472,151,151/8817,1.3e-15,Epic,generative,WizNerdz #2472,,,Standard
7118,152,152/8817,1.3e-15,Epic,generative,WizNerdz #7118,,,Standard
377,153,153/8817,1.3e-15,Epic,generative,WizNerdz #377,,,Standard
6722,154,154/8817,1.3e-15,Epic,generative,WizNerdz #6722,,,Standard
6889,155,155/8817,1.3e-15,Epic,generative,WizNerdz #6889,,,Standard
6652,156,156/8817,1.3e-15,Epic,generative,WizNerdz #6652,,,Standard
1835,157,157/8817,1.3e-15,Epic,generative,WizNerdz #1835,,,Standard
6593,158,158/8817,1.3e-15,Epic,generative,WizNerdz #6593,,,Standard
1884,159,159/8817,1.3e-15,Epic,generative,WizNerdz #1884,,,Standard
4170,160,160/8817,1.3e-15,Epic,generative,WizNerdz #4170,,,Standard
1704,161,161/8817,1.3e-15,Epic,generative,WizNerdz #1704,,,Standard
1558,162,162/8817,1.3e-15,Epic,generative,WizNerdz #1558,,,Standard
7237,163,163/8817,1.4e-15,Epic,generative,WizNerdz #7237,,,Standard
3137,164,164/8817,1.4e-15,Epic,generative,WizNerdz #3137,,,Standard
3318,165,165/8817,1.4e-15,Epic,generative,WizNerdz #3318,,,Standard
5225,166,166/8817,1.4e-15,Epic,generative,WizNerdz #5225,,,Standard
4617,167,167/8817,1.4e-15,Epic,generative,WizNerdz #4617,,,Standard
8171,168,168/8817,1.4e-15,Epic,generative,WizNerdz #8171,,,Standard
965,169,169/8817,1.4e-15,Epic,generative,WizNerdz #965,,,Standard
4738,170,170/8817,1.4e-15,Epic,generative,WizNerdz #4738,,,Standard
6201,171,171/8817,1.4e-15,Epic,generative,WizNerdz #6201,,,Standard
6639,172,172/8817,1.4e-15,Epic,generative,WizNerdz #6639,,,Standard
1861,173,173/8817,1.4e-15,Epic,generative,WizNerdz #1861,,,Standard
549,174,174/8817,1.4e-15,Epic,generative,WizNerdz #549,,,Standard
5365,175,175/8817,1.4e-15,Epic,generative,WizNerdz #5365,,,Standard
6018,176,176/8817,1.5e-15,Epic,generative,WizNerdz #6018,,,Standard
6719,177,177/8817,1.5e-15,Epic,generative,WizNerdz #6719,,,Standard
8318,178,178/8817,1.5e-15,Epic,generative,WizNerdz #8318,,,Standard
7327,179,179/8817,1.5e-15,Epic,generative,WizNerdz #7327,,,Standard
5438,180,180/8817,1.5e-15,Epic,generative,WizNerdz #5438,,,Standard
83,181,181/8817,1.5e-15,Epic,generative,WizNerdz #83,,,Standard
8257,182,182/8817,1.5e-15,Epic,generative,WizNerdz #8257,,,Standard
7038,183,183/8817,1.5e-15,Epic,generative,WizNerdz #7038,,,Standard
2538,184,184/8817,1.5e-15,Epic,generative,WizNerdz #2538,,,Standard
8087,185,185/8817,1.5e-15,Epic,generative,WizNerdz #8087,,,Standard
5883,186,186/8817,1.5e-15,Epic,generative,WizNerdz #5883,,,Standard
7049,187,187/8817,1.5e-15,Epic,generative,WizNerdz #7049,,,Standard
2078,188,188/8817,1.6e-15,Epic,generative,WizNerdz #2078,,,Standard
7958,189,189/8817,1.6e-15,Epic,generative,WizNerdz #7958,,,Standard
4706,190,190/8817,1.6e-15,Epic,generative,WizNerdz #4706,,,Standard
613,191,191/8817,1.6e-15,Epic,generative,WizNerdz #613,,,Standard
4468,192,192/8817,1.6e-15,Epic,generative,WizNerdz #4468,,,Standard
983,193,193/8817,1.6e-15,Epic,generative,WizNerdz #983,,,Standard
6890,194,194/8817,1.6e-15,Epic,generative,WizNerdz #6890,,,Standard
7897,195,195/8817,1.6e-15,Epic,generative,WizNerdz #7897,,,Standard
6597,196,196/8817,1.6e-15,Epic,generative,WizNerdz #6597,,,Standard
1577,197,197/8817,1.6e-15,Epic,generative,WizNerdz #1577,,,Standard
123,198,198/8817,1.6e-15,Epic,generative,WizNerdz #123,,,Standard
3728,199,199/8817,1.6e-15,Epic,generative,WizNerdz #3728,,,Standard
3873,200,200/8817,1.6e-15,Epic,generative,WizNerdz #3873,,,Standard
541,201,201/8817,1.7e-15,Epic,generative,WizNerdz #541,,,Standard
4346,202,202/8817,1.7e-15,Epic,generative,WizNerdz #4346,,,Standard
1896,203,203/8817,1.7e-15,Epic,generative,WizNerdz #1896,,,Standard
393,204,204/8817,1.7e-15,Epic,generative,WizNerdz #393,,,Standard
2731,205,205/8817,1.7e-15,Epic,generative,WizNerdz #2731,,,Standard
3462,206,206/8817,1.7e-15,Epic,generative,WizNerdz #3462,,,Standard
1666,207,207/8817,1.7e-15,Epic,generative,WizNerdz #1666,,,Standard
3082,208,208/8817,1.7e-15,Epic,generative,WizNerdz #3082,,,Standard
7846,209,209/8817,1.7e-15,Epic,generative,WizNerdz #7846,,,Standard
979,210,210/8817,1.7e-15,Epic,generative,WizNerdz #979,,,Standard
1269,211,211/8817,1.7e-15,Epic,generative,WizNerdz #1269,,,Standard
4806,212,212/8817,1.7e-15,Epic,generative,WizNerdz #4806,,,Standard
1054,213,213/8817,1.7e-15,Epic,generative,WizNerdz #1054,,,Standard
5231,214,214/8817,1.7e-15,Epic,generative,WizNerdz #5231,,,Standard
6581,215,215/8817,1.7e-15,Epic,generative,WizNerdz #6581,,,Standard
850,216,216/8817,1.7e-15,Epic,generative,WizNerdz #850,,,Standard
5746,217,217/8817,1.7e-15,Epic,generative,WizNerdz #5746,,,Standard
1055,218,218/8817,1.7e-15,Epic,generative,WizNerdz #1055,,,Standard
397,219,219/8817,1.7e-15,Epic,generative,WizNerdz #397,,,Standard
7000,220,220/8817,1.7e-15,Epic,generative,WizNerdz #7000,,,Standard
4860,221,221/8817,1.8e-15,Epic,generative,WizNerdz #4860,,,Standard
7604,222,222/8817,1.8e-15,Epic,generative,WizNerdz #7604,,,Standard
3739,223,223/8817,1.8e-15,Epic,generative,WizNerdz #3739,,,Standard
7738,224,224/8817,1.8e-15,Epic,generative,WizNerdz #7738,,,Standard
1333,225,225/8817,1.8e-15,Epic,generative,WizNerdz #1333,,,Standard
1549,226,226/8817,1.8e-15,Epic,generative,WizNerdz #1549,,,Standard
7206,227,227/8817,1.8e-15,Epic,generative,WizNerdz #7206,,,Standard
1777,228,228/8817,1.8e-15,Epic,generative,WizNerdz #1777,,,Standard
6824,229,229/8817,1.8e-15,Epic,generative,WizNerdz #6824,,,Standard
3620,230,230/8817,1.8e-15,Epic,generative,WizNerdz #3620,,,Standard
8632,231,231/8817,1.8e-15,Epic,generative,WizNerdz #8632,,,Standard
2248,232,232/8817,1.8e-15,Epic,generative,WizNerdz #2248,,,Standard
5539,233,233/8817,1.8e-15,Epic,generative,WizNerdz #5539,,,Standard
7310,234,234/8817,1.8e-15,Epic,generative,WizNerdz #7310,,,Standard
5867,235,235/8817,1.8e-15,Epic,generative,WizNerdz #5867,,,Standard
2093,236,236/8817,1.8e-15,Epic,generative,WizNerdz #2093,,,Standard
642,237,237/8817,1.8e-15,Epic,generative,WizNerdz #642,,,Standard
3550,238,238/8817,1.8e-15,Epic,generative,WizNerdz #3550,,,Standard
709,239,239/8817,1.9e-15,Epic,generative,WizNerdz #709,,,Standard
7670,240,240/8817,1.9e-15,Epic,generative,WizNerdz #7670,,,Standard
6321,241,241/8817,1.9e-15,Epic,generative,WizNerdz #6321,,,Standard
908,242,242/8817,1.9e-15,Epic,generative,WizNerdz #908,,,Standard
4142,243,243/8817,1.9e-15,Epic,generative,WizNerdz #4142,,,Standard
8431,244,244/8817,1.9e-15,Epic,generative,WizNerdz #8431,,,Standard
1381,245,245/8817,1.9e-15,Epic,generative,WizNerdz #1381,,,Standard
6308,246,246/8817,1.9e-15,Epic,generative,WizNerdz #6308,,,Standard
645,247,247/8817,1.9e-15,Epic,generative,WizNerdz #645,,,Standard
5870,248,248/8817,1.9e-15,Epic,generative,WizNerdz #5870,,,Standard
2001,249,249/8817,1.9e-15,Epic,generative,WizNerdz #2001,,,Standard
3750,250,250/8817,1.9e-15,Epic,generative,WizNerdz #3750,,,Standard
2573,251,251/8817,1.9e-15,Epic,generative,WizNerdz #2573,,,Standard
4364,252,252/8817,1.9e-15,Epic,generative,WizNerdz #4364,,,Standard
1900,253,253/8817,1.9e-15,Epic,generative,WizNerdz #1900,,,Standard
6737,254,254/8817,1.9e-15,Epic,generative,WizNerdz #6737,,,Standard
4553,255,255/8817,1.9e-15,Epic,generative,WizNerdz #4553,,,Standard
71,256,256/8817,2e-15,Epic,generative,WizNerdz #71,,,Standard
8720,257,257/8817,2e-15,Epic,generative,WizNerdz #8720,,,Standard
7910,258,258/8817,2e-15,Epic,generative,WizNerdz #7910,,,Standard
7397,259,259/8817,2e-15,Epic,generative,WizNerdz #7397,,,Standard
2246,260,260/8817,2e-15,Epic,generative,WizNerdz #2246,,,Standard
8288,261,261/8817,2e-15,Epic,generative,WizNerdz #8288,,,Standard
8719,262,262/8817,2e-15,Epic,generative,WizNerdz #8719,,,Standard
1275,263,263/8817,2e-15,Epic,generative,WizNerdz #1275,,,Standard
8668,264,264/8817,2e-15,Epic,generative,WizNerdz #8668,,,Standard
5595,265,265/8817,2e-15,Epic,generative,WizNerdz #5595,,,Standard
5715,266,266/8817,2e-15,Epic,generative,WizNerdz #5715,,,Standard
236,267,267/8817,2e-15,Epic,generative,WizNerdz #236,,,Standard
5696,268,268/8817,2.1e-15,Epic,generative,WizNerdz #5696,,,Standard
7888,269,269/8817,2.1e-15,Epic,generative,WizNerdz #7888,,,Standard
2725,270,270/8817,2.1e-15,Epic,generative,WizNerdz #2725,,,Standard
5030,271,271/8817,2.1e-15,Epic,generative,WizNerdz #5030,,,Standard
1833,272,272/8817,2.1e-15,Epic,generative,WizNerdz #1833,,,Standard
5239,273,273/8817,2.1e-15,Epic,generative,WizNerdz #5239,,,Standard
2568,274,274/8817,2.1e-15,Epic,generative,WizNerdz #2568,,,Standard
2408,275,275/8817,2.1e-15,Epic,generative,WizNerdz #2408,,,Standard
6327,276,276/8817,2.1e-15,Epic,generative,WizNerdz #6327,,,Standard
1073,277,277/8817,2.2e-15,Epic,generative,WizNerdz #1073,,,Standard
7380,278,278/8817,2.2e-15,Epic,generative,WizNerdz #7380,,,Standard
2760,279,279/8817,2.2e-15,Epic,generative,WizNerdz #2760,,,Standard
7151,280,280/8817,2.2e-15,Epic,generative,WizNerdz #7151,,,Standard
4518,281,281/8817,2.2e-15,Epic,generative,WizNerdz #4518,,,Standard
2482,282,282/8817,2.2e-15,Epic,generative,WizNerdz #2482,,,Standard
6066,283,283/8817,2.2e-15,Epic,generative,WizNerdz #6066,,,Standard
919,284,284/8817,2.2e-15,Epic,generative,WizNerdz #919,,,Standard
4237,285,285/8817,2.2e-15,Epic,generative,WizNerdz #4237,,,Standard
1965,286,286/8817,2.2e-15,Epic,generative,WizNerdz #1965,,,Standard
5916,287,287/8817,2.2e-15,Epic,generative,WizNerdz #5916,,,Standard
4049,288,288/8817,2.2e-15,Epic,generative,WizNerdz #4049,,,Standard
6479,289,289/8817,2.2e-15,Epic,generative,WizNerdz #6479,,,Standard
1209,290,290/8817,2.2e-15,Epic,generative,WizNerdz #1209,,,Standard
6859,291,291/8817,2.2e-15,Epic,generative,WizNerdz #6859,,,Standard
2384,292,292/8817,2.2e-15,Epic,generative,WizNerdz #2384,,,Standard
6876,293,293/8817,2.2e-15,Epic,generative,WizNerdz #6876,,,Standard
5882,294,294/8817,2.2e-15,Epic,generative,WizNerdz #5882,,,Standard
708,295,295/8817,2.2e-15,Epic,generative,WizNerdz #708,,,Standard
6781,296,296/8817,2.3e-15,Epic,generative,WizNerdz #6781,,,Standard
8269,297,297/8817,2.3e-15,Epic,generative,WizNerdz #8269,,,Standard
5343,298,298/8817,2.3e-15,Epic,generative,WizNerdz #5343,,,Standard
2983,299,299/8817,2.3e-15,Epic,generative,WizNerdz #2983,,,Standard
3282,300,300/8817,2.3e-15,Epic,generative,WizNerdz #3282,,,Standard
1423,301,301/8817,2.3e-15,Epic,generative,WizNerdz #1423,,,Standard
6672,302,302/8817,2.4e-15,Epic,generative,WizNerdz #6672,,,Standard
3255,303,303/8817,2.4e-15,Epic,generative,WizNerdz #3255,,,Standard
995,304,304/8817,2.4e-15,Epic,generative,WizNerdz #995,,,Standard
8079,305,305/8817,2.4e-15,Epic,generative,WizNerdz #8079,,,Standard
4162,306,306/8817,2.4e-15,Epic,generative,WizNerdz #4162,,,Standard
6085,307,307/8817,2.4e-15,Epic,generative,WizNerdz #6085,,,Standard
6105,308,308/8817,2.4e-15,Epic,generative,WizNerdz #6105,,,Standard
8645,309,309/8817,2.4e-15,Epic,generative,WizNerdz #8645,,,Standard
4000,310,310/8817,2.4e-15,Epic,generative,WizNerdz #4000,,,Standard
5930,311,311/8817,2.4e-15,Epic,generative,WizNerdz #5930,,,Standard
6894,312,312/8817,2.4e-15,Epic,generative,WizNerdz #6894,,,Standard
2271,313,313/8817,2.4e-15,Epic,generative,WizNerdz #2271,,,Standard
8365,314,314/8817,2.5e-15,Epic,generative,WizNerdz #8365,,,Standard
4209,315,315/8817,2.5e-15,Epic,generative,WizNerdz #4209,,,Standard
2547,316,316/8817,2.5e-15,Epic,generative,WizNerdz #2547,,,Standard
6371,317,317/8817,2.5e-15,Epic,generative,WizNerdz #6371,,,Standard
5442,318,318/8817,2.5e-15,Epic,generative,WizNerdz #5442,,,Standard
3083,319,319/8817,2.5e-15,Epic,generative,WizNerdz #3083,,,Standard
8808,320,320/8817,2.5e-15,Epic,generative,WizNerdz #8808,,,Standard
2214,321,321/8817,2.5e-15,Epic,generative,WizNerdz #2214,,,Standard
6805,322,322/8817,2.5e-15,Epic,generative,WizNerdz #6805,,,Standard
4059,323,323/8817,2.5e-15,Epic,generative,WizNerdz #4059,,,Standard
4576,324,324/8817,2.5e-15,Epic,generative,WizNerdz #4576,,,Standard
3822,325,325/8817,2.5e-15,Epic,generative,WizNerdz #3822,,,Standard
4178,326,326/8817,2.5e-15,Epic,generative,WizNerdz #4178,,,Standard
1312,327,327/8817,2.5e-15,Epic,generative,WizNerdz #1312,,,Standard
8282,328,328/8817,2.5e-15,Epic,generative,WizNerdz #8282,,,Standard
7479,329,329/8817,2.5e-15,Epic,generative,WizNerdz #7479,,,Standard
953,330,330/8817,2.6e-15,Epic,generative,WizNerdz #953,,,Standard
389,331,331/8817,2.6e-15,Epic,generative,WizNerdz #389,,,Standard
3974,332,332/8817,2.6e-15,Epic,generative,WizNerdz #3974,,,Standard
3127,333,333/8817,2.6e-15,Epic,generative,WizNerdz #3127,,,Standard
3972,334,334/8817,2.6e-15,Epic,generative,WizNerdz #3972,,,Standard
6193,335,335/8817,2.6e-15,Epic,generative,WizNerdz #6193,,,Standard
2406,336,336/8817,2.6e-15,Epic,generative,WizNerdz #2406,,,Standard
771,337,337/8817,2.6e-15,Epic,generative,WizNerdz #771,,,Standard
7488,338,338/8817,2.6e-15,Epic,generative,WizNerdz #7488,,,Standard
6415,339,339/8817,2.6e-15,Epic,generative,WizNerdz #6415,,,Standard
7631,340,340/8817,2.7e-15,Epic,generative,WizNerdz #7631,,,Standard
1065,341,341/8817,2.7e-15,Epic,generative,WizNerdz #1065,,,Standard
5732,342,342/8817,2.7e-15,Epic,generative,WizNerdz #5732,,,Standard
7816,343,343/8817,2.7e-15,Epic,generative,WizNerdz #7816,,,Standard
1485,344,344/8817,2.7e-15,Epic,generative,WizNerdz #1485,,,Standard
2789,345,345/8817,2.7e-15,Epic,generative,WizNerdz #2789,,,Standard
2796,346,346/8817,2.7e-15,Epic,generative,WizNerdz #2796,,,Standard
4579,347,347/8817,2.7e-15,Epic,generative,WizNerdz #4579,,,Standard
4120,348,348/8817,2.7e-15,Epic,generative,WizNerdz #4120,,,Standard
4383,349,349/8817,2.7e-15,Epic,generative,WizNerdz #4383,,,Standard
7075,350,350/8817,2.7e-15,Epic,generative,WizNerdz #7075,,,Standard
1509,351,351/8817,2.8e-15,Epic,generative,WizNerdz #1509,,,Standard
3755,352,352/8817,2.8e-15,Epic,generative,WizNerdz #3755,,,Standard
4784,353,353/8817,2.8e-15,Epic,generative,WizNerdz #4784,,,Standard
7818,354,354/8817,2.8e-15,Epic,generative,WizNerdz #7818,,,Standard
8286,355,355/8817,2.8e-15,Epic,generative,WizNerdz #8286,,,Standard
4992,356,356/8817,2.8e-15,Epic,generative,WizNerdz #4992,,,Standard
391,357,357/8817,2.8e-15,Epic,generative,WizNerdz #391,,,Standard
6940,358,358/8817,2.8e-15,Epic,generative,WizNerdz #6940,,,Standard
233,359,359/8817,2.8e-15,Epic,generative,WizNerdz #233,,,Standard
1660,360,360/8817,2.8e-15,Epic,generative,WizNerdz #1660,,,Standard
7295,361,361/8817,2.8e-15,Epic,generative,WizNerdz #7295,,,Standard
3110,362,362/8817,2.8e-15,Epic,generative,WizNerdz #3110,,,Standard
7533,363,363/8817,2.8e-15,Epic,generative,WizNerdz #7533,,,Standard
3983,364,364/8817,2.9e-15,Epic,generative,WizNerdz #3983,,,Standard
1767,365,365/8817,2.9e-15,Epic,generative,WizNerdz #1767,,,Standard
7720,366,366/8817,2.9e-15,Epic,generative,WizNerdz #7720,,,Standard
2146,367,367/8817,2.9e-15,Epic,generative,WizNerdz #2146,,,Standard
3310,368,368/8817,2.9e-15,Epic,generative,WizNerdz #3310,,,Standard
7757,369,369/8817,2.9e-15,Epic,generative,WizNerdz #7757,,,Standard
3634,370,370/8817,2.9e-15,Epic,generative,WizNerdz #3634,,,Standard
2712,371,371/8817,2.9e-15,Epic,generative,WizNerdz #2712,,,Standard
633,372,372/8817,2.9e-15,Epic,generative,WizNerdz #633,,,Standard
1911,373,373/8817,3e-15,Epic,generative,WizNerdz #1911,,,Standard
3968,374,374/8817,3e-15,Epic,generative,WizNerdz #3968,,,Standard
8374,375,375/8817,3e-15,Epic,generative,WizNerdz #8374,,,Standard
5421,376,376/8817,3e-15,Epic,generative,WizNerdz #5421,,,Standard
579,377,377/8817,3e-15,Epic,generative,WizNerdz #579,,,Standard
8004,378,378/8817,3e-15,Epic,generative,WizNerdz #8004,,,Standard
4801,379,379/8817,3e-15,Epic,generative,WizNerdz #4801,,,Standard
2114,380,380/8817,3e-15,Epic,generative,WizNerdz #2114,,,Standard
1531,381,381/8817,3e-15,Epic,generative,WizNerdz #1531,,,Standard
2867,382,382/8817,3e-15,Epic,generative,WizNerdz #2867,,,Standard
7200,383,383/8817,3e-15,Epic,generative,WizNerdz #7200,,,Standard
4426,384,384/8817,3e-15,Epic,generative,WizNerdz #4426,,,Standard
1840,385,385/8817,3e-15,Epic,generative,WizNerdz #1840,,,Standard
8801,386,386/8817,3e-15,Epic,generative,WizNerdz #8801,,,Standard
4177,387,387/8817,3e-15,Epic,generative,WizNerdz #4177,,,Standard
2574,388,388/8817,3.1e-15,Epic,generative,WizNerdz #2574,,,Standard
7127,389,389/8817,3.1e-15,Epic,generative,WizNerdz #7127,,,Standard
2998,390,390/8817,3.1e-15,Epic,generative,WizNerdz #2998,,,Standard
1006,391,391/8817,3.1e-15,Epic,generative,WizNerdz #1006,,,Standard
6176,392,392/8817,3.1e-15,Epic,generative,WizNerdz #6176,,,Standard
5784,393,393/8817,3.1e-15,Epic,generative,WizNerdz #5784,,,Standard
26,394,394/8817,3.1e-15,Epic,generative,WizNerdz #26,,,Standard
5515,395,395/8817,3.1e-15,Epic,generative,WizNerdz #5515,,,Standard
666,396,396/8817,3.1e-15,Epic,generative,WizNerdz #666,,,Standard
5077,397,397/8817,3.1e-15,Epic,generative,WizNerdz #5077,,,Standard
6700,398,398/8817,3.1e-15,Epic,generative,WizNerdz #6700,,,Standard
1550,399,399/8817,3.1e-15,Epic,generative,WizNerdz #1550,,,Standard
7088,400,400/8817,3.1e-15,Epic,generative,WizNerdz #7088,,,Standard
8688,401,401/8817,3.1e-15,Epic,generative,WizNerdz #8688,,,Standard
605,402,402/8817,3.1e-15,Epic,generative,WizNerdz #605,,,Standard
7435,403,403/8817,3.1e-15,Epic,generative,WizNerdz #7435,,,Standard
8793,404,404/8817,3.1e-15,Epic,generative,WizNerdz #8793,,,Standard
407,405,405/8817,3.1e-15,Epic,generative,WizNerdz #407,,,Standard
352,406,406/8817,3.2e-15,Epic,generative,WizNerdz #352,,,Standard
2863,407,407/8817,3.2e-15,Epic,generative,WizNerdz #2863,,,Standard
5129,408,408/8817,3.2e-15,Epic,generative,WizNerdz #5129,,,Standard
2877,409,409/8817,3.2e-15,Epic,generative,WizNerdz #2877,,,Standard
1203,410,410/8817,3.2e-15,Epic,generative,WizNerdz #1203,,,Standard
3195,411,411/8817,3.2e-15,Epic,generative,WizNerdz #3195,,,Standard
5906,412,412/8817,3.2e-15,Epic,generative,WizNerdz #5906,,,Standard
6524,413,413/8817,3.2e-15,Epic,generative,WizNerdz #6524,,,Standard
7468,414,414/8817,3.2e-15,Epic,generative,WizNerdz #7468,,,Standard
977,415,415/8817,3.2e-15,Epic,generative,WizNerdz #977,,,Standard
4011,416,416/8817,3.2e-15,Epic,generative,WizNerdz #4011,,,Standard
161,417,417/8817,3.3e-15,Epic,generative,WizNerdz #161,,,Standard
2901,418,418/8817,3.3e-15,Epic,generative,WizNerdz #2901,,,Standard
5596,419,419/8817,3.3e-15,Epic,generative,WizNerdz #5596,,,Standard
1526,420,420/8817,3.3e-15,Epic,generative,WizNerdz #1526,,,Standard
4244,421,421/8817,3.3e-15,Epic,generative,WizNerdz #4244,,,Standard
1357,422,422/8817,3.3e-15,Epic,generative,WizNerdz #1357,,,Standard
5936,423,423/8817,3.3e-15,Epic,generative,WizNerdz #5936,,,Standard
7084,424,424/8817,3.3e-15,Epic,generative,WizNerdz #7084,,,Standard
8213,425,425/8817,3.3e-15,Epic,generative,WizNerdz #8213,,,Standard
7466,426,426/8817,3.3e-15,Epic,generative,WizNerdz #7466,,,Standard
5698,427,427/8817,3.4e-15,Epic,generative,WizNerdz #5698,,,Standard
4828,428,428/8817,3.4e-15,Epic,generative,WizNerdz #4828,,,Standard
8415,429,429/8817,3.4e-15,Epic,generative,WizNerdz #8415,,,Standard
1570,430,430/8817,3.4e-15,Epic,generative,WizNerdz #1570,,,Standard
2920,431,431/8817,3.4e-15,Epic,generative,WizNerdz #2920,,,Standard
3120,432,432/8817,3.4e-15,Epic,generative,WizNerdz #3120,,,Standard
1422,433,433/8817,3.4e-15,Epic,generative,WizNerdz #1422,,,Standard
1869,434,434/8817,3.4e-15,Epic,generative,WizNerdz #1869,,,Standard
1045,435,435/8817,3.4e-15,Epic,generative,WizNerdz #1045,,,Standard
8459,436,436/8817,3.4e-15,Epic,generative,WizNerdz #8459,,,Standard
2107,437,437/8817,3.4e-15,Epic,generative,WizNerdz #2107,,,Standard
1303,438,438/8817,3.4e-15,Epic,generative,WizNerdz #1303,,,Standard
5948,439,439/8817,3.4e-15,Epic,generative,WizNerdz #5948,,,Standard
1752,440,440/8817,3.5e-15,Epic,generative,WizNerdz #1752,,,Standard
8582,441,441/8817,3.5e-15,Rare,generative,WizNerdz #8582,,,Standard
4607,442,442/8817,3.5e-15,Rare,generative,WizNerdz #4607,,,Standard
2588,443,443/8817,3.5e-15,Rare,generative,WizNerdz #2588,,,Standard
7207,444,444/8817,3.5e-15,Rare,generative,WizNerdz #7207,,,Standard
8492,445,445/8817,3.5e-15,Rare,generative,WizNerdz #8492,,,Standard
7020,446,446/8817,3.5e-15,Rare,generative,WizNerdz #7020,,,Standard
6648,447,447/8817,3.5e-15,Rare,generative,WizNerdz #6648,,,Standard
6977,448,448/8817,3.5e-15,Rare,generative,WizNerdz #6977,,,Standard
1481,449,449/8817,3.5e-15,Rare,generative,WizNerdz #1481,,,Standard
2556,450,450/8817,3.5e-15,Rare,generative,WizNerdz #2556,,,Standard
6167,451,451/8817,3.5e-15,Rare,generative,WizNerdz #6167,,,Standard
3095,452,452/8817,3.5e-15,Rare,generative,WizNerdz #3095,,,Standard
830,453,453/8817,3.5e-15,Rare,generative,WizNerdz #830,,,Standard
5300,454,454/8817,3.6e-15,Rare,generative,WizNerdz #5300,,,Standard
8394,455,455/8817,3.6e-15,Rare,generative,WizNerdz #8394,,,Standard
4253,456,456/8817,3.6e-15,Rare,generative,WizNerdz #4253,,,Standard
8556,457,457/8817,3.6e-15,Rare,generative,WizNerdz #8556,,,Standard
8070,458,458/8817,3.6e-15,Rare,generative,WizNerdz #8070,,,Standard
7747,459,459/8817,3.6e-15,Rare,generative,WizNerdz #7747,,,Standard
883,460,460/8817,3.6e-15,Rare,generative,WizNerdz #883,,,Standard
1044,461,461/8817,3.6e-15,Rare,generative,WizNerdz #1044,,,Standard
8310,462,462/8817,3.6e-15,Rare,generative,WizNerdz #8310,,,Standard
4130,463,463/8817,3.6e-15,Rare,generative,WizNerdz #4130,,,Standard
3029,464,464/8817,3.6e-15,Rare,generative,WizNerdz #3029,,,Standard
591,465,465/8817,3.6e-15,Rare,generative,WizNerdz #591,,,Standard
7573,466,466/8817,3.6e-15,Rare,generative,WizNerdz #7573,,,Standard
4204,467,467/8817,3.6e-15,Rare,generative,WizNerdz #4204,,,Standard
7649,468,468/8817,3.7e-15,Rare,generative,WizNerdz #7649,,,Standard
5073,469,469/8817,3.7e-15,Rare,generative,WizNerdz #5073,,,Standard
1842,470,470/8817,3.7e-15,Rare,generative,WizNerdz #1842,,,Standard
8023,471,471/8817,3.7e-15,Rare,generative,WizNerdz #8023,,,Standard
3710,472,472/8817,3.7e-15,Rare,generative,WizNerdz #3710,,,Standard
566,473,473/8817,3.7e-15,Rare,generative,WizNerdz #566,,,Standard
5397,474,474/8817,3.7e-15,Rare,generative,WizNerdz #5397,,,Standard
7147,475,475/8817,3.8e-15,Rare,generative,WizNerdz #7147,,,Standard
3038,476,476/8817,3.8e-15,Rare,generative,WizNerdz #3038,,,Standard
4809,477,477/8817,3.8e-15,Rare,generative,WizNerdz #4809,,,Standard
5405,478,478/8817,3.8e-15,Rare,generative,WizNerdz #5405,,,Standard
5578,479,479/8817,3.8e-15,Rare,generative,WizNerdz #5578,,,Standard
6961,480,480/8817,3.8e-15,Rare,generative,WizNerdz #6961,,,Standard
4851,481,481/8817,3.8e-15,Rare,generative,WizNerdz #4851,,,Standard
2404,482,482/8817,3.8e-15,Rare,generative,WizNerdz #2404,,,Standard
337,483,483/8817,3.8e-15,Rare,generative,WizNerdz #337,,,Standard
5726,484,484/8817,3.8e-15,Rare,generative,WizNerdz #5726,,,Standard
8624,485,485/8817,3.8e-15,Rare,generative,WizNerdz #8624,,,Standard
4702,486,486/8817,3.8e-15,Rare,generative,WizNerdz #4702,,,Standard
4482,487,487/8817,3.9e-15,Rare,generative,WizNerdz #4482,,,Standard
2631,488,488/8817,3.9e-15,Rare,generative,WizNerdz #2631,,,Standard
1973,489,489/8817,3.9e-15,Rare,generative,WizNerdz #1973,,,Standard
4819,490,490/8817,3.9e-15,Rare,generative,WizNerdz #4819,,,Standard
7190,491,491/8817,4e-15,Rare,generative,WizNerdz #7190,,,Standard
3122,492,492/8817,4e-15,Rare,generative,WizNerdz #3122,,,Standard
7761,493,493/8817,4e-15,Rare,generative,WizNerdz #7761,,,Standard
2409,494,494/8817,4e-15,Rare,generative,WizNerdz #2409,,,Standard
7148,495,495/8817,4e-15,Rare,generative,WizNerdz #7148,,,Standard
4930,496,496/8817,4e-15,Rare,generative,WizNerdz #4930,,,Standard
8861,497,497/8817,4e-15,Rare,generative,WizNerdz #8861,,,Standard
7798,498,498/8817,4.1e-15,Rare,generative,WizNerdz #7798,,,Standard
1664,499,499/8817,4.1e-15,Rare,generative,WizNerdz #1664,,,Standard
4368,500,500/8817,4.1e-15,Rare,generative,WizNerdz #4368,,,Standard
3262,501,501/8817,4.1e-15,Rare,generative,WizNerdz #3262,,,Standard
7855,502,502/8817,4.1e-15,Rare,generative,WizNerdz #7855,,,Standard
1472,503,503/8817,4.1e-15,Rare,generative,WizNerdz #1472,,,Standard
7271,504,504/8817,4.1e-15,Rare,generative,WizNerdz #7271,,,Standard
8203,505,505/8817,4.1e-15,Rare,generative,WizNerdz #8203,,,Standard
5400,506,506/8817,4.1e-15,Rare,generative,WizNerdz #5400,,,Standard
4960,507,507/8817,4.1e-15,Rare,generative,WizNerdz #4960,,,Standard
4690,508,508/8817,4.1e-15,Rare,generative,WizNerdz #4690,,,Standard
1823,509,509/8817,4.2e-15,Rare,generative,WizNerdz #1823,,,Standard
3437,510,510/8817,4.2e-15,Rare,generative,WizNerdz #3437,,,Standard
7775,511,511/8817,4.2e-15,Rare,generative,WizNerdz #7775,,,Standard
3073,512,512/8817,4.2e-15,Rare,generative,WizNerdz #3073,,,Standard
7769,513,513/8817,4.2e-15,Rare,generative,WizNerdz #7769,,,Standard
6976,514,514/8817,4.2e-15,Rare,generative,WizNerdz #6976,,,Standard
7309,515,515/8817,4.2e-15,Rare,generative,WizNerdz #7309,,,Standard
4500,516,516/8817,4.2e-15,Rare,generative,WizNerdz #4500,,,Standard
7582,517,517/8817,4.2e-15,Rare,generative,WizNerdz #7582,,,Standard
465,518,518/8817,4.2e-15,Rare,generative,WizNerdz #465,,,Standard
507,519,519/8817,4.2e-15,Rare,generative,WizNerdz #507,,,Standard
65,520,520/8817,4.3e-15,Rare,generative,WizNerdz #65,,,Standard
7448,521,521/8817,4.3e-15,Rare,generative,WizNerdz #7448,,,Standard
6763,522,522/8817,4.3e-15,Rare,generative,WizNerdz #6763,,,Standard
5183,523,523/8817,4.3e-15,Rare,generative,WizNerdz #5183,,,Standard
330,524,524/8817,4.3e-15,Rare,generative,WizNerdz #330,,,Standard
6904,525,525/8817,4.3e-15,Rare,generative,WizNerdz #6904,,,Standard
2265,526,526/8817,4.3e-15,Rare,generative,WizNerdz #2265,,,Standard
8356,527,527/8817,4.3e-15,Rare,generative,WizNerdz #8356,,,Standard
1627,528,528/8817,4.3e-15,Rare,generative,WizNerdz #1627,,,Standard
4215,529,529/8817,4.3e-15,Rare,generative,WizNerdz #4215,,,Standard
1630,530,530/8817,4.4e-15,Rare,generative,WizNerdz #1630,,,Standard
8845,531,531/8817,4.4e-15,Rare,generative,WizNerdz #8845,,,Standard
8393,532,532/8817,4.4e-15,Rare,generative,WizNerdz #8393,,,Standard
8279,533,533/8817,4.4e-15,Rare,generative,WizNerdz #8279,,,Standard
6032,534,534/8817,4.4e-15,Rare,generative,WizNerdz #6032,,,Standard
3939,535,535/8817,4.4e-15,Rare,generative,WizNerdz #3939,,,Standard
5424,536,536/8817,4.4e-15,Rare,generative,WizNerdz #5424,,,Standard
6828,537,537/8817,4.4e-15,Rare,generative,WizNerdz #6828,,,Standard
7668,538,538/8817,4.4e-15,Rare,generative,WizNerdz #7668,,,Standard
1516,539,539/8817,4.4e-15,Rare,generative,WizNerdz #1516,,,Standard
444,540,540/8817,4.4e-15,Rare,generative,WizNerdz #444,,,Standard
2779,541,541/8817,4.4e-15,Rare,generative,WizNerdz #2779,,,Standard
1829,542,542/8817,4.4e-15,Rare,generative,WizNerdz #1829,,,Standard
504,543,543/8817,4.4e-15,Rare,generative,WizNerdz #504,,,Standard
3553,544,544/8817,4.4e-15,Rare,generative,WizNerdz #3553,,,Standard
1628,545,545/8817,4.4e-15,Rare,generative,WizNerdz #1628,,,Standard
2332,546,546/8817,4.4e-15,Rare,generative,WizNerdz #2332,,,Standard
3168,547,547/8817,4.5e-15,Rare,generative,WizNerdz #3168,,,Standard
7548,548,548/8817,4.5e-15,Rare,generative,WizNerdz #7548,,,Standard
6587,549,549/8817,4.5e-15,Rare,generative,WizNerdz #6587,,,Standard
148,550,550/8817,4.5e-15,Rare,generative,WizNerdz #148,,,Standard
2535,551,551/8817,4.5e-15,Rare,generative,WizNerdz #2535,,,Standard
2817,552,552/8817,4.5e-15,Rare,generative,WizNerdz #2817,,,Standard
491,553,553/8817,4.5e-15,Rare,generative,WizNerdz #491,,,Standard
7956,554,554/8817,4.5e-15,Rare,generative,WizNerdz #7956,,,Standard
3512,555,555/8817,4.5e-15,Rare,generative,WizNerdz #3512,,,Standard
1343,556,556/8817,4.5e-15,Rare,generative,WizNerdz #1343,,,Standard
5453,557,557/8817,4.5e-15,Rare,generative,WizNerdz #5453,,,Standard
2173,558,558/8817,4.5e-15,Rare,generative,WizNerdz #2173,,,Standard
5440,559,559/8817,4.6e-15,Rare,generative,WizNerdz #5440,,,Standard
6913,560,560/8817,4.6e-15,Rare,generative,WizNerdz #6913,,,Standard
283,561,561/8817,4.6e-15,Rare,generative,WizNerdz #283,,,Standard
8217,562,562/8817,4.6e-15,Rare,generative,WizNerdz #8217,,,Standard
5695,563,563/8817,4.6e-15,Rare,generative,WizNerdz #5695,,,Standard
5423,564,564/8817,4.6e-15,Rare,generative,WizNerdz #5423,,,Standard
7393,565,565/8817,4.7e-15,Rare,generative,WizNerdz #7393,,,Standard
7799,566,566/8817,4.7e-15,Rare,generative,WizNerdz #7799,,,Standard
2229,567,567/8817,4.7e-15,Rare,generative,WizNerdz #2229,,,Standard
1176,568,568/8817,4.7e-15,Rare,generative,WizNerdz #1176,,,Standard
1359,569,569/8817,4.7e-15,Rare,generative,WizNerdz #1359,,,Standard
2788,570,570/8817,4.7e-15,Rare,generative,WizNerdz #2788,,,Standard
1187,571,571/8817,4.7e-15,Rare,generative,WizNerdz #1187,,,Standard
7735,572,572/8817,4.8e-15,Rare,generative,WizNerdz #7735,,,Standard
1898,573,573/8817,4.8e-15,Rare,generative,WizNerdz #1898,,,Standard
5366,574,574/8817,4.8e-15,Rare,generative,WizNerdz #5366,,,Standard
8649,575,575/8817,4.8e-15,Rare,generative,WizNerdz #8649,,,Standard
8604,576,576/8817,4.8e-15,Rare,generative,WizNerdz #8604,,,Standard
5218,577,577/8817,4.8e-15,Rare,generative,WizNerdz #5218,,,Standard
7889,578,578/8817,4.8e-15,Rare,generative,WizNerdz #7889,,,Standard
7877,579,579/8817,4.8e-15,Rare,generative,WizNerdz #7877,,,Standard
4641,580,580/8817,4.8e-15,Rare,generative,WizNerdz #4641,,,Standard
8880,581,581/8817,4.8e-15,Rare,generative,WizNerdz #8880,,,Standard
1561,582,582/8817,4.8e-15,Rare,generative,WizNerdz #1561,,,Standard
2752,583,583/8817,4.9e-15,Rare,generative,WizNerdz #2752,,,Standard
3680,584,584/8817,4.9e-15,Rare,generative,WizNerdz #3680,,,Standard
5949,585,585/8817,4.9e-15,Rare,generative,WizNerdz #5949,,,Standard
3147,586,586/8817,4.9e-15,Rare,generative,WizNerdz #3147,,,Standard
8631,587,587/8817,4.9e-15,Rare,generative,WizNerdz #8631,,,Standard
7527,588,588/8817,4.9e-15,Rare,generative,WizNerdz #7527,,,Standard
8220,589,589/8817,4.9e-15,Rare,generative,WizNerdz #8220,,,Standard
7311,590,590/8817,4.9e-15,Rare,generative,WizNerdz #7311,,,Standard
6989,591,591/8817,4.9e-15,Rare,generative,WizNerdz #6989,,,Standard
7849,592,592/8817,4.9e-15,Rare,generative,WizNerdz #7849,,,Standard
8368,593,593/8817,4.9e-15,Rare,generative,WizNerdz #8368,,,Standard
7289,594,594/8817,4.9e-15,Rare,generative,WizNerdz #7289,,,Standard
7441,595,595/8817,4.9e-15,Rare,generative,WizNerdz #7441,,,Standard
7028,596,596/8817,4.9e-15,Rare,generative,WizNerdz #7028,,,Standard
6891,597,597/8817,5e-15,Rare,generative,WizNerdz #6891,,,Standard
2414,598,598/8817,5e-15,Rare,generative,WizNerdz #2414,,,Standard
2096,599,599/8817,5e-15,Rare,generative,WizNerdz #2096,,,Standard
7369,600,600/8817,5e-15,Rare,generative,WizNerdz #7369,,,Standard
3298,601,601/8817,5e-15,Rare,generative,WizNerdz #3298,,,Standard
107,602,602/8817,5e-15,Rare,generative,WizNerdz #107,,,Standard
2307,603,603/8817,5e-15,Rare,generative,WizNerdz #2307,,,Standard
6292,604,604/8817,5e-15,Rare,generative,WizNerdz #6292,,,Standard
4446,605,605/8817,5e-15,Rare,generative,WizNerdz #4446,,,Standard
817,606,606/8817,5e-15,Rare,generative,WizNerdz #817,,,Standard
2326,607,607/8817,5e-15,Rare,generative,WizNerdz #2326,,,Standard
6074,608,608/8817,5e-15,Rare,generative,WizNerdz #6074,,,Standard
4900,609,609/8817,5e-15,Rare,generative,WizNerdz #4900,,,Standard
8687,610,610/8817,5e-15,Rare,generative,WizNerdz #8687,,,Standard
5560,611,611/8817,5.1e-15,Rare,generative,WizNerdz #5560,,,Standard
6855,612,612/8817,5.1e-15,Rare,generative,WizNerdz #6855,,,Standard
4775,613,613/8817,5.1e-15,Rare,generative,WizNerdz #4775,,,Standard
6698,614,614/8817,5.1e-15,Rare,generative,WizNerdz #6698,,,Standard
6847,615,615/8817,5.1e-15,Rare,generative,WizNerdz #6847,,,Standard
6585,616,616/8817,5.1e-15,Rare,generative,WizNerdz #6585,,,Standard
1354,617,617/8817,5.1e-15,Rare,generative,WizNerdz #1354,,,Standard
7492,618,618/8817,5.1e-15,Rare,generative,WizNerdz #7492,,,Standard
8852,619,619/8817,5.2e-15,Rare,generative,WizNerdz #8852,,,Standard
114,620,620/8817,5.2e-15,Rare,generative,WizNerdz #114,,,Standard
5608,621,621/8817,5.2e-15,Rare,generative,WizNerdz #5608,,,Standard
7145,622,622/8817,5.2e-15,Rare,generative,WizNerdz #7145,,,Standard
482,623,623/8817,5.2e-15,Rare,generative,WizNerdz #482,,,Standard
966,624,624/8817,5.2e-15,Rare,generative,WizNerdz #966,,,Standard
4845,625,625/8817,5.2e-15,Rare,generative,WizNerdz #4845,,,Standard
116,626,626/8817,5.2e-15,Rare,generative,WizNerdz #116,,,Standard
8118,627,627/8817,5.2e-15,Rare,generative,WizNerdz #8118,,,Standard
2717,628,628/8817,5.2e-15,Rare,generative,WizNerdz #2717,,,Standard
1715,629,629/8817,5.2e-15,Rare,generative,WizNerdz #1715,,,Standard
5897,630,630/8817,5.2e-15,Rare,generative,WizNerdz #5897,,,Standard
6973,631,631/8817,5.2e-15,Rare,generative,WizNerdz #6973,,,Standard
7347,632,632/8817,5.2e-15,Rare,generative,WizNerdz #7347,,,Standard
4935,633,633/8817,5.2e-15,Rare,generative,WizNerdz #4935,,,Standard
1087,634,634/8817,5.2e-15,Rare,generative,WizNerdz #1087,,,Standard
8100,635,635/8817,5.2e-15,Rare,generative,WizNerdz #8100,,,Standard
5669,636,636/8817,5.2e-15,Rare,generative,WizNerdz #5669,,,Standard
3353,637,637/8817,5.2e-15,Rare,generative,WizNerdz #3353,,,Standard
7658,638,638/8817,5.2e-15,Rare,generative,WizNerdz #7658,,,Standard
2317,639,639/8817,5.3e-15,Rare,generative,WizNerdz #2317,,,Standard
828,640,640/8817,5.3e-15,Rare,generative,WizNerdz #828,,,Standard
4199,641,641/8817,5.3e-15,Rare,generative,WizNerdz #4199,,,Standard
4534,642,642/8817,5.3e-15,Rare,generative,WizNerdz #4534,,,Standard
4254,643,643/8817,5.3e-15,Rare,generative,WizNerdz #4254,,,Standard
4871,644,644/8817,5.3e-15,Rare,generative,WizNerdz #4871,,,Standard
3072,645,645/8817,5.3e-15,Rare,generative,WizNerdz #3072,,,Standard
7546,646,646/8817,5.4e-15,Rare,generative,WizNerdz #7546,,,Standard
8019,647,647/8817,5.4e-15,Rare,generative,WizNerdz #8019,,,Standard
2187,648,648/8817,5.4e-15,Rare,generative,WizNerdz #2187,,,Standard
5219,649,649/8817,5.4e-15,Rare,generative,WizNerdz #5219,,,Standard
5508,650,650/8817,5.4e-15,Rare,generative,WizNerdz #5508,,,Standard
3055,651,651/8817,5.4e-15,Rare,generative,WizNerdz #3055,,,Standard
6968,652,652/8817,5.4e-15,Rare,generative,WizNerdz #6968,,,Standard
6031,653,653/8817,5.4e-15,Rare,generative,WizNerdz #6031,,,Standard
3995,654,654/8817,5.4e-15,Rare,generative,WizNerdz #3995,,,Standard
3040,655,655/8817,5.4e-15,Rare,generative,WizNerdz #3040,,,Standard
4467,656,656/8817,5.5e-15,Rare,generative,WizNerdz #4467,,,Standard
6860,657,657/8817,5.5e-15,Rare,generative,WizNerdz #6860,,,Standard
1818,658,658/8817,5.5e-15,Rare,generative,WizNerdz #1818,,,Standard
2304,659,659/8817,5.5e-15,Rare,generative,WizNerdz #2304,,,Standard
748,660,660/8817,5.5e-15,Rare,generative,WizNerdz #748,,,Standard
6879,661,661/8817,5.5e-15,Rare,generative,WizNerdz #6879,,,Standard
1408,662,662/8817,5.5e-15,Rare,generative,WizNerdz #1408,,,Standard
2129,663,663/8817,5.5e-15,Rare,generative,WizNerdz #2129,,,Standard
1796,664,664/8817,5.5e-15,Rare,generative,WizNerdz #1796,,,Standard
1974,665,665/8817,5.5e-15,Rare,generative,WizNerdz #1974,,,Standard
2050,666,666/8817,5.5e-15,Rare,generative,WizNerdz #2050,,,Standard
3302,667,667/8817,5.6e-15,Rare,generative,WizNerdz #3302,,,Standard
8548,668,668/8817,5.6e-15,Rare,generative,WizNerdz #8548,,,Standard
7001,669,669/8817,5.6e-15,Rare,generative,WizNerdz #7001,,,Standard
8722,670,670/8817,5.6e-15,Rare,generative,WizNerdz #8722,,,Standard
778,671,671/8817,5.6e-15,Rare,generative,WizNerdz #778,,,Standard
2878,672,672/8817,5.6e-15,Rare,generative,WizNerdz #2878,,,Standard
3202,673,673/8817,5.6e-15,Rare,generative,WizNerdz #3202,,,Standard
5131,674,674/8817,5.6e-15,Rare,generative,WizNerdz #5131,,,Standard
5768,675,675/8817,5.6e-15,Rare,generative,WizNerdz #5768,,,Standard
505,676,676/8817,5.7e-15,Rare,generative,WizNerdz #505,,,Standard
3200,677,677/8817,5.7e-15,Rare,generative,WizNerdz #3200,,,Standard
1543,678,678/8817,5.7e-15,Rare,generative,WizNerdz #1543,,,Standard
6786,679,679/8817,5.7e-15,Rare,generative,WizNerdz #6786,,,Standard
8137,680,680/8817,5.7e-15,Rare,generative,WizNerdz #8137,,,Standard
1838,681,681/8817,5.7e-15,Rare,generative,WizNerdz #1838,,,Standard
4728,682,682/8817,5.7e-15,Rare,generative,WizNerdz #4728,,,Standard
5900,683,683/8817,5.7e-15,Rare,generative,WizNerdz #5900,,,Standard
1773,684,684/8817,5.8e-15,Rare,generative,WizNerdz #1773,,,Standard
173,685,685/8817,5.8e-15,Rare,generative,WizNerdz #173,,,Standard
3188,686,686/8817,5.8e-15,Rare,generative,WizNerdz #3188,,,Standard
2971,687,687/8817,5.8e-15,Rare,generative,WizNerdz #2971,,,Standard
5727,688,688/8817,5.8e-15,Rare,generative,WizNerdz #5727,,,Standard
7398,689,689/8817,5.8e-15,Rare,generative,WizNerdz #7398,,,Standard
6497,690,690/8817,5.8e-15,Rare,generative,WizNerdz #6497,,,Standard
1659,691,691/8817,5.8e-15,Rare,generative,WizNerdz #1659,,,Standard
5312,692,692/8817,5.8e-15,Rare,generative,WizNerdz #5312,,,Standard
7938,693,693/8817,5.8e-15,Rare,generative,WizNerdz #7938,,,Standard
4390,694,694/8817,5.8e-15,Rare,generative,WizNerdz #4390,,,Standard
285,695,695/8817,5.8e-15,Rare,generative,WizNerdz #285,,,Standard
7781,696,696/8817,5.8e-15,Rare,generative,WizNerdz #7781,,,Standard
3653,697,697/8817,5.9e-15,Rare,generative,WizNerdz #3653,,,Standard
7766,698,698/8817,5.9e-15,Rare,generative,WizNerdz #7766,,,Standard
5130,699,699/8817,5.9e-15,Rare,generative,WizNerdz #5130,,,Standard
3278,700,700/8817,5.9e-15,Rare,generative,WizNerdz #3278,,,Standard
8331,701,701/8817,5.9e-15,Rare,generative,WizNerdz #8331,,,Standard
4023,702,702/8817,5.9e-15,Rare,generative,WizNerdz #4023,,,Standard
8692,703,703/8817,5.9e-15,Rare,generative,WizNerdz #8692,,,Standard
5274,704,704/8817,5.9e-15,Rare,generative,WizNerdz #5274,,,Standard
3258,705,705/8817,5.9e-15,Rare,generative,WizNerdz #3258,,,Standard
687,706,706/8817,5.9e-15,Rare,generative,WizNerdz #687,,,Standard
2429,707,707/8817,5.9e-15,Rare,generative,WizNerdz #2429,,,Standard
8197,708,708/8817,5.9e-15,Rare,generative,WizNerdz #8197,,,Standard
6464,709,709/8817,6e-15,Rare,generative,WizNerdz #6464,,,Standard
7844,710,710/8817,6e-15,Rare,generative,WizNerdz #7844,,,Standard
5362,711,711/8817,6e-15,Rare,generative,WizNerdz #5362,,,Standard
1204,712,712/8817,6e-15,Rare,generative,WizNerdz #1204,,,Standard
8060,713,713/8817,6e-15,Rare,generative,WizNerdz #8060,,,Standard
2392,714,714/8817,6e-15,Rare,generative,WizNerdz #2392,,,Standard
6758,715,715/8817,6e-15,Rare,generative,WizNerdz #6758,,,Standard
3148,716,716/8817,6e-15,Rare,generative,WizNerdz #3148,,,Standard
6512,717,717/8817,6e-15,Rare,generative,WizNerdz #6512,,,Standard
2818,718,718/8817,6e-15,Rare,generative,WizNerdz #2818,,,Standard
5014,719,719/8817,6e-15,Rare,generative,WizNerdz #5014,,,Standard
3623,720,720/8817,6e-15,Rare,generative,WizNerdz #3623,,,Standard
7585,721,721/8817,6.1e-15,Rare,generative,WizNerdz #7585,,,Standard
8169,722,722/8817,6.1e-15,Rare,generative,WizNerdz #8169,,,Standard
2741,723,723/8817,6.1e-15,Rare,generative,WizNerdz #2741,,,Standard
1828,724,724/8817,6.1e-15,Rare,generative,WizNerdz #1828,,,Standard
866,725,725/8817,6.1e-15,Rare,generative,WizNerdz #866,,,Standard
1787,726,726/8817,6.1e-15,Rare,generative,WizNerdz #1787,,,Standard
4156,727,727/8817,6.1e-15,Rare,generative,WizNerdz #4156,,,Standard
1686,728,728/8817,6.1e-15,Rare,generative,WizNerdz #1686,,,Standard
8306,729,729/8817,6.1e-15,Rare,generative,WizNerdz #8306,,,Standard
4717,730,730/8817,6.1e-15,Rare,generative,WizNerdz #4717,,,Standard
1487,731,731/8817,6.1e-15,Rare,generative,WizNerdz #1487,,,Standard
7139,732,732/8817,6.2e-15,Rare,generative,WizNerdz #7139,,,Standard
4567,733,733/8817,6.2e-15,Rare,generative,WizNerdz #4567,,,Standard
5807,734,734/8817,6.2e-15,Rare,generative,WizNerdz #5807,,,Standard
4632,735,735/8817,6.2e-15,Rare,generative,WizNerdz #4632,,,Standard
2567,736,736/8817,6.2e-15,Rare,generative,WizNerdz #2567,,,Standard
2206,737,737/8817,6.2e-15,Rare,generative,WizNerdz #2206,,,Standard
971,738,738/8817,6.3e-15,Rare,generative,WizNerdz #971,,,Standard
3947,739,739/8817,6.3e-15,Rare,generative,WizNerdz #3947,,,Standard
8292,740,740/8817,6.3e-15,Rare,generative,WizNerdz #8292,,,Standard
6386,741,741/8817,6.3e-15,Rare,generative,WizNerdz #6386,,,Standard
8049,742,742/8817,6.3e-15,Rare,generative,WizNerdz #8049,,,Standard
5928,743,743/8817,6.3e-15,Rare,generative,WizNerdz #5928,,,Standard
2345,744,744/8817,6.3e-15,Rare,generative,WizNerdz #2345,,,Standard
7436,745,745/8817,6.3e-15,Rare,generative,WizNerdz #7436,,,Standard
7792,746,746/8817,6.3e-15,Rare,generative,WizNerdz #7792,,,Standard
6732,747,747/8817,6.3e-15,Rare,generative,WizNerdz #6732,,,Standard
203,748,748/8817,6.3e-15,Rare,generative,WizNerdz #203,,,Standard
6141,749,749/8817,6.3e-15,Rare,generative,WizNerdz #6141,,,Standard
3558,750,750/8817,6.4e-15,Rare,generative,WizNerdz #3558,,,Standard
6462,751,751/8817,6.4e-15,Rare,generative,WizNerdz #6462,,,Standard
3502,752,752/8817,6.4e-15,Rare,generative,WizNerdz #3502,,,Standard
1741,753,753/8817,6.4e-15,Rare,generative,WizNerdz #1741,,,Standard
5585,754,754/8817,6.4e-15,Rare,generative,WizNerdz #5585,,,Standard
3923,755,755/8817,6.4e-15,Rare,generative,WizNerdz #3923,,,Standard
2621,756,756/8817,6.4e-15,Rare,generative,WizNerdz #2621,,,Standard
2066,757,757/8817,6.4e-15,Rare,generative,WizNerdz #2066,,,Standard
4484,758,758/8817,6.4e-15,Rare,generative,WizNerdz #4484,,,Standard
7802,759,759/8817,6.5e-15,Rare,generative,WizNerdz #7802,,,Standard
7514,760,760/8817,6.5e-15,Rare,generative,WizNerdz #7514,,,Standard
6680,761,761/8817,6.5e-15,Rare,generative,WizNerdz #6680,,,Standard
742,762,762/8817,6.5e-15,Rare,generative,WizNerdz #742,,,Standard
8487,763,763/8817,6.5e-15,Rare,generative,WizNerdz #8487,,,Standard
2097,764,764/8817,6.5e-15,Rare,generative,WizNerdz #2097,,,Standard
7744,765,765/8817,6.5e-15,Rare,generative,WizNerdz #7744,,,Standard
8412,766,766/8817,6.6e-15,Rare,generative,WizNerdz #8412,,,Standard
8207,767,767/8817,6.6e-15,Rare,generative,WizNerdz #8207,,,Standard
8868,768,768/8817,6.6e-15,Rare,generative,WizNerdz #8868,,,Standard
8489,769,769/8817,6.6e-15,Rare,generative,WizNerdz #8489,,,Standard
8603,770,770/8817,6.6e-15,Rare,generative,WizNerdz #8603,,,Standard
1133,771,771/8817,6.7e-15,Rare,generative,WizNerdz #1133,,,Standard
928,772,772/8817,6.7e-15,Rare,generative,WizNerdz #928,,,Standard
2549,773,773/8817,6.7e-15,Rare,generative,WizNerdz #2549,,,Standard
8134,774,774/8817,6.7e-15,Rare,generative,WizNerdz #8134,,,Standard
5378,775,775/8817,6.7e-15,Rare,generative,WizNerdz #5378,,,Standard
6986,776,776/8817,6.7e-15,Rare,generative,WizNerdz #6986,,,Standard
2451,777,777/8817,6.7e-15,Rare,generative,WizNerdz #2451,,,Standard
4153,778,778/8817,6.7e-15,Rare,generative,WizNerdz #4153,,,Standard
4307,779,779/8817,6.8e-15,Rare,generative,WizNerdz #4307,,,Standard
8858,780,780/8817,6.8e-15,Rare,generative,WizNerdz #8858,,,Standard
8665,781,781/8817,6.8e-15,Rare,generative,WizNerdz #8665,,,Standard
4317,782,782/8817,6.8e-15,Rare,generative,WizNerdz #4317,,,Standard
1377,783,783/8817,6.8e-15,Rare,generative,WizNerdz #1377,,,Standard
3686,784,784/8817,6.8e-15,Rare,generative,WizNerdz #3686,,,Standard
4304,785,785/8817,6.8e-15,Rare,generative,WizNerdz #4304,,,Standard
4905,786,786/8817,6.8e-15,Rare,generative,WizNerdz #4905,,,Standard
3523,787,787/8817,6.8e-15,Rare,generative,WizNerdz #3523,,,Standard
4889,788,788/8817,6.8e-15,Rare,generative,WizNerdz #4889,,,Standard
463,789,789/8817,6.8e-15,Rare,generative,WizNerdz #463,,,Standard
8602,790,790/8817,6.9e-15,Rare,generative,WizNerdz #8602,,,Standard
8726,791,791/8817,6.9e-15,Rare,generative,WizNerdz #8726,,,Standard
6400,792,792/8817,6.9e-15,Rare,generative,WizNerdz #6400,,,Standard
2862,793,793/8817,6.9e-15,Rare,generative,WizNerdz #2862,,,Standard
6183,794,794/8817,6.9e-15,Rare,generative,WizNerdz #6183,,,Standard
1155,795,795/8817,6.9e-15,Rare,generative,WizNerdz #1155,,,Standard
3035,796,796/8817,6.9e-15,Rare,generative,WizNerdz #3035,,,Standard
6281,797,797/8817,6.9e-15,Rare,generative,WizNerdz #6281,,,Standard
6434,798,798/8817,6.9e-15,Rare,generative,WizNerdz #6434,,,Standard
3764,799,799/8817,6.9e-15,Rare,generative,WizNerdz #3764,,,Standard
2263,800,800/8817,6.9e-15,Rare,generative,WizNerdz #2263,,,Standard
5878,801,801/8817,6.9e-15,Rare,generative,WizNerdz #5878,,,Standard
506,802,802/8817,7e-15,Rare,generative,WizNerdz #506,,,Standard
3471,803,803/8817,7e-15,Rare,generative,WizNerdz #3471,,,Standard
871,804,804/8817,7e-15,Rare,generative,WizNerdz #871,,,Standard
3366,805,805/8817,7e-15,Rare,generative,WizNerdz #3366,,,Standard
7357,806,806/8817,7e-15,Rare,generative,WizNerdz #7357,,,Standard
4626,807,807/8817,7e-15,Rare,generative,WizNerdz #4626,,,Standard
8731,808,808/8817,7e-15,Rare,generative,WizNerdz #8731,,,Standard
8648,809,809/8817,7e-15,Rare,generative,WizNerdz #8648,,,Standard
7931,810,810/8817,7.1e-15,Rare,generative,WizNerdz #7931,,,Standard
5590,811,811/8817,7.1e-15,Rare,generative,WizNerdz #5590,,,Standard
2724,812,812/8817,7.1e-15,Rare,generative,WizNerdz #2724,,,Standard
5845,813,813/8817,7.1e-15,Rare,generative,WizNerdz #5845,,,Standard
3118,814,814/8817,7.2e-15,Rare,generative,WizNerdz #3118,,,Standard
2847,815,815/8817,7.2e-15,Rare,generative,WizNerdz #2847,,,Standard
1161,816,816/8817,7.2e-15,Rare,generative,WizNerdz #1161,,,Standard
857,817,817/8817,7.2e-15,Rare,generative,WizNerdz #857,,,Standard
5748,818,818/8817,7.2e-15,Rare,generative,WizNerdz #5748,,,Standard
3030,819,819/8817,7.2e-15,Rare,generative,WizNerdz #3030,,,Standard
194,820,820/8817,7.2e-15,Rare,generative,WizNerdz #194,,,Standard
7976,821,821/8817,7.3e-15,Rare,generative,WizNerdz #7976,,,Standard
1803,822,822/8817,7.3e-15,Rare,generative,WizNerdz #1803,,,Standard
1514,823,823/8817,7.3e-15,Rare,generative,WizNerdz #1514,,,Standard
6692,824,824/8817,7.3e-15,Rare,generative,WizNerdz #6692,,,Standard
585,825,825/8817,7.3e-15,Rare,generative,WizNerdz #585,,,Standard
698,826,826/8817,7.3e-15,Rare,generative,WizNerdz #698,,,Standard
4021,827,827/8817,7.3e-15,Rare,generative,WizNerdz #4021,,,Standard
1895,828,828/8817,7.4e-15,Rare,generative,WizNerdz #1895,,,Standard
6660,829,829/8817,7.4e-15,Rare,generative,WizNerdz #6660,,,Standard
7643,830,830/8817,7.4e-15,Rare,generative,WizNerdz #7643,,,Standard
3420,831,831/8817,7.4e-15,Rare,generative,WizNerdz #3420,,,Standard
542,832,832/8817,7.4e-15,Rare,generative,WizNerdz #542,,,Standard
1983,833,833/8817,7.4e-15,Rare,generative,WizNerdz #1983,,,Standard
4620,834,834/8817,7.5e-15,Rare,generative,WizNerdz #4620,,,Standard
5516,835,835/8817,7.5e-15,Rare,generative,WizNerdz #5516,,,Standard
5387,836,836/8817,7.5e-15,Rare,generative,WizNerdz #5387,,,Standard
2319,837,837/8817,7.5e-15,Rare,generative,WizNerdz #2319,,,Standard
640,838,838/8817,7.5e-15,Rare,generative,WizNerdz #640,,,Standard
2320,839,839/8817,7.6e-15,Rare,generative,WizNerdz #2320,,,Standard
6243,840,840/8817,7.6e-15,Rare,generative,WizNerdz #6243,,,Standard
5987,841,841/8817,7.6e-15,Rare,generative,WizNerdz #5987,,,Standard
8832,842,842/8817,7.6e-15,Rare,generative,WizNerdz #8832,,,Standard
8495,843,843/8817,7.6e-15,Rare,generative,WizNerdz #8495,,,Standard
902,844,844/8817,7.6e-15,Rare,generative,WizNerdz #902,,,Standard
6235,845,845/8817,7.6e-15,Rare,generative,WizNerdz #6235,,,Standard
2681,846,846/8817,7.6e-15,Rare,generative,WizNerdz #2681,,,Standard
3966,847,847/8817,7.6e-15,Rare,generative,WizNerdz #3966,,,Standard
7409,848,848/8817,7.7e-15,Rare,generative,WizNerdz #7409,,,Standard
1239,849,849/8817,7.7e-15,Rare,generative,WizNerdz #1239,,,Standard
3526,850,850/8817,7.7e-15,Rare,generative,WizNerdz #3526,,,Standard
6507,851,851/8817,7.7e-15,Rare,generative,WizNerdz #6507,,,Standard
6139,852,852/8817,7.7e-15,Rare,generative,WizNerdz #6139,,,Standard
353,853,853/8817,7.7e-15,Rare,generative,WizNerdz #353,,,Standard
3946,854,854/8817,7.7e-15,Rare,generative,WizNerdz #3946,,,Standard
8244,855,855/8817,7.8e-15,Rare,generative,WizNerdz #8244,,,Standard
7767,856,856/8817,7.8e-15,Rare,generative,WizNerdz #7767,,,Standard
4980,857,857/8817,7.8e-15,Rare,generative,WizNerdz #4980,,,Standard
6852,858,858/8817,7.8e-15,Rare,generative,WizNerdz #6852,,,Standard
8515,859,859/8817,7.8e-15,Rare,generative,WizNerdz #8515,,,Standard
5451,860,860/8817,7.8e-15,Rare,generative,WizNerdz #5451,,,Standard
5544,861,861/8817,7.8e-15,Rare,generative,WizNerdz #5544,,,Standard
7946,862,862/8817,7.8e-15,Rare,generative,WizNerdz #7946,,,Standard
213,863,863/8817,7.9e-15,Rare,generative,WizNerdz #213,,,Standard
686,864,864/8817,7.9e-15,Rare,generative,WizNerdz #686,,,Standard
7453,865,865/8817,7.9e-15,Rare,generative,WizNerdz #7453,,,Standard
1227,866,866/8817,7.9e-15,Rare,generative,WizNerdz #1227,,,Standard
6191,867,867/8817,7.9e-15,Rare,generative,WizNerdz #6191,,,Standard
1338,868,868/8817,7.9e-15,Rare,generative,WizNerdz #1338,,,Standard
4283,869,869/8817,7.9e-15,Rare,generative,WizNerdz #4283,,,Standard
4084,870,870/8817,7.9e-15,Rare,generative,WizNerdz #4084,,,Standard
7718,871,871/8817,7.9e-15,Rare,generative,WizNerdz #7718,,,Standard
3602,872,872/8817,7.9e-15,Rare,generative,WizNerdz #3602,,,Standard
7013,873,873/8817,8e-15,Rare,generative,WizNerdz #7013,,,Standard
1527,874,874/8817,8e-15,Rare,generative,WizNerdz #1527,,,Standard
3503,875,875/8817,8e-15,Rare,generative,WizNerdz #3503,,,Standard
1220,876,876/8817,8e-15,Rare,generative,WizNerdz #1220,,,Standard
5452,877,877/8817,8e-15,Rare,generative,WizNerdz #5452,,,Standard
143,878,878/8817,8e-15,Rare,generative,WizNerdz #143,,,Standard
4104,879,879/8817,8.1e-15,Rare,generative,WizNerdz #4104,,,Standard
6077,880,880/8817,8.1e-15,Rare,generative,WizNerdz #6077,,,Standard
1351,881,881/8817,8.1e-15,Rare,generative,WizNerdz #1351,,,Standard
5119,882,882/8817,8.2e-15,Rare,generative,WizNerdz #5119,,,Standard
3376,883,883/8817,8.2e-15,Rare,generative,WizNerdz #3376,,,Standard
569,884,884/8817,8.3e-15,Rare,generative,WizNerdz #569,,,Standard
4498,885,885/8817,8.3e-15,Rare,generative,WizNerdz #4498,,,Standard
5553,886,886/8817,8.3e-15,Rare,generative,WizNerdz #5553,,,Standard
5743,887,887/8817,8.3e-15,Rare,generative,WizNerdz #5743,,,Standard
345,888,888/8817,8.3e-15,Rare,generative,WizNerdz #345,,,Standard
7116,889,889/8817,8.3e-15,Rare,generative,WizNerdz #7116,,,Standard
5663,890,890/8817,8.3e-15,Rare,generative,WizNerdz #5663,,,Standard
4037,891,891/8817,8.3e-15,Rare,generative,WizNerdz #4037,,,Standard
3959,892,892/8817,8.3e-15,Rare,generative,WizNerdz #3959,,,Standard
5289,893,893/8817,8.4e-15,Rare,generative,WizNerdz #5289,,,Standard
4698,894,894/8817,8.4e-15,Rare,generative,WizNerdz #4698,,,Standard
5302,895,895/8817,8.4e-15,Rare,generative,WizNerdz #5302,,,Standard
1800,896,896/8817,8.4e-15,Rare,generative,WizNerdz #1800,,,Standard
7211,897,897/8817,8.4e-15,Rare,generative,WizNerdz #7211,,,Standard
2298,898,898/8817,8.4e-15,Rare,generative,WizNerdz #2298,,,Standard
1848,899,899/8817,8.5e-15,Rare,generative,WizNerdz #1848,,,Standard
488,900,900/8817,8.5e-15,Rare,generative,WizNerdz #488,,,Standard
2913,901,901/8817,8.5e-15,Rare,generative,WizNerdz #2913,,,Standard
7101,902,902/8817,8.5e-15,Rare,generative,WizNerdz #7101,,,Standard
773,903,903/8817,8.6e-15,Rare,generative,WizNerdz #773,,,Standard
4262,904,904/8817,8.6e-15,Rare,generative,WizNerdz #4262,,,Standard
3002,905,905/8817,8.6e-15,Rare,generative,WizNerdz #3002,,,Standard
6004,906,906/8817,8.6e-15,Rare,generative,WizNerdz #6004,,,Standard
8709,907,907/8817,8.6e-15,Rare,generative,WizNerdz #8709,,,Standard
6614,908,908/8817,8.6e-15,Rare,generative,WizNerdz #6614,,,Standard
5788,909,909/8817,8.6e-15,Rare,generative,WizNerdz #5788,,,Standard
788,910,910/8817,8.6e-15,Rare,generative,WizNerdz #788,,,Standard
4555,911,911/8817,8.6e-15,Rare,generative,WizNerdz #4555,,,Standard
7824,912,912/8817,8.6e-15,Rare,generative,WizNerdz #7824,,,Standard
1806,913,913/8817,8.7e-15,Rare,generative,WizNerdz #1806,,,Standard
2454,914,914/8817,8.7e-15,Rare,generative,WizNerdz #2454,,,Standard
5356,915,915/8817,8.7e-15,Rare,generative,WizNerdz #5356,,,Standard
6397,916,916/8817,8.7e-15,Rare,generative,WizNerdz #6397,,,Standard
5352,917,917/8817,8.7e-15,Rare,generative,WizNerdz #5352,,,Standard
5055,918,918/8817,8.7e-15,Rare,generative,WizNerdz #5055,,,Standard
5344,919,919/8817,8.7e-15,Rare,generative,WizNerdz #5344,,,Standard
7528,920,920/8817,8.7e-15,Rare,generative,WizNerdz #7528,,,Standard
6406,921,921/8817,8.8e-15,Rare,generative,WizNerdz #6406,,,Standard
7962,922,922/8817,8.8e-15,Rare,generative,WizNerdz #7962,,,Standard
2972,923,923/8817,8.8e-15,Rare,generative,WizNerdz #2972,,,Standard
1185,924,924/8817,8.8e-15,Rare,generative,WizNerdz #1185,,,Standard
1268,925,925/8817,8.8e-15,Rare,generative,WizNerdz #1268,,,Standard
3541,926,926/8817,8.8e-15,Rare,generative,WizNerdz #3541,,,Standard
2112,927,927/8817,8.8e-15,Rare,generative,WizNerdz #2112,,,Standard
4779,928,928/8817,8.8e-15,Rare,generative,WizNerdz #4779,,,Standard
1761,929,929/8817,8.9e-15,Rare,generative,WizNerdz #1761,,,Standard
6885,930,930/8817,8.9e-15,Rare,generative,WizNerdz #6885,,,Standard
4085,931,931/8817,8.9e-15,Rare,generative,WizNerdz #4085,,,Standard
6814,932,932/8817,8.9e-15,Rare,generative,WizNerdz #6814,,,Standard
4393,933,933/8817,9e-15,Rare,generative,WizNerdz #4393,,,Standard
165,934,934/8817,9e-15,Rare,generative,WizNerdz #165,,,Standard
760,935,935/8817,9e-15,Rare,generative,WizNerdz #760,,,Standard
2142,936,936/8817,9e-15,Rare,generative,WizNerdz #2142,,,Standard
7774,937,937/8817,9e-15,Rare,generative,WizNerdz #7774,,,Standard
2659,938,938/8817,9e-15,Rare,generative,WizNerdz #2659,,,Standard
1858,939,939/8817,9e-15,Rare,generative,WizNerdz #1858,,,Standard
3521,940,940/8817,9e-15,Rare,generative,WizNerdz #3521,,,Standard
3629,941,941/8817,9e-15,Rare,generative,WizNerdz #3629,,,Standard
2703,942,942/8817,9e-15,Rare,generative,WizNerdz #2703,,,Standard
8362,943,943/8817,9e-15,Rare,generative,WizNerdz #8362,,,Standard
8384,944,944/8817,9e-15,Rare,generative,WizNerdz #8384,,,Standard
371,945,945/8817,9e-15,Rare,generative,WizNerdz #371,,,Standard
3774,946,946/8817,9e-15,Rare,generative,WizNerdz #3774,,,Standard
3572,947,947/8817,9.1e-15,Rare,generative,WizNerdz #3572,,,Standard
1696,948,948/8817,9.1e-15,Rare,generative,WizNerdz #1696,,,Standard
4959,949,949/8817,9.1e-15,Rare,generative,WizNerdz #4959,,,Standard
2120,950,950/8817,9.1e-15,Rare,generative,WizNerdz #2120,,,Standard
6537,951,951/8817,9.1e-15,Rare,generative,WizNerdz #6537,,,Standard
5542,952,952/8817,9.2e-15,Rare,generative,WizNerdz #5542,,,Standard
5032,953,953/8817,9.2e-15,Rare,generative,WizNerdz #5032,,,Standard
3136,954,954/8817,9.2e-15,Rare,generative,WizNerdz #3136,,,Standard
6884,955,955/8817,9.2e-15,Rare,generative,WizNerdz #6884,,,Standard
1318,956,956/8817,9.2e-15,Rare,generative,WizNerdz #1318,,,Standard
4240,957,957/8817,9.2e-15,Rare,generative,WizNerdz #4240,,,Standard
2809,958,958/8817,9.2e-15,Rare,generative,WizNerdz #2809,,,Standard
8115,959,959/8817,9.2e-15,Rare,generative,WizNerdz #8115,,,Standard
5819,960,960/8817,9.3e-15,Rare,generative,WizNerdz #5819,,,Standard
2075,961,961/8817,9.3e-15,Rare,generative,WizNerdz #2075,,,Standard
6187,962,962/8817,9.3e-15,Rare,generative,WizNerdz #6187,,,Standard
317,963,963/8817,9.3e-15,Rare,generative,WizNerdz #317,,,Standard
3356,964,964/8817,9.4e-15,Rare,generative,WizNerdz #3356,,,Standard
3827,965,965/8817,9.4e-15,Rare,generative,WizNerdz #3827,,,Standard
804,966,966/8817,9.4e-15,Rare,generative,WizNerdz #804,,,Standard
5475,967,967/8817,9.4e-15,Rare,generative,WizNerdz #5475,,,Standard
2953,968,968/8817,9.4e-15,Rare,generative,WizNerdz #2953,,,Standard
2670,969,969/8817,9.4e-15,Rare,generative,WizNerdz #2670,,,Standard
7676,970,970/8817,9.4e-15,Rare,generative,WizNerdz #7676,,,Standard
4147,971,971/8817,9.4e-15,Rare,generative,WizNerdz #4147,,,Standard
7158,972,972/8817,9.4e-15,Rare,generative,WizNerdz #7158,,,Standard
2026,973,973/8817,9.5e-15,Rare,generative,WizNerdz #2026,,,Standard
3530,974,974/8817,9.5e-15,Rare,generative,WizNerdz #3530,,,Standard
4421,975,975/8817,9.5e-15,Rare,generative,WizNerdz #4421,,,Standard
7851,976,976/8817,9.5e-15,Rare,generative,WizNerdz #7851,,,Standard
5909,977,977/8817,9.6e-15,Rare,generative,WizNerdz #5909,,,Standard
8470,978,978/8817,9.6e-15,Rare,generative,WizNerdz #8470,,,Standard
4003,979,979/8817,9.6e-15,Rare,generative,WizNerdz #4003,,,Standard
5318,980,980/8817,9.6e-15,Rare,generative,WizNerdz #5318,,,Standard
554,981,981/8817,9.6e-15,Rare,generative,WizNerdz #554,,,Standard
5276,982,982/8817,9.6e-15,Rare,generative,WizNerdz #5276,,,Standard
4700,983,983/8817,9.6e-15,Rare,generative,WizNerdz #4700,,,Standard
6424,984,984/8817,9.6e-15,Rare,generative,WizNerdz #6424,,,Standard
5911,985,985/8817,9.7e-15,Rare,generative,WizNerdz #5911,,,Standard
7077,986,986/8817,9.7e-15,Rare,generative,WizNerdz #7077,,,Standard
8437,987,987/8817,9.7e-15,Rare,generative,WizNerdz #8437,,,Standard
5267,988,988/8817,9.7e-15,Rare,generative,WizNerdz #5267,,,Standard
2119,989,989/8817,9.7e-15,Rare,generative,WizNerdz #2119,,,Standard
5639,990,990/8817,9.7e-15,Rare,generative,WizNerdz #5639,,,Standard
8113,991,991/8817,9.7e-15,Rare,generative,WizNerdz #8113,,,Standard
5960,992,992/8817,9.7e-15,Rare,generative,WizNerdz #5960,,,Standard
2885,993,993/8817,9.7e-15,Rare,generative,WizNerdz #2885,,,Standard
3815,994,994/8817,9.7e-15,Rare,generative,WizNerdz #3815,,,Standard
46,995,995/8817,9.8e-15,Rare,generative,WizNerdz #46,,,Standard
3982,996,996/8817,9.8e-15,Rare,generative,WizNerdz #3982,,,Standard
8694,997,997/8817,9.8e-15,Rare,generative,WizNerdz #8694,,,Standard
4150,998,998/8817,9.8e-15,Rare,generative,WizNerdz #4150,,,Standard
8206,999,999/8817,9.8e-15,Rare,generative,WizNerdz #8206,,,Standard
485,1000,1000/8817,9.9e-15,Rare,generative,WizNerdz #485,,,Standard
2949,1001,1001/8817,9.9e-15,Rare,generative,WizNerdz #2949,,,Standard
6974,1002,1002/8817,9.9e-15,Rare,generative,WizNerdz #6974,,,Standard
3155,1003,1003/8817,9.9e-15,Rare,generative,WizNerdz #3155,,,Standard
1412,1004,1004/8817,9.9e-15,Rare,generative,WizNerdz #1412,,,Standard
273,1005,1005/8817,9.9e-15,Rare,generative,WizNerdz #273,,,Standard
2079,1006,1006/8817,1e-14,Rare,generative,WizNerdz #2079,,,Standard
8104,1007,1007/8817,1e-14,Rare,generative,WizNerdz #8104,,,Standard
6516,1008,1008/8817,1e-14,Rare,generative,WizNerdz #6516,,,Standard
2234,1009,1009/8817,1e-14,Rare,generative,WizNerdz #2234,,,Standard
5076,1010,1010/8817,1e-14,Rare,generative,WizNerdz #5076,,,Standard
5818,1011,1011/8817,1e-14,Rare,generative,WizNerdz #5818,,,Standard
7010,1012,1012/8817,1e-14,Rare,generative,WizNerdz #7010,,,Standard
8042,1013,1013/8817,1e-14,Rare,generative,WizNerdz #8042,,,Standard
8044,1014,1014/8817,1e-14,Rare,generative,WizNerdz #8044,,,Standard
8840,1015,1015/8817,1e-14,Rare,generative,WizNerdz #8840,,,Standard
6111,1016,1016/8817,1.01e-14,Rare,generative,WizNerdz #6111,,,Standard
6816,1017,1017/8817,1.01e-14,Rare,generative,WizNerdz #6816,,,Standard
3292,1018,1018/8817,1.01e-14,Rare,generative,WizNerdz #3292,,,Standard
3404,1019,1019/8817,1.01e-14,Rare,generative,WizNerdz #3404,,,Standard
3551,1020,1020/8817,1.01e-14,Rare,generative,WizNerdz #3551,,,Standard
5036,1021,1021/8817,1.01e-14,Rare,generative,WizNerdz #5036,,,Standard
378,1022,1022/8817,1.01e-14,Rare,generative,WizNerdz #378,,,Standard
1134,1023,1023/8817,1.01e-14,Rare,generative,WizNerdz #1134,,,Standard
214,1024,1024/8817,1.01e-14,Rare,generative,WizNerdz #214,,,Standard
4497,1025,1025/8817,1.01e-14,Rare,generative,WizNerdz #4497,,,Standard
4740,1026,1026/8817,1.01e-14,Rare,generative,WizNerdz #4740,,,Standard
5545,1027,1027/8817,1.01e-14,Rare,generative,WizNerdz #5545,,,Standard
3456,1028,1028/8817,1.01e-14,Rare,generative,WizNerdz #3456,,,Standard
4877,1029,1029/8817,1.01e-14,Rare,generative,WizNerdz #4877,,,Standard
1699,1030,1030/8817,1.02e-14,Rare,generative,WizNerdz #1699,,,Standard
7093,1031,1031/8817,1.03e-14,Rare,generative,WizNerdz #7093,,,Standard
4382,1032,1032/8817,1.04e-14,Rare,generative,WizNerdz #4382,,,Standard
5237,1033,1033/8817,1.04e-14,Rare,generative,WizNerdz #5237,,,Standard
7919,1034,1034/8817,1.04e-14,Rare,generative,WizNerdz #7919,,,Standard
3861,1035,1035/8817,1.04e-14,Rare,generative,WizNerdz #3861,,,Standard
1776,1036,1036/8817,1.04e-14,Rare,generative,WizNerdz #1776,,,Standard
1786,1037,1037/8817,1.04e-14,Rare,generative,WizNerdz #1786,,,Standard
5598,1038,1038/8817,1.04e-14,Rare,generative,WizNerdz #5598,,,Standard
2100,1039,1039/8817,1.04e-14,Rare,generative,WizNerdz #2100,,,Standard
2080,1040,1040/8817,1.05e-14,Rare,generative,WizNerdz #2080,,,Standard
7680,1041,1041/8817,1.05e-14,Rare,generative,WizNerdz #7680,,,Standard
3505,1042,1042/8817,1.05e-14,Rare,generative,WizNerdz #3505,,,Standard
7054,1043,1043/8817,1.05e-14,Rare,generative,WizNerdz #7054,,,Standard
3343,1044,1044/8817,1.06e-14,Rare,generative,WizNerdz #3343,,,Standard
3707,1045,1045/8817,1.06e-14,Rare,generative,WizNerdz #3707,,,Standard
6744,1046,1046/8817,1.06e-14,Rare,generative,WizNerdz #6744,,,Standard
2424,1047,1047/8817,1.06e-14,Rare,generative,WizNerdz #2424,,,Standard
5374,1048,1048/8817,1.07e-14,Rare,generative,WizNerdz #5374,,,Standard
1607,1049,1049/8817,1.07e-14,Rare,generative,WizNerdz #1607,,,Standard
6220,1050,1050/8817,1.07e-14,Rare,generative,WizNerdz #6220,,,Standard
4694,1051,1051/8817,1.07e-14,Rare,generative,WizNerdz #4694,,,Standard
7052,1052,1052/8817,1.07e-14,Rare,generative,WizNerdz #7052,,,Standard
133,1053,1053/8817,1.07e-14,Rare,generative,WizNerdz #133,,,Standard
2400,1054,1054/8817,1.07e-14,Rare,generative,WizNerdz #2400,,,Standard
8085,1055,1055/8817,1.07e-14,Rare,generative,WizNerdz #8085,,,Standard
3183,1056,1056/8817,1.08e-14,Rare,generative,WizNerdz #3183,,,Standard
7076,1057,1057/8817,1.08e-14,Rare,generative,WizNerdz #7076,,,Standard
3426,1058,1058/8817,1.08e-14,Rare,generative,WizNerdz #3426,,,Standard
4855,1059,1059/8817,1.08e-14,Rare,generative,WizNerdz #4855,,,Standard
5651,1060,1060/8817,1.08e-14,Rare,generative,WizNerdz #5651,,,Standard
550,1061,1061/8817,1.08e-14,Rare,generative,WizNerdz #550,,,Standard
3243,1062,1062/8817,1.08e-14,Rare,generative,WizNerdz #3243,,,Standard
3954,1063,1063/8817,1.08e-14,Rare,generative,WizNerdz #3954,,,Standard
6591,1064,1064/8817,1.08e-14,Rare,generative,WizNerdz #6591,,,Standard
360,1065,1065/8817,1.09e-14,Rare,generative,WizNerdz #360,,,Standard
2636,1066,1066/8817,1.09e-14,Rare,generative,WizNerdz #2636,,,Standard
5335,1067,1067/8817,1.09e-14,Rare,generative,WizNerdz #5335,,,Standard
4994,1068,1068/8817,1.09e-14,Rare,generative,WizNerdz #4994,,,Standard
7568,1069,1069/8817,1.1e-14,Rare,generative,WizNerdz #7568,,,Standard
1443,1070,1070/8817,1.1e-14,Rare,generative,WizNerdz #1443,,,Standard
7512,1071,1071/8817,1.1e-14,Rare,generative,WizNerdz #7512,,,Standard
6990,1072,1072/8817,1.1e-14,Rare,generative,WizNerdz #6990,,,Standard
364,1073,1073/8817,1.11e-14,Rare,generative,WizNerdz #364,,,Standard
111,1074,1074/8817,1.11e-14,Rare,generative,WizNerdz #111,,,Standard
2897,1075,1075/8817,1.11e-14,Rare,generative,WizNerdz #2897,,,Standard
515,1076,1076/8817,1.12e-14,Rare,generative,WizNerdz #515,,,Standard
1557,1077,1077/8817,1.12e-14,Rare,generative,WizNerdz #1557,,,Standard
3370,1078,1078/8817,1.12e-14,Rare,generative,WizNerdz #3370,,,Standard
304,1079,1079/8817,1.12e-14,Rare,generative,WizNerdz #304,,,Standard
4026,1080,1080/8817,1.12e-14,Rare,generative,WizNerdz #4026,,,Standard
291,1081,1081/8817,1.13e-14,Rare,generative,WizNerdz #291,,,Standard
7826,1082,1082/8817,1.13e-14,Rare,generative,WizNerdz #7826,,,Standard
7918,1083,1083/8817,1.13e-14,Rare,generative,WizNerdz #7918,,,Standard
6357,1084,1084/8817,1.13e-14,Rare,generative,WizNerdz #6357,,,Standard
3454,1085,1085/8817,1.13e-14,Rare,generative,WizNerdz #3454,,,Standard
3624,1086,1086/8817,1.13e-14,Rare,generative,WizNerdz #3624,,,Standard
7294,1087,1087/8817,1.13e-14,Rare,generative,WizNerdz #7294,,,Standard
8646,1088,1088/8817,1.14e-14,Rare,generative,WizNerdz #8646,,,Standard
1928,1089,1089/8817,1.14e-14,Rare,generative,WizNerdz #1928,,,Standard
3832,1090,1090/8817,1.14e-14,Rare,generative,WizNerdz #3832,,,Standard
7789,1091,1091/8817,1.14e-14,Rare,generative,WizNerdz #7789,,,Standard
4431,1092,1092/8817,1.14e-14,Rare,generative,WizNerdz #4431,,,Standard
586,1093,1093/8817,1.15e-14,Rare,generative,WizNerdz #586,,,Standard
6602,1094,1094/8817,1.15e-14,Rare,generative,WizNerdz #6602,,,Standard
3528,1095,1095/8817,1.15e-14,Rare,generative,WizNerdz #3528,,,Standard
5962,1096,1096/8817,1.15e-14,Rare,generative,WizNerdz #5962,,,Standard
6012,1097,1097/8817,1.16e-14,Rare,generative,WizNerdz #6012,,,Standard
941,1098,1098/8817,1.16e-14,Rare,generative,WizNerdz #941,,,Standard
3535,1099,1099/8817,1.16e-14,Rare,generative,WizNerdz #3535,,,Standard
7419,1100,1100/8817,1.16e-14,Rare,generative,WizNerdz #7419,,,Standard
6166,1101,1101/8817,1.16e-14,Rare,generative,WizNerdz #6166,,,Standard
7182,1102,1102/8817,1.16e-14,Rare,generative,WizNerdz #7182,,,Standard
8089,1103,1103/8817,1.16e-14,Rare,generative,WizNerdz #8089,,,Standard
3445,1104,1104/8817,1.17e-14,Rare,generative,WizNerdz #3445,,,Standard
8138,1105,1105/8817,1.17e-14,Rare,generative,WizNerdz #8138,,,Standard
6567,1106,1106/8817,1.17e-14,Rare,generative,WizNerdz #6567,,,Standard
2223,1107,1107/8817,1.18e-14,Rare,generative,WizNerdz #2223,,,Standard
6520,1108,1108/8817,1.18e-14,Rare,generative,WizNerdz #6520,,,Standard
3667,1109,1109/8817,1.18e-14,Rare,generative,WizNerdz #3667,,,Standard
1401,1110,1110/8817,1.18e-14,Rare,generative,WizNerdz #1401,,,Standard
4786,1111,1111/8817,1.19e-14,Rare,generative,WizNerdz #4786,,,Standard
8643,1112,1112/8817,1.19e-14,Rare,generative,WizNerdz #8643,,,Standard
5016,1113,1113/8817,1.19e-14,Rare,generative,WizNerdz #5016,,,Standard
3074,1114,1114/8817,1.19e-14,Rare,generative,WizNerdz #3074,,,Standard
193,1115,1115/8817,1.19e-14,Rare,generative,WizNerdz #193,,,Standard
6265,1116,1116/8817,1.2e-14,Rare,generative,WizNerdz #6265,,,Standard
8364,1117,1117/8817,1.2e-14,Rare,generative,WizNerdz #8364,,,Standard
5124,1118,1118/8817,1.2e-14,Rare,generative,WizNerdz #5124,,,Standard
8681,1119,1119/8817,1.2e-14,Rare,generative,WizNerdz #8681,,,Standard
2806,1120,1120/8817,1.2e-14,Rare,generative,WizNerdz #2806,,,Standard
5089,1121,1121/8817,1.2e-14,Rare,generative,WizNerdz #5089,,,Standard
2763,1122,1122/8817,1.2e-14,Rare,generative,WizNerdz #2763,,,Standard
2045,1123,1123/8817,1.2e-14,Rare,generative,WizNerdz #2045,,,Standard
2777,1124,1124/8817,1.2e-14,Rare,generative,WizNerdz #2777,,,Standard
1102,1125,1125/8817,1.2e-14,Rare,generative,WizNerdz #1102,,,Standard
7967,1126,1126/8817,1.2e-14,Rare,generative,WizNerdz #7967,,,Standard
1418,1127,1127/8817,1.21e-14,Rare,generative,WizNerdz #1418,,,Standard
4602,1128,1128/8817,1.21e-14,Rare,generative,WizNerdz #4602,,,Standard
834,1129,1129/8817,1.21e-14,Rare,generative,WizNerdz #834,,,Standard
710,1130,1130/8817,1.21e-14,Rare,generative,WizNerdz #710,,,Standard
2732,1131,1131/8817,1.21e-14,Rare,generative,WizNerdz #2732,,,Standard
6007,1132,1132/8817,1.21e-14,Rare,generative,WizNerdz #6007,,,Standard
4419,1133,1133/8817,1.21e-14,Rare,generative,WizNerdz #4419,,,Standard
5037,1134,1134/8817,1.22e-14,Rare,generative,WizNerdz #5037,,,Standard
7432,1135,1135/8817,1.22e-14,Rare,generative,WizNerdz #7432,,,Standard
5509,1136,1136/8817,1.22e-14,Rare,generative,WizNerdz #5509,,,Standard
8732,1137,1137/8817,1.22e-14,Rare,generative,WizNerdz #8732,,,Standard
2963,1138,1138/8817,1.22e-14,Rare,generative,WizNerdz #2963,,,Standard
1437,1139,1139/8817,1.22e-14,Rare,generative,WizNerdz #1437,,,Standard
1214,1140,1140/8817,1.23e-14,Rare,generative,WizNerdz #1214,,,Standard
2645,1141,1141/8817,1.23e-14,Rare,generative,WizNerdz #2645,,,Standard
5750,1142,1142/8817,1.23e-14,Rare,generative,WizNerdz #5750,,,Standard
6134,1143,1143/8817,1.24e-14,Rare,generative,WizNerdz #6134,,,Standard
2010,1144,1144/8817,1.24e-14,Rare,generative,WizNerdz #2010,,,Standard
6302,1145,1145/8817,1.24e-14,Rare,generative,WizNerdz #6302,,,Standard
4942,1146,1146/8817,1.25e-14,Rare,generative,WizNerdz #4942,,,Standard
3190,1147,1147/8817,1.25e-14,Rare,generative,WizNerdz #3190,,,Standard
2694,1148,1148/8817,1.25e-14,Rare,generative,WizNerdz #2694,,,Standard
1718,1149,1149/8817,1.25e-14,Rare,generative,WizNerdz #1718,,,Standard
6633,1150,1150/8817,1.25e-14,Rare,generative,WizNerdz #6633,,,Standard
4045,1151,1151/8817,1.26e-14,Rare,generative,WizNerdz #4045,,,Standard
7575,1152,1152/8817,1.26e-14,Rare,generative,WizNerdz #7575,,,Standard
4987,1153,1153/8817,1.27e-14,Rare,generative,WizNerdz #4987,,,Standard
6833,1154,1154/8817,1.27e-14,Rare,generative,WizNerdz #6833,,,Standard
257,1155,1155/8817,1.27e-14,Rare,generative,WizNerdz #257,,,Standard
1765,1156,1156/8817,1.27e-14,Rare,generative,WizNerdz #1765,,,Standard
685,1157,1157/8817,1.28e-14,Rare,generative,WizNerdz #685,,,Standard
5019,1158,1158/8817,1.28e-14,Rare,generative,WizNerdz #5019,,,Standard
4946,1159,1159/8817,1.28e-14,Rare,generative,WizNerdz #4946,,,Standard
5227,1160,1160/8817,1.29e-14,Rare,generative,WizNerdz #5227,,,Standard
4978,1161,1161/8817,1.29e-14,Rare,generative,WizNerdz #4978,,,Standard
4349,1162,1162/8817,1.29e-14,Rare,generative,WizNerdz #4349,,,Standard
7350,1163,1163/8817,1.3e-14,Rare,generative,WizNerdz #7350,,,Standard
6654,1164,1164/8817,1.3e-14,Rare,generative,WizNerdz #6654,,,Standard
4312,1165,1165/8817,1.3e-14,Rare,generative,WizNerdz #4312,,,Standard
1668,1166,1166/8817,1.3e-14,Rare,generative,WizNerdz #1668,,,Standard
8531,1167,1167/8817,1.3e-14,Rare,generative,WizNerdz #8531,,,Standard
1421,1168,1168/8817,1.3e-14,Rare,generative,WizNerdz #1421,,,Standard
1873,1169,1169/8817,1.3e-14,Rare,generative,WizNerdz #1873,,,Standard
5782,1170,1170/8817,1.3e-14,Rare,generative,WizNerdz #5782,,,Standard
8397,1171,1171/8817,1.31e-14,Rare,generative,WizNerdz #8397,,,Standard
4220,1172,1172/8817,1.31e-14,Rare,generative,WizNerdz #4220,,,Standard
3990,1173,1173/8817,1.31e-14,Rare,generative,WizNerdz #3990,,,Standard
854,1174,1174/8817,1.31e-14,Rare,generative,WizNerdz #854,,,Standard
8639,1175,1175/8817,1.31e-14,Rare,generative,WizNerdz #8639,,,Standard
957,1176,1176/8817,1.31e-14,Rare,generative,WizNerdz #957,,,Standard
1857,1177,1177/8817,1.32e-14,Rare,generative,WizNerdz #1857,,,Standard
234,1178,1178/8817,1.32e-14,Rare,generative,WizNerdz #234,,,Standard
2700,1179,1179/8817,1.32e-14,Rare,generative,WizNerdz #2700,,,Standard
5493,1180,1180/8817,1.32e-14,Rare,generative,WizNerdz #5493,,,Standard
7471,1181,1181/8817,1.32e-14,Rare,generative,WizNerdz #7471,,,Standard
1169,1182,1182/8817,1.32e-14,Rare,generative,WizNerdz #1169,,,Standard
136,1183,1183/8817,1.32e-14,Rare,generative,WizNerdz #136,,,Standard
4101,1184,1184/8817,1.32e-14,Rare,generative,WizNerdz #4101,,,Standard
4983,1185,1185/8817,1.32e-14,Rare,generative,WizNerdz #4983,,,Standard
7235,1186,1186/8817,1.32e-14,Rare,generative,WizNerdz #7235,,,Standard
5945,1187,1187/8817,1.33e-14,Rare,generative,WizNerdz #5945,,,Standard
5172,1188,1188/8817,1.34e-14,Rare,generative,WizNerdz #5172,,,Standard
2951,1189,1189/8817,1.34e-14,Rare,generative,WizNerdz #2951,,,Standard
6676,1190,1190/8817,1.35e-14,Rare,generative,WizNerdz #6676,,,Standard
5741,1191,1191/8817,1.35e-14,Rare,generative,WizNerdz #5741,,,Standard
8647,1192,1192/8817,1.35e-14,Rare,generative,WizNerdz #8647,,,Standard
679,1193,1193/8817,1.35e-14,Rare,generative,WizNerdz #679,,,Standard
2570,1194,1194/8817,1.35e-14,Rare,generative,WizNerdz #2570,,,Standard
4913,1195,1195/8817,1.36e-14,Rare,generative,WizNerdz #4913,,,Standard
7373,1196,1196/8817,1.36e-14,Rare,generative,WizNerdz #7373,,,Standard
1228,1197,1197/8817,1.36e-14,Rare,generative,WizNerdz #1228,,,Standard
8084,1198,1198/8817,1.36e-14,Rare,generative,WizNerdz #8084,,,Standard
3303,1199,1199/8817,1.36e-14,Rare,generative,WizNerdz #3303,,,Standard
1409,1200,1200/8817,1.36e-14,Rare,generative,WizNerdz #1409,,,Standard
7563,1201,1201/8817,1.37e-14,Rare,generative,WizNerdz #7563,,,Standard
7810,1202,1202/8817,1.37e-14,Rare,generative,WizNerdz #7810,,,Standard
6223,1203,1203/8817,1.37e-14,Rare,generative,WizNerdz #6223,,,Standard
8883,1204,1204/8817,1.37e-14,Rare,generative,WizNerdz #8883,,,Standard
6869,1205,1205/8817,1.37e-14,Rare,generative,WizNerdz #6869,,,Standard
5502,1206,1206/8817,1.37e-14,Rare,generative,WizNerdz #5502,,,Standard
2715,1207,1207/8817,1.37e-14,Rare,generative,WizNerdz #2715,,,Standard
4631,1208,1208/8817,1.37e-14,Rare,generative,WizNerdz #4631,,,Standard
4974,1209,1209/8817,1.37e-14,Rare,generative,WizNerdz #4974,,,Standard
2483,1210,1210/8817,1.37e-14,Rare,generative,WizNerdz #2483,,,Standard
334,1211,1211/8817,1.37e-14,Rare,generative,WizNerdz #334,,,Standard
3044,1212,1212/8817,1.38e-14,Rare,generative,WizNerdz #3044,,,Standard
3931,1213,1213/8817,1.38e-14,Rare,generative,WizNerdz #3931,,,Standard
4733,1214,1214/8817,1.38e-14,Rare,generative,WizNerdz #4733,,,Standard
1637,1215,1215/8817,1.38e-14,Rare,generative,WizNerdz #1637,,,Standard
3460,1216,1216/8817,1.38e-14,Rare,generative,WizNerdz #3460,,,Standard
4440,1217,1217/8817,1.38e-14,Rare,generative,WizNerdz #4440,,,Standard
1675,1218,1218/8817,1.39e-14,Rare,generative,WizNerdz #1675,,,Standard
7244,1219,1219/8817,1.39e-14,Rare,generative,WizNerdz #7244,,,Standard
6925,1220,1220/8817,1.39e-14,Rare,generative,WizNerdz #6925,,,Standard
1904,1221,1221/8817,1.39e-14,Rare,generative,WizNerdz #1904,,,Standard
1688,1222,1222/8817,1.39e-14,Rare,generative,WizNerdz #1688,,,Standard
2006,1223,1223/8817,1.39e-14,Rare,generative,WizNerdz #2006,,,Standard
1445,1224,1224/8817,1.39e-14,Rare,generative,WizNerdz #1445,,,Standard
7905,1225,1225/8817,1.4e-14,Rare,generative,WizNerdz #7905,,,Standard
5084,1226,1226/8817,1.4e-14,Rare,generative,WizNerdz #5084,,,Standard
8003,1227,1227/8817,1.4e-14,Rare,generative,WizNerdz #8003,,,Standard
7917,1228,1228/8817,1.4e-14,Rare,generative,WizNerdz #7917,,,Standard
2126,1229,1229/8817,1.41e-14,Rare,generative,WizNerdz #2126,,,Standard
8225,1230,1230/8817,1.41e-14,Rare,generative,WizNerdz #8225,,,Standard
2749,1231,1231/8817,1.41e-14,Rare,generative,WizNerdz #2749,,,Standard
1945,1232,1232/8817,1.42e-14,Rare,generative,WizNerdz #1945,,,Standard
7062,1233,1233/8817,1.42e-14,Rare,generative,WizNerdz #7062,,,Standard
663,1234,1234/8817,1.42e-14,Rare,generative,WizNerdz #663,,,Standard
4934,1235,1235/8817,1.43e-14,Rare,generative,WizNerdz #4934,,,Standard
6426,1236,1236/8817,1.43e-14,Rare,generative,WizNerdz #6426,,,Standard
5605,1237,1237/8817,1.43e-14,Rare,generative,WizNerdz #5605,,,Standard
6210,1238,1238/8817,1.43e-14,Rare,generative,WizNerdz #6210,,,Standard
5474,1239,1239/8817,1.44e-14,Rare,generative,WizNerdz #5474,,,Standard
954,1240,1240/8817,1.44e-14,Rare,generative,WizNerdz #954,,,Standard
4144,1241,1241/8817,1.44e-14,Rare,generative,WizNerdz #4144,,,Standard
3849,1242,1242/8817,1.44e-14,Rare,generative,WizNerdz #3849,,,Standard
1327,1243,1243/8817,1.44e-14,Rare,generative,WizNerdz #1327,,,Standard
6978,1244,1244/8817,1.45e-14,Rare,generative,WizNerdz #6978,,,Standard
5535,1245,1245/8817,1.45e-14,Rare,generative,WizNerdz #5535,,,Standard
833,1246,1246/8817,1.45e-14,Rare,generative,WizNerdz #833,,,Standard
2457,1247,1247/8817,1.45e-14,Rare,generative,WizNerdz #2457,,,Standard
2333,1248,1248/8817,1.45e-14,Rare,generative,WizNerdz #2333,,,Standard
2049,1249,1249/8817,1.45e-14,Rare,generative,WizNerdz #2049,,,Standard
1941,1250,1250/8817,1.45e-14,Rare,generative,WizNerdz #1941,,,Standard
4757,1251,1251/8817,1.45e-14,Rare,generative,WizNerdz #4757,,,Standard
7293,1252,1252/8817,1.46e-14,Rare,generative,WizNerdz #7293,,,Standard
6168,1253,1253/8817,1.46e-14,Rare,generative,WizNerdz #6168,,,Standard
952,1254,1254/8817,1.46e-14,Rare,generative,WizNerdz #952,,,Standard
6023,1255,1255/8817,1.46e-14,Rare,generative,WizNerdz #6023,,,Standard
8404,1256,1256/8817,1.47e-14,Rare,generative,WizNerdz #8404,,,Standard
1296,1257,1257/8817,1.47e-14,Rare,generative,WizNerdz #1296,,,Standard
5981,1258,1258/8817,1.47e-14,Rare,generative,WizNerdz #5981,,,Standard
6821,1259,1259/8817,1.47e-14,Rare,generative,WizNerdz #6821,,,Standard
3009,1260,1260/8817,1.47e-14,Rare,generative,WizNerdz #3009,,,Standard
5711,1261,1261/8817,1.47e-14,Rare,generative,WizNerdz #5711,,,Standard
2825,1262,1262/8817,1.47e-14,Rare,generative,WizNerdz #2825,,,Standard
6926,1263,1263/8817,1.47e-14,Rare,generative,WizNerdz #6926,,,Standard
2022,1264,1264/8817,1.48e-14,Rare,generative,WizNerdz #2022,,,Standard
5933,1265,1265/8817,1.48e-14,Rare,generative,WizNerdz #5933,,,Standard
981,1266,1266/8817,1.48e-14,Rare,generative,WizNerdz #981,,,Standard
8777,1267,1267/8817,1.49e-14,Rare,generative,WizNerdz #8777,,,Standard
925,1268,1268/8817,1.49e-14,Rare,generative,WizNerdz #925,,,Standard
4778,1269,1269/8817,1.49e-14,Rare,generative,WizNerdz #4778,,,Standard
892,1270,1270/8817,1.49e-14,Rare,generative,WizNerdz #892,,,Standard
2766,1271,1271/8817,1.49e-14,Rare,generative,WizNerdz #2766,,,Standard
4230,1272,1272/8817,1.5e-14,Rare,generative,WizNerdz #4230,,,Standard
3895,1273,1273/8817,1.5e-14,Rare,generative,WizNerdz #3895,,,Standard
7252,1274,1274/8817,1.5e-14,Rare,generative,WizNerdz #7252,,,Standard
3317,1275,1275/8817,1.51e-14,Rare,generative,WizNerdz #3317,,,Standard
2436,1276,1276/8817,1.51e-14,Rare,generative,WizNerdz #2436,,,Standard
5306,1277,1277/8817,1.51e-14,Rare,generative,WizNerdz #5306,,,Standard
8357,1278,1278/8817,1.51e-14,Rare,generative,WizNerdz #8357,,,Standard
6102,1279,1279/8817,1.51e-14,Rare,generative,WizNerdz #6102,,,Standard
7353,1280,1280/8817,1.51e-14,Rare,generative,WizNerdz #7353,,,Standard
1379,1281,1281/8817,1.52e-14,Rare,generative,WizNerdz #1379,,,Standard
2718,1282,1282/8817,1.52e-14,Rare,generative,WizNerdz #2718,,,Standard
1862,1283,1283/8817,1.52e-14,Rare,generative,WizNerdz #1862,,,Standard
4502,1284,1284/8817,1.52e-14,Rare,generative,WizNerdz #4502,,,Standard
7687,1285,1285/8817,1.52e-14,Rare,generative,WizNerdz #7687,,,Standard
4911,1286,1286/8817,1.53e-14,Rare,generative,WizNerdz #4911,,,Standard
7509,1287,1287/8817,1.53e-14,Rare,generative,WizNerdz #7509,,,Standard
1330,1288,1288/8817,1.53e-14,Rare,generative,WizNerdz #1330,,,Standard
1313,1289,1289/8817,1.53e-14,Rare,generative,WizNerdz #1313,,,Standard
5295,1290,1290/8817,1.54e-14,Rare,generative,WizNerdz #5295,,,Standard
278,1291,1291/8817,1.54e-14,Rare,generative,WizNerdz #278,,,Standard
8328,1292,1292/8817,1.54e-14,Rare,generative,WizNerdz #8328,,,Standard
5111,1293,1293/8817,1.54e-14,Rare,generative,WizNerdz #5111,,,Standard
4662,1294,1294/8817,1.54e-14,Rare,generative,WizNerdz #4662,,,Standard
3872,1295,1295/8817,1.55e-14,Rare,generative,WizNerdz #3872,,,Standard
3289,1296,1296/8817,1.55e-14,Rare,generative,WizNerdz #3289,,,Standard
7356,1297,1297/8817,1.55e-14,Rare,generative,WizNerdz #7356,,,Standard
4941,1298,1298/8817,1.55e-14,Rare,generative,WizNerdz #4941,,,Standard
4040,1299,1299/8817,1.55e-14,Rare,generative,WizNerdz #4040,,,Standard
4282,1300,1300/8817,1.55e-14,Rare,generative,WizNerdz #4282,,,Standard
5068,1301,1301/8817,1.55e-14,Rare,generative,WizNerdz #5068,,,Standard
4749,1302,1302/8817,1.55e-14,Rare,generative,WizNerdz #4749,,,Standard
8054,1303,1303/8817,1.56e-14,Rare,generative,WizNerdz #8054,,,Standard
2284,1304,1304/8817,1.56e-14,Rare,generative,WizNerdz #2284,,,Standard
6470,1305,1305/8817,1.56e-14,Rare,generative,WizNerdz #6470,,,Standard
8420,1306,1306/8817,1.56e-14,Rare,generative,WizNerdz #8420,,,Standard
3933,1307,1307/8817,1.57e-14,Rare,generative,WizNerdz #3933,,,Standard
4858,1308,1308/8817,1.57e-14,Rare,generative,WizNerdz #4858,,,Standard
4378,1309,1309/8817,1.57e-14,Rare,generative,WizNerdz #4378,,,Standard
7037,1310,1310/8817,1.57e-14,Rare,generative,WizNerdz #7037,,,Standard
145,1311,1311/8817,1.57e-14,Rare,generative,WizNerdz #145,,,Standard
4128,1312,1312/8817,1.57e-14,Rare,generative,WizNerdz #4128,,,Standard
1088,1313,1313/8817,1.57e-14,Rare,generative,WizNerdz #1088,,,Standard
4904,1314,1314/8817,1.58e-14,Rare,generative,WizNerdz #4904,,,Standard
3077,1315,1315/8817,1.58e-14,Rare,generative,WizNerdz #3077,,,Standard
4418,1316,1316/8817,1.58e-14,Rare,generative,WizNerdz #4418,,,Standard
1836,1317,1317/8817,1.58e-14,Rare,generative,WizNerdz #1836,,,Standard
8319,1318,1318/8817,1.58e-14,Rare,generative,WizNerdz #8319,,,Standard
1141,1319,1319/8817,1.58e-14,Rare,generative,WizNerdz #1141,,,Standard
6923,1320,1320/8817,1.59e-14,Rare,generative,WizNerdz #6923,,,Standard
4742,1321,1321/8817,1.59e-14,Rare,generative,WizNerdz #4742,,,Standard
6138,1322,1322/8817,1.59e-14,Rare,generative,WizNerdz #6138,,,Standard
8106,1323,1323/8817,1.59e-14,Uncommon,generative,WizNerdz #8106,,,Standard
6788,1324,1324/8817,1.6e-14,Uncommon,generative,WizNerdz #6788,,,Standard
3394,1325,1325/8817,1.6e-14,Uncommon,generative,WizNerdz #3394,,,Standard
5104,1326,1326/8817,1.6e-14,Uncommon,generative,WizNerdz #5104,,,Standard
8131,1327,1327/8817,1.6e-14,Uncommon,generative,WizNerdz #8131,,,Standard
33,1328,1328/8817,1.61e-14,Uncommon,generative,WizNerdz #33,,,Standard
2542,1329,1329/8817,1.61e-14,Uncommon,generative,WizNerdz #2542,,,Standard
7394,1330,1330/8817,1.61e-14,Uncommon,generative,WizNerdz #7394,,,Standard
1432,1331,1331/8817,1.61e-14,Uncommon,generative,WizNerdz #1432,,,Standard
8414,1332,1332/8817,1.62e-14,Uncommon,generative,WizNerdz #8414,,,Standard
7319,1333,1333/8817,1.62e-14,Uncommon,generative,WizNerdz #7319,,,Standard
3908,1334,1334/8817,1.62e-14,Uncommon,generative,WizNerdz #3908,,,Standard
4804,1335,1335/8817,1.63e-14,Uncommon,generative,WizNerdz #4804,,,Standard
480,1336,1336/8817,1.63e-14,Uncommon,generative,WizNerdz #480,,,Standard
3178,1337,1337/8817,1.63e-14,Uncommon,generative,WizNerdz #3178,,,Standard
6531,1338,1338/8817,1.64e-14,Uncommon,generative,WizNerdz #6531,,,Standard
4127,1339,1339/8817,1.64e-14,Uncommon,generative,WizNerdz #4127,,,Standard
5876,1340,1340/8817,1.64e-14,Uncommon,generative,WizNerdz #5876,,,Standard
8823,1341,1341/8817,1.64e-14,Uncommon,generative,WizNerdz #8823,,,Standard
4183,1342,1342/8817,1.64e-14,Uncommon,generative,WizNerdz #4183,,,Standard
6915,1343,1343/8817,1.64e-14,Uncommon,generative,WizNerdz #6915,,,Standard
8224,1344,1344/8817,1.65e-14,Uncommon,generative,WizNerdz #8224,,,Standard
1936,1345,1345/8817,1.65e-14,Uncommon,generative,WizNerdz #1936,,,Standard
933,1346,1346/8817,1.65e-14,Uncommon,generative,WizNerdz #933,,,Standard
4018,1347,1347/8817,1.65e-14,Uncommon,generative,WizNerdz #4018,,,Standard
4642,1348,1348/8817,1.65e-14,Uncommon,generative,WizNerdz #4642,,,Standard
1687,1349,1349/8817,1.65e-14,Uncommon,generative,WizNerdz #1687,,,Standard
2576,1350,1350/8817,1.66e-14,Uncommon,generative,WizNerdz #2576,,,Standard
821,1351,1351/8817,1.66e-14,Uncommon,generative,WizNerdz #821,,,Standard
8078,1352,1352/8817,1.66e-14,Uncommon,generative,WizNerdz #8078,,,Standard
761,1353,1353/8817,1.66e-14,Uncommon,generative,WizNerdz #761,,,Standard
3964,1354,1354/8817,1.66e-14,Uncommon,generative,WizNerdz #3964,,,Standard
2270,1355,1355/8817,1.66e-14,Uncommon,generative,WizNerdz #2270,,,Standard
8727,1356,1356/8817,1.67e-14,Uncommon,generative,WizNerdz #8727,,,Standard
7174,1357,1357/8817,1.68e-14,Uncommon,generative,WizNerdz #7174,,,Standard
6488,1358,1358/8817,1.68e-14,Uncommon,generative,WizNerdz #6488,,,Standard
4711,1359,1359/8817,1.68e-14,Uncommon,generative,WizNerdz #4711,,,Standard
3632,1360,1360/8817,1.68e-14,Uncommon,generative,WizNerdz #3632,,,Standard
356,1361,1361/8817,1.68e-14,Uncommon,generative,WizNerdz #356,,,Standard
573,1362,1362/8817,1.68e-14,Uncommon,generative,WizNerdz #573,,,Standard
3868,1363,1363/8817,1.68e-14,Uncommon,generative,WizNerdz #3868,,,Standard
6420,1364,1364/8817,1.68e-14,Uncommon,generative,WizNerdz #6420,,,Standard
3075,1365,1365/8817,1.68e-14,Uncommon,generative,WizNerdz #3075,,,Standard
8270,1366,1366/8817,1.69e-14,Uncommon,generative,WizNerdz #8270,,,Standard
8336,1367,1367/8817,1.69e-14,Uncommon,generative,WizNerdz #8336,,,Standard
423,1368,1368/8817,1.69e-14,Uncommon,generative,WizNerdz #423,,,Standard
5273,1369,1369/8817,1.69e-14,Uncommon,generative,WizNerdz #5273,,,Standard
6370,1370,1370/8817,1.69e-14,Uncommon,generative,WizNerdz #6370,,,Standard
851,1371,1371/8817,1.69e-14,Uncommon,generative,WizNerdz #851,,,Standard
999,1372,1372/8817,1.7e-14,Uncommon,generative,WizNerdz #999,,,Standard
1450,1373,1373/8817,1.7e-14,Uncommon,generative,WizNerdz #1450,,,Standard
1130,1374,1374/8817,1.7e-14,Uncommon,generative,WizNerdz #1130,,,Standard
3656,1375,1375/8817,1.71e-14,Uncommon,generative,WizNerdz #3656,,,Standard
2702,1376,1376/8817,1.71e-14,Uncommon,generative,WizNerdz #2702,,,Standard
1175,1377,1377/8817,1.71e-14,Uncommon,generative,WizNerdz #1175,,,Standard
8228,1378,1378/8817,1.71e-14,Uncommon,generative,WizNerdz #8228,,,Standard
6452,1379,1379/8817,1.71e-14,Uncommon,generative,WizNerdz #6452,,,Standard
3616,1380,1380/8817,1.71e-14,Uncommon,generative,WizNerdz #3616,,,Standard
5135,1381,1381/8817,1.71e-14,Uncommon,generative,WizNerdz #5135,,,Standard
7317,1382,1382/8817,1.71e-14,Uncommon,generative,WizNerdz #7317,,,Standard
158,1383,1383/8817,1.72e-14,Uncommon,generative,WizNerdz #158,,,Standard
4360,1384,1384/8817,1.72e-14,Uncommon,generative,WizNerdz #4360,,,Standard
6606,1385,1385/8817,1.72e-14,Uncommon,generative,WizNerdz #6606,,,Standard
8445,1386,1386/8817,1.72e-14,Uncommon,generative,WizNerdz #8445,,,Standard
4933,1387,1387/8817,1.72e-14,Uncommon,generative,WizNerdz #4933,,,Standard
5683,1388,1388/8817,1.72e-14,Uncommon,generative,WizNerdz #5683,,,Standard
5787,1389,1389/8817,1.72e-14,Uncommon,generative,WizNerdz #5787,,,Standard
358,1390,1390/8817,1.73e-14,Uncommon,generative,WizNerdz #358,,,Standard
5443,1391,1391/8817,1.73e-14,Uncommon,generative,WizNerdz #5443,,,Standard
7181,1392,1392/8817,1.73e-14,Uncommon,generative,WizNerdz #7181,,,Standard
5419,1393,1393/8817,1.73e-14,Uncommon,generative,WizNerdz #5419,,,Standard
7745,1394,1394/8817,1.73e-14,Uncommon,generative,WizNerdz #7745,,,Standard
8790,1395,1395/8817,1.73e-14,Uncommon,generative,WizNerdz #8790,,,Standard
7439,1396,1396/8817,1.73e-14,Uncommon,generative,WizNerdz #7439,,,Standard
91,1397,1397/8817,1.74e-14,Uncommon,generative,WizNerdz #91,,,Standard
8640,1398,1398/8817,1.74e-14,Uncommon,generative,WizNerdz #8640,,,Standard
2734,1399,1399/8817,1.74e-14,Uncommon,generative,WizNerdz #2734,,,Standard
6474,1400,1400/8817,1.74e-14,Uncommon,generative,WizNerdz #6474,,,Standard
540,1401,1401/8817,1.74e-14,Uncommon,generative,WizNerdz #540,,,Standard
3252,1402,1402/8817,1.74e-14,Uncommon,generative,WizNerdz #3252,,,Standard
836,1403,1403/8817,1.74e-14,Uncommon,generative,WizNerdz #836,,,Standard
3662,1404,1404/8817,1.75e-14,Uncommon,generative,WizNerdz #3662,,,Standard
5843,1405,1405/8817,1.75e-14,Uncommon,generative,WizNerdz #5843,,,Standard
8810,1406,1406/8817,1.75e-14,Uncommon,generative,WizNerdz #8810,,,Standard
5384,1407,1407/8817,1.76e-14,Uncommon,generative,WizNerdz #5384,,,Standard
4210,1408,1408/8817,1.76e-14,Uncommon,generative,WizNerdz #4210,,,Standard
2848,1409,1409/8817,1.76e-14,Uncommon,generative,WizNerdz #2848,,,Standard
7581,1410,1410/8817,1.76e-14,Uncommon,generative,WizNerdz #7581,,,Standard
1286,1411,1411/8817,1.76e-14,Uncommon,generative,WizNerdz #1286,,,Standard
2974,1412,1412/8817,1.77e-14,Uncommon,generative,WizNerdz #2974,,,Standard
5806,1413,1413/8817,1.77e-14,Uncommon,generative,WizNerdz #5806,,,Standard
1077,1414,1414/8817,1.77e-14,Uncommon,generative,WizNerdz #1077,,,Standard
3914,1415,1415/8817,1.77e-14,Uncommon,generative,WizNerdz #3914,,,Standard
5846,1416,1416/8817,1.78e-14,Uncommon,generative,WizNerdz #5846,,,Standard
5984,1417,1417/8817,1.78e-14,Uncommon,generative,WizNerdz #5984,,,Standard
1998,1418,1418/8817,1.78e-14,Uncommon,generative,WizNerdz #1998,,,Standard
6917,1419,1419/8817,1.78e-14,Uncommon,generative,WizNerdz #6917,,,Standard
3932,1420,1420/8817,1.78e-14,Uncommon,generative,WizNerdz #3932,,,Standard
2873,1421,1421/8817,1.79e-14,Uncommon,generative,WizNerdz #2873,,,Standard
6948,1422,1422/8817,1.79e-14,Uncommon,generative,WizNerdz #6948,,,Standard
1591,1423,1423/8817,1.8e-14,Uncommon,generative,WizNerdz #1591,,,Standard
8600,1424,1424/8817,1.8e-14,Uncommon,generative,WizNerdz #8600,,,Standard
8387,1425,1425/8817,1.8e-14,Uncommon,generative,WizNerdz #8387,,,Standard
5317,1426,1426/8817,1.81e-14,Uncommon,generative,WizNerdz #5317,,,Standard
2484,1427,1427/8817,1.81e-14,Uncommon,generative,WizNerdz #2484,,,Standard
1816,1428,1428/8817,1.81e-14,Uncommon,generative,WizNerdz #1816,,,Standard
5640,1429,1429/8817,1.81e-14,Uncommon,generative,WizNerdz #5640,,,Standard
1751,1430,1430/8817,1.81e-14,Uncommon,generative,WizNerdz #1751,,,Standard
3340,1431,1431/8817,1.82e-14,Uncommon,generative,WizNerdz #3340,,,Standard
2858,1432,1432/8817,1.82e-14,Uncommon,generative,WizNerdz #2858,,,Standard
1985,1433,1433/8817,1.82e-14,Uncommon,generative,WizNerdz #1985,,,Standard
855,1434,1434/8817,1.83e-14,Uncommon,generative,WizNerdz #855,,,Standard
5380,1435,1435/8817,1.83e-14,Uncommon,generative,WizNerdz #5380,,,Standard
7892,1436,1436/8817,1.83e-14,Uncommon,generative,WizNerdz #7892,,,Standard
3285,1437,1437/8817,1.83e-14,Uncommon,generative,WizNerdz #3285,,,Standard
7470,1438,1438/8817,1.83e-14,Uncommon,generative,WizNerdz #7470,,,Standard
3443,1439,1439/8817,1.83e-14,Uncommon,generative,WizNerdz #3443,,,Standard
2835,1440,1440/8817,1.83e-14,Uncommon,generative,WizNerdz #2835,,,Standard
1724,1441,1441/8817,1.84e-14,Uncommon,generative,WizNerdz #1724,,,Standard
198,1442,1442/8817,1.84e-14,Uncommon,generative,WizNerdz #198,,,Standard
2508,1443,1443/8817,1.84e-14,Uncommon,generative,WizNerdz #2508,,,Standard
5947,1444,1444/8817,1.84e-14,Uncommon,generative,WizNerdz #5947,,,Standard
994,1445,1445/8817,1.84e-14,Uncommon,generative,WizNerdz #994,,,Standard
6087,1446,1446/8817,1.84e-14,Uncommon,generative,WizNerdz #6087,,,Standard
1642,1447,1447/8817,1.85e-14,Uncommon,generative,WizNerdz #1642,,,Standard
1326,1448,1448/8817,1.85e-14,Uncommon,generative,WizNerdz #1326,,,Standard
8403,1449,1449/8817,1.85e-14,Uncommon,generative,WizNerdz #8403,,,Standard
3581,1450,1450/8817,1.85e-14,Uncommon,generative,WizNerdz #3581,,,Standard
7352,1451,1451/8817,1.86e-14,Uncommon,generative,WizNerdz #7352,,,Standard
1074,1452,1452/8817,1.86e-14,Uncommon,generative,WizNerdz #1074,,,Standard
3643,1453,1453/8817,1.86e-14,Uncommon,generative,WizNerdz #3643,,,Standard
8466,1454,1454/8817,1.86e-14,Uncommon,generative,WizNerdz #8466,,,Standard
4453,1455,1455/8817,1.86e-14,Uncommon,generative,WizNerdz #4453,,,Standard
21,1456,1456/8817,1.86e-14,Uncommon,generative,WizNerdz #21,,,Standard
5922,1457,1457/8817,1.87e-14,Uncommon,generative,WizNerdz #5922,,,Standard
7933,1458,1458/8817,1.87e-14,Uncommon,generative,WizNerdz #7933,,,Standard
4185,1459,1459/8817,1.87e-14,Uncommon,generative,WizNerdz #4185,,,Standard
7517,1460,1460/8817,1.88e-14,Uncommon,generative,WizNerdz #7517,,,Standard
5899,1461,1461/8817,1.88e-14,Uncommon,generative,WizNerdz #5899,,,Standard
2586,1462,1462/8817,1.88e-14,Uncommon,generative,WizNerdz #2586,,,Standard
7725,1463,1463/8817,1.88e-14,Uncommon,generative,WizNerdz #7725,,,Standard
6715,1464,1464/8817,1.88e-14,Uncommon,generative,WizNerdz #6715,,,Standard
8025,1465,1465/8817,1.88e-14,Uncommon,generative,WizNerdz #8025,,,Standard
1506,1466,1466/8817,1.89e-14,Uncommon,generative,WizNerdz #1506,,,Standard
4986,1467,1467/8817,1.89e-14,Uncommon,generative,WizNerdz #4986,,,Standard
5795,1468,1468/8817,1.89e-14,Uncommon,generative,WizNerdz #5795,,,Standard
6704,1469,1469/8817,1.89e-14,Uncommon,generative,WizNerdz #6704,,,Standard
2471,1470,1470/8817,1.89e-14,Uncommon,generative,WizNerdz #2471,,,Standard
3517,1471,1471/8817,1.89e-14,Uncommon,generative,WizNerdz #3517,,,Standard
5411,1472,1472/8817,1.9e-14,Uncommon,generative,WizNerdz #5411,,,Standard
4605,1473,1473/8817,1.9e-14,Uncommon,generative,WizNerdz #4605,,,Standard
738,1474,1474/8817,1.9e-14,Uncommon,generative,WizNerdz #738,,,Standard
4159,1475,1475/8817,1.9e-14,Uncommon,generative,WizNerdz #4159,,,Standard
608,1476,1476/8817,1.9e-14,Uncommon,generative,WizNerdz #608,,,Standard
4270,1477,1477/8817,1.9e-14,Uncommon,generative,WizNerdz #4270,,,Standard
3241,1478,1478/8817,1.9e-14,Uncommon,generative,WizNerdz #3241,,,Standard
5268,1479,1479/8817,1.9e-14,Uncommon,generative,WizNerdz #5268,,,Standard
5885,1480,1480/8817,1.91e-14,Uncommon,generative,WizNerdz #5885,,,Standard
8589,1481,1481/8817,1.91e-14,Uncommon,generative,WizNerdz #8589,,,Standard
5345,1482,1482/8817,1.92e-14,Uncommon,generative,WizNerdz #5345,,,Standard
7674,1483,1483/8817,1.92e-14,Uncommon,generative,WizNerdz #7674,,,Standard
5834,1484,1484/8817,1.92e-14,Uncommon,generative,WizNerdz #5834,,,Standard
1039,1485,1485/8817,1.92e-14,Uncommon,generative,WizNerdz #1039,,,Standard
2202,1486,1486/8817,1.92e-14,Uncommon,generative,WizNerdz #2202,,,Standard
8233,1487,1487/8817,1.93e-14,Uncommon,generative,WizNerdz #8233,,,Standard
3052,1488,1488/8817,1.93e-14,Uncommon,generative,WizNerdz #3052,,,Standard
4996,1489,1489/8817,1.93e-14,Uncommon,generative,WizNerdz #4996,,,Standard
1529,1490,1490/8817,1.93e-14,Uncommon,generative,WizNerdz #1529,,,Standard
1740,1491,1491/8817,1.93e-14,Uncommon,generative,WizNerdz #1740,,,Standard
8513,1492,1492/8817,1.93e-14,Uncommon,generative,WizNerdz #8513,,,Standard
2834,1493,1493/8817,1.93e-14,Uncommon,generative,WizNerdz #2834,,,Standard
1072,1494,1494/8817,1.93e-14,Uncommon,generative,WizNerdz #1072,,,Standard
5547,1495,1495/8817,1.93e-14,Uncommon,generative,WizNerdz #5547,,,Standard
2367,1496,1496/8817,1.94e-14,Uncommon,generative,WizNerdz #2367,,,Standard
4444,1497,1497/8817,1.94e-14,Uncommon,generative,WizNerdz #4444,,,Standard
1325,1498,1498/8817,1.94e-14,Uncommon,generative,WizNerdz #1325,,,Standard
8330,1499,1499/8817,1.94e-14,Uncommon,generative,WizNerdz #8330,,,Standard
7406,1500,1500/8817,1.95e-14,Uncommon,generative,WizNerdz #7406,,,Standard
5824,1501,1501/8817,1.95e-14,Uncommon,generative,WizNerdz #5824,,,Standard
6500,1502,1502/8817,1.96e-14,Uncommon,generative,WizNerdz #6500,,,Standard
4062,1503,1503/8817,1.96e-14,Uncommon,generative,WizNerdz #4062,,,Standard
7893,1504,1504/8817,1.96e-14,Uncommon,generative,WizNerdz #7893,,,Standard
84,1505,1505/8817,1.97e-14,Uncommon,generative,WizNerdz #84,,,Standard
6231,1506,1506/8817,1.97e-14,Uncommon,generative,WizNerdz #6231,,,Standard
3854,1507,1507/8817,1.97e-14,Uncommon,generative,WizNerdz #3854,,,Standard
8411,1508,1508/8817,1.98e-14,Uncommon,generative,WizNerdz #8411,,,Standard
3850,1509,1509/8817,1.98e-14,Uncommon,generative,WizNerdz #3850,,,Standard
8165,1510,1510/8817,1.98e-14,Uncommon,generative,WizNerdz #8165,,,Standard
776,1511,1511/8817,1.98e-14,Uncommon,generative,WizNerdz #776,,,Standard
755,1512,1512/8817,1.98e-14,Uncommon,generative,WizNerdz #755,,,Standard
4512,1513,1513/8817,1.99e-14,Uncommon,generative,WizNerdz #4512,,,Standard
4001,1514,1514/8817,1.99e-14,Uncommon,generative,WizNerdz #4001,,,Standard
1194,1515,1515/8817,1.99e-14,Uncommon,generative,WizNerdz #1194,,,Standard
2673,1516,1516/8817,1.99e-14,Uncommon,generative,WizNerdz #2673,,,Standard
154,1517,1517/8817,1.99e-14,Uncommon,generative,WizNerdz #154,,,Standard
3126,1518,1518/8817,2e-14,Uncommon,generative,WizNerdz #3126,,,Standard
859,1519,1519/8817,2e-14,Uncommon,generative,WizNerdz #859,,,Standard
4069,1520,1520/8817,2e-14,Uncommon,generative,WizNerdz #4069,,,Standard
713,1521,1521/8817,2e-14,Uncommon,generative,WizNerdz #713,,,Standard
1473,1522,1522/8817,2e-14,Uncommon,generative,WizNerdz #1473,,,Standard
8753,1523,1523/8817,2e-14,Uncommon,generative,WizNerdz #8753,,,Standard
405,1524,1524/8817,2e-14,Uncommon,generative,WizNerdz #405,,,Standard
3107,1525,1525/8817,2e-14,Uncommon,generative,WizNerdz #3107,,,Standard
4659,1526,1526/8817,2e-14,Uncommon,generative,WizNerdz #4659,,,Standard
6101,1527,1527/8817,2.01e-14,Uncommon,generative,WizNerdz #6101,,,Standard
3387,1528,1528/8817,2.01e-14,Uncommon,generative,WizNerdz #3387,,,Standard
6190,1529,1529/8817,2.01e-14,Uncommon,generative,WizNerdz #6190,,,Standard
5307,1530,1530/8817,2.01e-14,Uncommon,generative,WizNerdz #5307,,,Standard
1957,1531,1531/8817,2.02e-14,Uncommon,generative,WizNerdz #1957,,,Standard
737,1532,1532/8817,2.02e-14,Uncommon,generative,WizNerdz #737,,,Standard
7124,1533,1533/8817,2.02e-14,Uncommon,generative,WizNerdz #7124,,,Standard
8091,1534,1534/8817,2.02e-14,Uncommon,generative,WizNerdz #8091,,,Standard
3942,1535,1535/8817,2.03e-14,Uncommon,generative,WizNerdz #3942,,,Standard
6299,1536,1536/8817,2.03e-14,Uncommon,generative,WizNerdz #6299,,,Standard
5082,1537,1537/8817,2.03e-14,Uncommon,generative,WizNerdz #5082,,,Standard
8353,1538,1538/8817,2.03e-14,Uncommon,generative,WizNerdz #8353,,,Standard
1966,1539,1539/8817,2.03e-14,Uncommon,generative,WizNerdz #1966,,,Standard
445,1540,1540/8817,2.04e-14,Uncommon,generative,WizNerdz #445,,,Standard
1064,1541,1541/8817,2.04e-14,Uncommon,generative,WizNerdz #1064,,,Standard
1231,1542,1542/8817,2.05e-14,Uncommon,generative,WizNerdz #1231,,,Standard
2961,1543,1543/8817,2.05e-14,Uncommon,generative,WizNerdz #2961,,,Standard
6082,1544,1544/8817,2.05e-14,Uncommon,generative,WizNerdz #6082,,,Standard
1948,1545,1545/8817,2.05e-14,Uncommon,generative,WizNerdz #1948,,,Standard
2237,1546,1546/8817,2.05e-14,Uncommon,generative,WizNerdz #2237,,,Standard
6955,1547,1547/8817,2.05e-14,Uncommon,generative,WizNerdz #6955,,,Standard
266,1548,1548/8817,2.05e-14,Uncommon,generative,WizNerdz #266,,,Standard
7842,1549,1549/8817,2.05e-14,Uncommon,generative,WizNerdz #7842,,,Standard
7913,1550,1550/8817,2.05e-14,Uncommon,generative,WizNerdz #7913,,,Standard
6014,1551,1551/8817,2.06e-14,Uncommon,generative,WizNerdz #6014,,,Standard
1136,1552,1552/8817,2.06e-14,Uncommon,generative,WizNerdz #1136,,,Standard
8283,1553,1553/8817,2.06e-14,Uncommon,generative,WizNerdz #8283,,,Standard
7707,1554,1554/8817,2.06e-14,Uncommon,generative,WizNerdz #7707,,,Standard
7709,1555,1555/8817,2.06e-14,Uncommon,generative,WizNerdz #7709,,,Standard
770,1556,1556/8817,2.06e-14,Uncommon,generative,WizNerdz #770,,,Standard
5102,1557,1557/8817,2.06e-14,Uncommon,generative,WizNerdz #5102,,,Standard
938,1558,1558/8817,2.07e-14,Uncommon,generative,WizNerdz #938,,,Standard
716,1559,1559/8817,2.07e-14,Uncommon,generative,WizNerdz #716,,,Standard
3399,1560,1560/8817,2.07e-14,Uncommon,generative,WizNerdz #3399,,,Standard
6548,1561,1561/8817,2.08e-14,Uncommon,generative,WizNerdz #6548,,,Standard
8465,1562,1562/8817,2.08e-14,Uncommon,generative,WizNerdz #8465,,,Standard
1865,1563,1563/8817,2.09e-14,Uncommon,generative,WizNerdz #1865,,,Standard
7503,1564,1564/8817,2.09e-14,Uncommon,generative,WizNerdz #7503,,,Standard
1725,1565,1565/8817,2.09e-14,Uncommon,generative,WizNerdz #1725,,,Standard
878,1566,1566/8817,2.09e-14,Uncommon,generative,WizNerdz #878,,,Standard
4825,1567,1567/8817,2.1e-14,Uncommon,generative,WizNerdz #4825,,,Standard
6506,1568,1568/8817,2.1e-14,Uncommon,generative,WizNerdz #6506,,,Standard
1694,1569,1569/8817,2.1e-14,Uncommon,generative,WizNerdz #1694,,,Standard
3059,1570,1570/8817,2.11e-14,Uncommon,generative,WizNerdz #3059,,,Standard
5931,1571,1571/8817,2.11e-14,Uncommon,generative,WizNerdz #5931,,,Standard
3371,1572,1572/8817,2.12e-14,Uncommon,generative,WizNerdz #3371,,,Standard
3949,1573,1573/8817,2.12e-14,Uncommon,generative,WizNerdz #3949,,,Standard
8567,1574,1574/8817,2.12e-14,Uncommon,generative,WizNerdz #8567,,,Standard
7064,1575,1575/8817,2.12e-14,Uncommon,generative,WizNerdz #7064,,,Standard
7166,1576,1576/8817,2.12e-14,Uncommon,generative,WizNerdz #7166,,,Standard
4538,1577,1577/8817,2.12e-14,Uncommon,generative,WizNerdz #4538,,,Standard
6808,1578,1578/8817,2.12e-14,Uncommon,generative,WizNerdz #6808,,,Standard
7729,1579,1579/8817,2.13e-14,Uncommon,generative,WizNerdz #7729,,,Standard
3313,1580,1580/8817,2.13e-14,Uncommon,generative,WizNerdz #3313,,,Standard
2287,1581,1581/8817,2.13e-14,Uncommon,generative,WizNerdz #2287,,,Standard
3039,1582,1582/8817,2.13e-14,Uncommon,generative,WizNerdz #3039,,,Standard
2678,1583,1583/8817,2.13e-14,Uncommon,generative,WizNerdz #2678,,,Standard
6423,1584,1584/8817,2.13e-14,Uncommon,generative,WizNerdz #6423,,,Standard
2171,1585,1585/8817,2.13e-14,Uncommon,generative,WizNerdz #2171,,,Standard
6390,1586,1586/8817,2.14e-14,Uncommon,generative,WizNerdz #6390,,,Standard
592,1587,1587/8817,2.14e-14,Uncommon,generative,WizNerdz #592,,,Standard
7175,1588,1588/8817,2.14e-14,Uncommon,generative,WizNerdz #7175,,,Standard
6742,1589,1589/8817,2.14e-14,Uncommon,generative,WizNerdz #6742,,,Standard
5351,1590,1590/8817,2.14e-14,Uncommon,generative,WizNerdz #5351,,,Standard
3288,1591,1591/8817,2.14e-14,Uncommon,generative,WizNerdz #3288,,,Standard
5641,1592,1592/8817,2.14e-14,Uncommon,generative,WizNerdz #5641,,,Standard
40,1593,1593/8817,2.15e-14,Uncommon,generative,WizNerdz #40,,,Standard
4052,1594,1594/8817,2.15e-14,Uncommon,generative,WizNerdz #4052,,,Standard
8229,1595,1595/8817,2.15e-14,Uncommon,generative,WizNerdz #8229,,,Standard
3158,1596,1596/8817,2.15e-14,Uncommon,generative,WizNerdz #3158,,,Standard
8506,1597,1597/8817,2.17e-14,Uncommon,generative,WizNerdz #8506,,,Standard
1070,1598,1598/8817,2.17e-14,Uncommon,generative,WizNerdz #1070,,,Standard
6705,1599,1599/8817,2.17e-14,Uncommon,generative,WizNerdz #6705,,,Standard
8534,1600,1600/8817,2.17e-14,Uncommon,generative,WizNerdz #8534,,,Standard
1429,1601,1601/8817,2.17e-14,Uncommon,generative,WizNerdz #1429,,,Standard
2185,1602,1602/8817,2.17e-14,Uncommon,generative,WizNerdz #2185,,,Standard
2569,1603,1603/8817,2.18e-14,Uncommon,generative,WizNerdz #2569,,,Standard
3907,1604,1604/8817,2.19e-14,Uncommon,generative,WizNerdz #3907,,,Standard
2801,1605,1605/8817,2.19e-14,Uncommon,generative,WizNerdz #2801,,,Standard
6334,1606,1606/8817,2.19e-14,Uncommon,generative,WizNerdz #6334,,,Standard
3171,1607,1607/8817,2.19e-14,Uncommon,generative,WizNerdz #3171,,,Standard
6931,1608,1608/8817,2.2e-14,Uncommon,generative,WizNerdz #6931,,,Standard
2221,1609,1609/8817,2.2e-14,Uncommon,generative,WizNerdz #2221,,,Standard
6830,1610,1610/8817,2.2e-14,Uncommon,generative,WizNerdz #6830,,,Standard
5132,1611,1611/8817,2.21e-14,Uncommon,generative,WizNerdz #5132,,,Standard
251,1612,1612/8817,2.21e-14,Uncommon,generative,WizNerdz #251,,,Standard
6748,1613,1613/8817,2.22e-14,Uncommon,generative,WizNerdz #6748,,,Standard
4068,1614,1614/8817,2.22e-14,Uncommon,generative,WizNerdz #4068,,,Standard
1791,1615,1615/8817,2.22e-14,Uncommon,generative,WizNerdz #1791,,,Standard
8774,1616,1616/8817,2.22e-14,Uncommon,generative,WizNerdz #8774,,,Standard
4792,1617,1617/8817,2.23e-14,Uncommon,generative,WizNerdz #4792,,,Standard
4248,1618,1618/8817,2.23e-14,Uncommon,generative,WizNerdz #4248,,,Standard
8327,1619,1619/8817,2.23e-14,Uncommon,generative,WizNerdz #8327,,,Standard
4829,1620,1620/8817,2.23e-14,Uncommon,generative,WizNerdz #4829,,,Standard
7531,1621,1621/8817,2.23e-14,Uncommon,generative,WizNerdz #7531,,,Standard
5848,1622,1622/8817,2.24e-14,Uncommon,generative,WizNerdz #5848,,,Standard
3196,1623,1623/8817,2.24e-14,Uncommon,generative,WizNerdz #3196,,,Standard
3397,1624,1624/8817,2.25e-14,Uncommon,generative,WizNerdz #3397,,,Standard
3230,1625,1625/8817,2.25e-14,Uncommon,generative,WizNerdz #3230,,,Standard
6819,1626,1626/8817,2.25e-14,Uncommon,generative,WizNerdz #6819,,,Standard
1721,1627,1627/8817,2.26e-14,Uncommon,generative,WizNerdz #1721,,,Standard
5563,1628,1628/8817,2.26e-14,Uncommon,generative,WizNerdz #5563,,,Standard
533,1629,1629/8817,2.26e-14,Uncommon,generative,WizNerdz #533,,,Standard
5157,1630,1630/8817,2.27e-14,Uncommon,generative,WizNerdz #5157,,,Standard
4097,1631,1631/8817,2.27e-14,Uncommon,generative,WizNerdz #4097,,,Standard
5749,1632,1632/8817,2.27e-14,Uncommon,generative,WizNerdz #5749,,,Standard
4017,1633,1633/8817,2.27e-14,Uncommon,generative,WizNerdz #4017,,,Standard
3485,1634,1634/8817,2.27e-14,Uncommon,generative,WizNerdz #3485,,,Standard
4219,1635,1635/8817,2.27e-14,Uncommon,generative,WizNerdz #4219,,,Standard
8234,1636,1636/8817,2.27e-14,Uncommon,generative,WizNerdz #8234,,,Standard
5206,1637,1637/8817,2.27e-14,Uncommon,generative,WizNerdz #5206,,,Standard
8253,1638,1638/8817,2.27e-14,Uncommon,generative,WizNerdz #8253,,,Standard
7782,1639,1639/8817,2.28e-14,Uncommon,generative,WizNerdz #7782,,,Standard
7686,1640,1640/8817,2.28e-14,Uncommon,generative,WizNerdz #7686,,,Standard
6935,1641,1641/8817,2.28e-14,Uncommon,generative,WizNerdz #6935,,,Standard
1728,1642,1642/8817,2.28e-14,Uncommon,generative,WizNerdz #1728,,,Standard
2281,1643,1643/8817,2.28e-14,Uncommon,generative,WizNerdz #2281,,,Standard
2711,1644,1644/8817,2.28e-14,Uncommon,generative,WizNerdz #2711,,,Standard
7176,1645,1645/8817,2.29e-14,Uncommon,generative,WizNerdz #7176,,,Standard
922,1646,1646/8817,2.29e-14,Uncommon,generative,WizNerdz #922,,,Standard
7172,1647,1647/8817,2.29e-14,Uncommon,generative,WizNerdz #7172,,,Standard
3819,1648,1648/8817,2.3e-14,Uncommon,generative,WizNerdz #3819,,,Standard
5319,1649,1649/8817,2.3e-14,Uncommon,generative,WizNerdz #5319,,,Standard
7178,1650,1650/8817,2.3e-14,Uncommon,generative,WizNerdz #7178,,,Standard
2882,1651,1651/8817,2.3e-14,Uncommon,generative,WizNerdz #2882,,,Standard
1939,1652,1652/8817,2.3e-14,Uncommon,generative,WizNerdz #1939,,,Standard
1245,1653,1653/8817,2.3e-14,Uncommon,generative,WizNerdz #1245,,,Standard
699,1654,1654/8817,2.3e-14,Uncommon,generative,WizNerdz #699,,,Standard
3589,1655,1655/8817,2.31e-14,Uncommon,generative,WizNerdz #3589,,,Standard
6635,1656,1656/8817,2.31e-14,Uncommon,generative,WizNerdz #6635,,,Standard
3084,1657,1657/8817,2.33e-14,Uncommon,generative,WizNerdz #3084,,,Standard
2461,1658,1658/8817,2.33e-14,Uncommon,generative,WizNerdz #2461,,,Standard
4448,1659,1659/8817,2.33e-14,Uncommon,generative,WizNerdz #4448,,,Standard
5454,1660,1660/8817,2.33e-14,Uncommon,generative,WizNerdz #5454,,,Standard
1968,1661,1661/8817,2.34e-14,Uncommon,generative,WizNerdz #1968,,,Standard
5296,1662,1662/8817,2.34e-14,Uncommon,generative,WizNerdz #5296,,,Standard
1921,1663,1663/8817,2.34e-14,Uncommon,generative,WizNerdz #1921,,,Standard
5471,1664,1664/8817,2.34e-14,Uncommon,generative,WizNerdz #5471,,,Standard
2639,1665,1665/8817,2.34e-14,Uncommon,generative,WizNerdz #2639,,,Standard
4524,1666,1666/8817,2.35e-14,Uncommon,generative,WizNerdz #4524,,,Standard
1256,1667,1667/8817,2.35e-14,Uncommon,generative,WizNerdz #1256,,,Standard
5765,1668,1668/8817,2.35e-14,Uncommon,generative,WizNerdz #5765,,,Standard
1517,1669,1669/8817,2.35e-14,Uncommon,generative,WizNerdz #1517,,,Standard
1894,1670,1670/8817,2.35e-14,Uncommon,generative,WizNerdz #1894,,,Standard
4766,1671,1671/8817,2.36e-14,Uncommon,generative,WizNerdz #4766,,,Standard
3506,1672,1672/8817,2.36e-14,Uncommon,generative,WizNerdz #3506,,,Standard
7908,1673,1673/8817,2.36e-14,Uncommon,generative,WizNerdz #7908,,,Standard
6514,1674,1674/8817,2.36e-14,Uncommon,generative,WizNerdz #6514,,,Standard
7120,1675,1675/8817,2.36e-14,Uncommon,generative,WizNerdz #7120,,,Standard
8370,1676,1676/8817,2.37e-14,Uncommon,generative,WizNerdz #8370,,,Standard
7465,1677,1677/8817,2.37e-14,Uncommon,generative,WizNerdz #7465,,,Standard
6673,1678,1678/8817,2.37e-14,Uncommon,generative,WizNerdz #6673,,,Standard
4211,1679,1679/8817,2.37e-14,Uncommon,generative,WizNerdz #4211,,,Standard
2502,1680,1680/8817,2.38e-14,Uncommon,generative,WizNerdz #2502,,,Standard
6629,1681,1681/8817,2.38e-14,Uncommon,generative,WizNerdz #6629,,,Standard
4330,1682,1682/8817,2.38e-14,Uncommon,generative,WizNerdz #4330,,,Standard
5292,1683,1683/8817,2.38e-14,Uncommon,generative,WizNerdz #5292,,,Standard
7600,1684,1684/8817,2.39e-14,Uncommon,generative,WizNerdz #7600,,,Standard
5408,1685,1685/8817,2.39e-14,Uncommon,generative,WizNerdz #5408,,,Standard
6983,1686,1686/8817,2.4e-14,Uncommon,generative,WizNerdz #6983,,,Standard
8655,1687,1687/8817,2.4e-14,Uncommon,generative,WizNerdz #8655,,,Standard
7817,1688,1688/8817,2.4e-14,Uncommon,generative,WizNerdz #7817,,,Standard
6668,1689,1689/8817,2.4e-14,Uncommon,generative,WizNerdz #6668,,,Standard
5808,1690,1690/8817,2.4e-14,Uncommon,generative,WizNerdz #5808,,,Standard
4807,1691,1691/8817,2.4e-14,Uncommon,generative,WizNerdz #4807,,,Standard
402,1692,1692/8817,2.41e-14,Uncommon,generative,WizNerdz #402,,,Standard
3109,1693,1693/8817,2.41e-14,Uncommon,generative,WizNerdz #3109,,,Standard
636,1694,1694/8817,2.41e-14,Uncommon,generative,WizNerdz #636,,,Standard
1232,1695,1695/8817,2.41e-14,Uncommon,generative,WizNerdz #1232,,,Standard
1821,1696,1696/8817,2.41e-14,Uncommon,generative,WizNerdz #1821,,,Standard
1772,1697,1697/8817,2.42e-14,Uncommon,generative,WizNerdz #1772,,,Standard
7245,1698,1698/8817,2.42e-14,Uncommon,generative,WizNerdz #7245,,,Standard
210,1699,1699/8817,2.42e-14,Uncommon,generative,WizNerdz #210,,,Standard
208,1700,1700/8817,2.43e-14,Uncommon,generative,WizNerdz #208,,,Standard
7203,1701,1701/8817,2.43e-14,Uncommon,generative,WizNerdz #7203,,,Standard
7383,1702,1702/8817,2.43e-14,Uncommon,generative,WizNerdz #7383,,,Standard
6579,1703,1703/8817,2.43e-14,Uncommon,generative,WizNerdz #6579,,,Standard
7210,1704,1704/8817,2.43e-14,Uncommon,generative,WizNerdz #7210,,,Standard
3658,1705,1705/8817,2.43e-14,Uncommon,generative,WizNerdz #3658,,,Standard
5484,1706,1706/8817,2.43e-14,Uncommon,generative,WizNerdz #5484,,,Standard
2613,1707,1707/8817,2.44e-14,Uncommon,generative,WizNerdz #2613,,,Standard
3798,1708,1708/8817,2.45e-14,Uncommon,generative,WizNerdz #3798,,,Standard
6039,1709,1709/8817,2.45e-14,Uncommon,generative,WizNerdz #6039,,,Standard
3215,1710,1710/8817,2.45e-14,Uncommon,generative,WizNerdz #3215,,,Standard
8214,1711,1711/8817,2.46e-14,Uncommon,generative,WizNerdz #8214,,,Standard
7959,1712,1712/8817,2.46e-14,Uncommon,generative,WizNerdz #7959,,,Standard
5841,1713,1713/8817,2.46e-14,Uncommon,generative,WizNerdz #5841,,,Standard
8222,1714,1714/8817,2.46e-14,Uncommon,generative,WizNerdz #8222,,,Standard
1386,1715,1715/8817,2.47e-14,Uncommon,generative,WizNerdz #1386,,,Standard
74,1716,1716/8817,2.47e-14,Uncommon,generative,WizNerdz #74,,,Standard
382,1717,1717/8817,2.47e-14,Uncommon,generative,WizNerdz #382,,,Standard
860,1718,1718/8817,2.47e-14,Uncommon,generative,WizNerdz #860,,,Standard
452,1719,1719/8817,2.48e-14,Uncommon,generative,WizNerdz #452,,,Standard
845,1720,1720/8817,2.48e-14,Uncommon,generative,WizNerdz #845,,,Standard
340,1721,1721/8817,2.49e-14,Uncommon,generative,WizNerdz #340,,,Standard
6605,1722,1722/8817,2.49e-14,Uncommon,generative,WizNerdz #6605,,,Standard
6882,1723,1723/8817,2.49e-14,Uncommon,generative,WizNerdz #6882,,,Standard
4866,1724,1724/8817,2.5e-14,Uncommon,generative,WizNerdz #4866,,,Standard
7163,1725,1725/8817,2.5e-14,Uncommon,generative,WizNerdz #7163,,,Standard
6590,1726,1726/8817,2.5e-14,Uncommon,generative,WizNerdz #6590,,,Standard
6594,1727,1727/8817,2.5e-14,Uncommon,generative,WizNerdz #6594,,,Standard
5874,1728,1728/8817,2.5e-14,Uncommon,generative,WizNerdz #5874,,,Standard
907,1729,1729/8817,2.51e-14,Uncommon,generative,WizNerdz #907,,,Standard
7993,1730,1730/8817,2.51e-14,Uncommon,generative,WizNerdz #7993,,,Standard
7456,1731,1731/8817,2.51e-14,Uncommon,generative,WizNerdz #7456,,,Standard
2916,1732,1732/8817,2.52e-14,Uncommon,generative,WizNerdz #2916,,,Standard
6457,1733,1733/8817,2.52e-14,Uncommon,generative,WizNerdz #6457,,,Standard
6725,1734,1734/8817,2.52e-14,Uncommon,generative,WizNerdz #6725,,,Standard
6618,1735,1735/8817,2.52e-14,Uncommon,generative,WizNerdz #6618,,,Standard
8308,1736,1736/8817,2.53e-14,Uncommon,generative,WizNerdz #8308,,,Standard
927,1737,1737/8817,2.54e-14,Uncommon,generative,WizNerdz #927,,,Standard
847,1738,1738/8817,2.54e-14,Uncommon,generative,WizNerdz #847,,,Standard
970,1739,1739/8817,2.54e-14,Uncommon,generative,WizNerdz #970,,,Standard
7372,1740,1740/8817,2.54e-14,Uncommon,generative,WizNerdz #7372,,,Standard
1690,1741,1741/8817,2.54e-14,Uncommon,generative,WizNerdz #1690,,,Standard
1392,1742,1742/8817,2.54e-14,Uncommon,generative,WizNerdz #1392,,,Standard
823,1743,1743/8817,2.54e-14,Uncommon,generative,WizNerdz #823,,,Standard
7535,1744,1744/8817,2.55e-14,Uncommon,generative,WizNerdz #7535,,,Standard
7562,1745,1745/8817,2.55e-14,Uncommon,generative,WizNerdz #7562,,,Standard
5208,1746,1746/8817,2.55e-14,Uncommon,generative,WizNerdz #5208,,,Standard
7647,1747,1747/8817,2.55e-14,Uncommon,generative,WizNerdz #7647,,,Standard
1181,1748,1748/8817,2.55e-14,Uncommon,generative,WizNerdz #1181,,,Standard
4475,1749,1749/8817,2.56e-14,Uncommon,generative,WizNerdz #4475,,,Standard
6114,1750,1750/8817,2.56e-14,Uncommon,generative,WizNerdz #6114,,,Standard
581,1751,1751/8817,2.56e-14,Uncommon,generative,WizNerdz #581,,,Standard
6028,1752,1752/8817,2.57e-14,Uncommon,generative,WizNerdz #6028,,,Standard
2845,1753,1753/8817,2.57e-14,Uncommon,generative,WizNerdz #2845,,,Standard
3393,1754,1754/8817,2.57e-14,Uncommon,generative,WizNerdz #3393,,,Standard
6341,1755,1755/8817,2.58e-14,Uncommon,generative,WizNerdz #6341,,,Standard
2572,1756,1756/8817,2.58e-14,Uncommon,generative,WizNerdz #2572,,,Standard
2155,1757,1757/8817,2.58e-14,Uncommon,generative,WizNerdz #2155,,,Standard
7624,1758,1758/8817,2.58e-14,Uncommon,generative,WizNerdz #7624,,,Standard
2262,1759,1759/8817,2.58e-14,Uncommon,generative,WizNerdz #2262,,,Standard
3092,1760,1760/8817,2.58e-14,Uncommon,generative,WizNerdz #3092,,,Standard
752,1761,1761/8817,2.58e-14,Uncommon,generative,WizNerdz #752,,,Standard
3828,1762,1762/8817,2.58e-14,Uncommon,generative,WizNerdz #3828,,,Standard
6211,1763,1763/8817,2.59e-14,Uncommon,generative,WizNerdz #6211,,,Standard
6975,1764,1764/8817,2.59e-14,Uncommon,generative,WizNerdz #6975,,,Standard
673,1765,1765/8817,2.59e-14,Uncommon,generative,WizNerdz #673,,,Standard
8406,1766,1766/8817,2.59e-14,Uncommon,generative,WizNerdz #8406,,,Standard
6803,1767,1767/8817,2.59e-14,Uncommon,generative,WizNerdz #6803,,,Standard
6038,1768,1768/8817,2.59e-14,Uncommon,generative,WizNerdz #6038,,,Standard
4751,1769,1769/8817,2.59e-14,Uncommon,generative,WizNerdz #4751,,,Standard
7481,1770,1770/8817,2.59e-14,Uncommon,generative,WizNerdz #7481,,,Standard
3811,1771,1771/8817,2.59e-14,Uncommon,generative,WizNerdz #3811,,,Standard
3007,1772,1772/8817,2.59e-14,Uncommon,generative,WizNerdz #3007,,,Standard
3180,1773,1773/8817,2.59e-14,Uncommon,generative,WizNerdz #3180,,,Standard
8341,1774,1774/8817,2.59e-14,Uncommon,generative,WizNerdz #8341,,,Standard
1319,1775,1775/8817,2.59e-14,Uncommon,generative,WizNerdz #1319,,,Standard
3979,1776,1776/8817,2.6e-14,Uncommon,generative,WizNerdz #3979,,,Standard
8669,1777,1777/8817,2.6e-14,Uncommon,generative,WizNerdz #8669,,,Standard
6225,1778,1778/8817,2.6e-14,Uncommon,generative,WizNerdz #6225,,,Standard
901,1779,1779/8817,2.6e-14,Uncommon,generative,WizNerdz #901,,,Standard
1307,1780,1780/8817,2.61e-14,Uncommon,generative,WizNerdz #1307,,,Standard
23,1781,1781/8817,2.61e-14,Uncommon,generative,WizNerdz #23,,,Standard
1317,1782,1782/8817,2.61e-14,Uncommon,generative,WizNerdz #1317,,,Standard
3937,1783,1783/8817,2.62e-14,Uncommon,generative,WizNerdz #3937,,,Standard
5638,1784,1784/8817,2.62e-14,Uncommon,generative,WizNerdz #5638,,,Standard
8376,1785,1785/8817,2.62e-14,Uncommon,generative,WizNerdz #8376,,,Standard
7164,1786,1786/8817,2.62e-14,Uncommon,generative,WizNerdz #7164,,,Standard
1508,1787,1787/8817,2.62e-14,Uncommon,generative,WizNerdz #1508,,,Standard
2399,1788,1788/8817,2.63e-14,Uncommon,generative,WizNerdz #2399,,,Standard
7371,1789,1789/8817,2.65e-14,Uncommon,generative,WizNerdz #7371,,,Standard
2996,1790,1790/8817,2.65e-14,Uncommon,generative,WizNerdz #2996,,,Standard
4245,1791,1791/8817,2.65e-14,Uncommon,generative,WizNerdz #4245,,,Standard
1867,1792,1792/8817,2.65e-14,Uncommon,generative,WizNerdz #1867,,,Standard
6478,1793,1793/8817,2.65e-14,Uncommon,generative,WizNerdz #6478,,,Standard
2819,1794,1794/8817,2.65e-14,Uncommon,generative,WizNerdz #2819,,,Standard
2012,1795,1795/8817,2.65e-14,Uncommon,generative,WizNerdz #2012,,,Standard
7607,1796,1796/8817,2.65e-14,Uncommon,generative,WizNerdz #7607,,,Standard
3836,1797,1797/8817,2.65e-14,Uncommon,generative,WizNerdz #3836,,,Standard
3451,1798,1798/8817,2.66e-14,Uncommon,generative,WizNerdz #3451,,,Standard
8223,1799,1799/8817,2.66e-14,Uncommon,generative,WizNerdz #8223,,,Standard
931,1800,1800/8817,2.67e-14,Uncommon,generative,WizNerdz #931,,,Standard
7518,1801,1801/8817,2.67e-14,Uncommon,generative,WizNerdz #7518,,,Standard
5337,1802,1802/8817,2.67e-14,Uncommon,generative,WizNerdz #5337,,,Standard
5088,1803,1803/8817,2.67e-14,Uncommon,generative,WizNerdz #5088,,,Standard
6049,1804,1804/8817,2.67e-14,Uncommon,generative,WizNerdz #6049,,,Standard
8359,1805,1805/8817,2.67e-14,Uncommon,generative,WizNerdz #8359,,,Standard
6301,1806,1806/8817,2.68e-14,Uncommon,generative,WizNerdz #6301,,,Standard
3884,1807,1807/8817,2.68e-14,Uncommon,generative,WizNerdz #3884,,,Standard
3491,1808,1808/8817,2.69e-14,Uncommon,generative,WizNerdz #3491,,,Standard
2517,1809,1809/8817,2.69e-14,Uncommon,generative,WizNerdz #2517,,,Standard
2004,1810,1810/8817,2.69e-14,Uncommon,generative,WizNerdz #2004,,,Standard
560,1811,1811/8817,2.69e-14,Uncommon,generative,WizNerdz #560,,,Standard
6062,1812,1812/8817,2.69e-14,Uncommon,generative,WizNerdz #6062,,,Standard
3093,1813,1813/8817,2.69e-14,Uncommon,generative,WizNerdz #3093,,,Standard
5467,1814,1814/8817,2.7e-14,Uncommon,generative,WizNerdz #5467,,,Standard
3900,1815,1815/8817,2.71e-14,Uncommon,generative,WizNerdz #3900,,,Standard
5999,1816,1816/8817,2.71e-14,Uncommon,generative,WizNerdz #5999,,,Standard
4514,1817,1817/8817,2.71e-14,Uncommon,generative,WizNerdz #4514,,,Standard
2030,1818,1818/8817,2.71e-14,Uncommon,generative,WizNerdz #2030,,,Standard
3945,1819,1819/8817,2.71e-14,Uncommon,generative,WizNerdz #3945,,,Standard
4732,1820,1820/8817,2.71e-14,Uncommon,generative,WizNerdz #4732,,,Standard
6234,1821,1821/8817,2.71e-14,Uncommon,generative,WizNerdz #6234,,,Standard
6528,1822,1822/8817,2.71e-14,Uncommon,generative,WizNerdz #6528,,,Standard
4079,1823,1823/8817,2.72e-14,Uncommon,generative,WizNerdz #4079,,,Standard
619,1824,1824/8817,2.72e-14,Uncommon,generative,WizNerdz #619,,,Standard
7475,1825,1825/8817,2.72e-14,Uncommon,generative,WizNerdz #7475,,,Standard
3534,1826,1826/8817,2.72e-14,Uncommon,generative,WizNerdz #3534,,,Standard
3380,1827,1827/8817,2.73e-14,Uncommon,generative,WizNerdz #3380,,,Standard
8586,1828,1828/8817,2.73e-14,Uncommon,generative,WizNerdz #8586,,,Standard
3275,1829,1829/8817,2.73e-14,Uncommon,generative,WizNerdz #3275,,,Standard
6124,1830,1830/8817,2.73e-14,Uncommon,generative,WizNerdz #6124,,,Standard
2453,1831,1831/8817,2.74e-14,Uncommon,generative,WizNerdz #2453,,,Standard
4193,1832,1832/8817,2.74e-14,Uncommon,generative,WizNerdz #4193,,,Standard
5490,1833,1833/8817,2.75e-14,Uncommon,generative,WizNerdz #5490,,,Standard
8001,1834,1834/8817,2.75e-14,Uncommon,generative,WizNerdz #8001,,,Standard
7511,1835,1835/8817,2.76e-14,Uncommon,generative,WizNerdz #7511,,,Standard
5062,1836,1836/8817,2.76e-14,Uncommon,generative,WizNerdz #5062,,,Standard
8864,1837,1837/8817,2.77e-14,Uncommon,generative,WizNerdz #8864,,,Standard
4950,1838,1838/8817,2.77e-14,Uncommon,generative,WizNerdz #4950,,,Standard
7867,1839,1839/8817,2.77e-14,Uncommon,generative,WizNerdz #7867,,,Standard
279,1840,1840/8817,2.77e-14,Uncommon,generative,WizNerdz #279,,,Standard
5046,1841,1841/8817,2.77e-14,Uncommon,generative,WizNerdz #5046,,,Standard
6969,1842,1842/8817,2.78e-14,Uncommon,generative,WizNerdz #6969,,,Standard
6809,1843,1843/8817,2.78e-14,Uncommon,generative,WizNerdz #6809,,,Standard
8572,1844,1844/8817,2.78e-14,Uncommon,generative,WizNerdz #8572,,,Standard
6911,1845,1845/8817,2.78e-14,Uncommon,generative,WizNerdz #6911,,,Standard
7622,1846,1846/8817,2.79e-14,Uncommon,generative,WizNerdz #7622,,,Standard
8016,1847,1847/8817,2.79e-14,Uncommon,generative,WizNerdz #8016,,,Standard
2313,1848,1848/8817,2.79e-14,Uncommon,generative,WizNerdz #2313,,,Standard
5375,1849,1849/8817,2.79e-14,Uncommon,generative,WizNerdz #5375,,,Standard
8795,1850,1850/8817,2.79e-14,Uncommon,generative,WizNerdz #8795,,,Standard
1539,1851,1851/8817,2.8e-14,Uncommon,generative,WizNerdz #1539,,,Standard
186,1852,1852/8817,2.8e-14,Uncommon,generative,WizNerdz #186,,,Standard
3492,1853,1853/8817,2.81e-14,Uncommon,generative,WizNerdz #3492,,,Standard
6128,1854,1854/8817,2.81e-14,Uncommon,generative,WizNerdz #6128,,,Standard
5264,1855,1855/8817,2.81e-14,Uncommon,generative,WizNerdz #5264,,,Standard
8870,1856,1856/8817,2.81e-14,Uncommon,generative,WizNerdz #8870,,,Standard
6568,1857,1857/8817,2.81e-14,Uncommon,generative,WizNerdz #6568,,,Standard
4332,1858,1858/8817,2.81e-14,Uncommon,generative,WizNerdz #4332,,,Standard
6188,1859,1859/8817,2.82e-14,Uncommon,generative,WizNerdz #6188,,,Standard
7424,1860,1860/8817,2.82e-14,Uncommon,generative,WizNerdz #7424,,,Standard
8265,1861,1861/8817,2.82e-14,Uncommon,generative,WizNerdz #8265,,,Standard
8505,1862,1862/8817,2.82e-14,Uncommon,generative,WizNerdz #8505,,,Standard
8768,1863,1863/8817,2.83e-14,Uncommon,generative,WizNerdz #8768,,,Standard
1132,1864,1864/8817,2.83e-14,Uncommon,generative,WizNerdz #1132,,,Standard
6239,1865,1865/8817,2.83e-14,Uncommon,generative,WizNerdz #6239,,,Standard
6760,1866,1866/8817,2.83e-14,Uncommon,generative,WizNerdz #6760,,,Standard
260,1867,1867/8817,2.84e-14,Uncommon,generative,WizNerdz #260,,,Standard
8482,1868,1868/8817,2.84e-14,Uncommon,generative,WizNerdz #8482,,,Standard
7630,1869,1869/8817,2.84e-14,Uncommon,generative,WizNerdz #7630,,,Standard
8144,1870,1870/8817,2.84e-14,Uncommon,generative,WizNerdz #8144,,,Standard
5163,1871,1871/8817,2.84e-14,Uncommon,generative,WizNerdz #5163,,,Standard
3779,1872,1872/8817,2.84e-14,Uncommon,generative,WizNerdz #3779,,,Standard
8577,1873,1873/8817,2.84e-14,Uncommon,generative,WizNerdz #8577,,,Standard
1057,1874,1874/8817,2.85e-14,Uncommon,generative,WizNerdz #1057,,,Standard
2638,1875,1875/8817,2.85e-14,Uncommon,generative,WizNerdz #2638,,,Standard
435,1876,1876/8817,2.85e-14,Uncommon,generative,WizNerdz #435,,,Standard
3334,1877,1877/8817,2.86e-14,Uncommon,generative,WizNerdz #3334,,,Standard
3143,1878,1878/8817,2.86e-14,Uncommon,generative,WizNerdz #3143,,,Standard
6612,1879,1879/8817,2.86e-14,Uncommon,generative,WizNerdz #6612,,,Standard
8157,1880,1880/8817,2.87e-14,Uncommon,generative,WizNerdz #8157,,,Standard
4345,1881,1881/8817,2.87e-14,Uncommon,generative,WizNerdz #4345,,,Standard
6539,1882,1882/8817,2.87e-14,Uncommon,generative,WizNerdz #6539,,,Standard
1654,1883,1883/8817,2.87e-14,Uncommon,generative,WizNerdz #1654,,,Standard
1294,1884,1884/8817,2.88e-14,Uncommon,generative,WizNerdz #1294,,,Standard
4744,1885,1885/8817,2.88e-14,Uncommon,generative,WizNerdz #4744,,,Standard
1282,1886,1886/8817,2.88e-14,Uncommon,generative,WizNerdz #1282,,,Standard
1428,1887,1887/8817,2.89e-14,Uncommon,generative,WizNerdz #1428,,,Standard
5480,1888,1888/8817,2.89e-14,Uncommon,generative,WizNerdz #5480,,,Standard
5133,1889,1889/8817,2.89e-14,Uncommon,generative,WizNerdz #5133,,,Standard
4566,1890,1890/8817,2.9e-14,Uncommon,generative,WizNerdz #4566,,,Standard
2669,1891,1891/8817,2.9e-14,Uncommon,generative,WizNerdz #2669,,,Standard
6320,1892,1892/8817,2.91e-14,Uncommon,generative,WizNerdz #6320,,,Standard
4970,1893,1893/8817,2.91e-14,Uncommon,generative,WizNerdz #4970,,,Standard
2701,1894,1894/8817,2.92e-14,Uncommon,generative,WizNerdz #2701,,,Standard
1647,1895,1895/8817,2.92e-14,Uncommon,generative,WizNerdz #1647,,,Standard
5953,1896,1896/8817,2.92e-14,Uncommon,generative,WizNerdz #5953,,,Standard
6877,1897,1897/8817,2.93e-14,Uncommon,generative,WizNerdz #6877,,,Standard
4310,1898,1898/8817,2.93e-14,Uncommon,generative,WizNerdz #4310,,,Standard
1552,1899,1899/8817,2.93e-14,Uncommon,generative,WizNerdz #1552,,,Standard
4586,1900,1900/8817,2.93e-14,Uncommon,generative,WizNerdz #4586,,,Standard
3515,1901,1901/8817,2.93e-14,Uncommon,generative,WizNerdz #3515,,,Standard
3763,1902,1902/8817,2.94e-14,Uncommon,generative,WizNerdz #3763,,,Standard
3613,1903,1903/8817,2.94e-14,Uncommon,generative,WizNerdz #3613,,,Standard
6232,1904,1904/8817,2.94e-14,Uncommon,generative,WizNerdz #6232,,,Standard
5536,1905,1905/8817,2.94e-14,Uncommon,generative,WizNerdz #5536,,,Standard
8529,1906,1906/8817,2.95e-14,Uncommon,generative,WizNerdz #8529,,,Standard
1480,1907,1907/8817,2.95e-14,Uncommon,generative,WizNerdz #1480,,,Standard
6774,1908,1908/8817,2.95e-14,Uncommon,generative,WizNerdz #6774,,,Standard
2309,1909,1909/8817,2.95e-14,Uncommon,generative,WizNerdz #2309,,,Standard
3432,1910,1910/8817,2.96e-14,Uncommon,generative,WizNerdz #3432,,,Standard
2518,1911,1911/8817,2.96e-14,Uncommon,generative,WizNerdz #2518,,,Standard
7044,1912,1912/8817,2.96e-14,Uncommon,generative,WizNerdz #7044,,,Standard
3792,1913,1913/8817,2.96e-14,Uncommon,generative,WizNerdz #3792,,,Standard
7050,1914,1914/8817,2.96e-14,Uncommon,generative,WizNerdz #7050,,,Standard
511,1915,1915/8817,2.96e-14,Uncommon,generative,WizNerdz #511,,,Standard
5125,1916,1916/8817,2.96e-14,Uncommon,generative,WizNerdz #5125,,,Standard
5211,1917,1917/8817,2.96e-14,Uncommon,generative,WizNerdz #5211,,,Standard
5561,1918,1918/8817,2.96e-14,Uncommon,generative,WizNerdz #5561,,,Standard
3208,1919,1919/8817,2.97e-14,Uncommon,generative,WizNerdz #3208,,,Standard
4976,1920,1920/8817,2.97e-14,Uncommon,generative,WizNerdz #4976,,,Standard
280,1921,1921/8817,2.97e-14,Uncommon,generative,WizNerdz #280,,,Standard
4839,1922,1922/8817,2.98e-14,Uncommon,generative,WizNerdz #4839,,,Standard
3328,1923,1923/8817,2.98e-14,Uncommon,generative,WizNerdz #3328,,,Standard
6795,1924,1924/8817,2.98e-14,Uncommon,generative,WizNerdz #6795,,,Standard
1503,1925,1925/8817,2.98e-14,Uncommon,generative,WizNerdz #1503,,,Standard
5026,1926,1926/8817,2.98e-14,Uncommon,generative,WizNerdz #5026,,,Standard
6214,1927,1927/8817,2.98e-14,Uncommon,generative,WizNerdz #6214,,,Standard
4149,1928,1928/8817,2.98e-14,Uncommon,generative,WizNerdz #4149,,,Standard
6907,1929,1929/8817,2.98e-14,Uncommon,generative,WizNerdz #6907,,,Standard
7415,1930,1930/8817,2.99e-14,Uncommon,generative,WizNerdz #7415,,,Standard
1504,1931,1931/8817,2.99e-14,Uncommon,generative,WizNerdz #1504,,,Standard
7690,1932,1932/8817,2.99e-14,Uncommon,generative,WizNerdz #7690,,,Standard
5757,1933,1933/8817,2.99e-14,Uncommon,generative,WizNerdz #5757,,,Standard
6838,1934,1934/8817,2.99e-14,Uncommon,generative,WizNerdz #6838,,,Standard
3015,1935,1935/8817,2.99e-14,Uncommon,generative,WizNerdz #3015,,,Standard
1932,1936,1936/8817,2.99e-14,Uncommon,generative,WizNerdz #1932,,,Standard
3646,1937,1937/8817,3e-14,Uncommon,generative,WizNerdz #3646,,,Standard
7177,1938,1938/8817,3e-14,Uncommon,generative,WizNerdz #7177,,,Standard
4850,1939,1939/8817,3e-14,Uncommon,generative,WizNerdz #4850,,,Standard
4305,1940,1940/8817,3e-14,Uncommon,generative,WizNerdz #4305,,,Standard
1597,1941,1941/8817,3e-14,Uncommon,generative,WizNerdz #1597,,,Standard
3041,1942,1942/8817,3e-14,Uncommon,generative,WizNerdz #3041,,,Standard
4255,1943,1943/8817,3.01e-14,Uncommon,generative,WizNerdz #4255,,,Standard
142,1944,1944/8817,3.02e-14,Uncommon,generative,WizNerdz #142,,,Standard
2826,1945,1945/8817,3.02e-14,Uncommon,generative,WizNerdz #2826,,,Standard
4385,1946,1946/8817,3.03e-14,Uncommon,generative,WizNerdz #4385,,,Standard
7863,1947,1947/8817,3.03e-14,Uncommon,generative,WizNerdz #7863,,,Standard
913,1948,1948/8817,3.04e-14,Uncommon,generative,WizNerdz #913,,,Standard
4613,1949,1949/8817,3.04e-14,Uncommon,generative,WizNerdz #4613,,,Standard
3935,1950,1950/8817,3.05e-14,Uncommon,generative,WizNerdz #3935,,,Standard
3315,1951,1951/8817,3.05e-14,Uncommon,generative,WizNerdz #3315,,,Standard
3608,1952,1952/8817,3.05e-14,Uncommon,generative,WizNerdz #3608,,,Standard
3864,1953,1953/8817,3.05e-14,Uncommon,generative,WizNerdz #3864,,,Standard
1697,1954,1954/8817,3.06e-14,Uncommon,generative,WizNerdz #1697,,,Standard
8435,1955,1955/8817,3.06e-14,Uncommon,generative,WizNerdz #8435,,,Standard
4231,1956,1956/8817,3.07e-14,Uncommon,generative,WizNerdz #4231,,,Standard
3654,1957,1957/8817,3.07e-14,Uncommon,generative,WizNerdz #3654,,,Standard
723,1958,1958/8817,3.07e-14,Uncommon,generative,WizNerdz #723,,,Standard
3941,1959,1959/8817,3.07e-14,Uncommon,generative,WizNerdz #3941,,,Standard
2254,1960,1960/8817,3.07e-14,Uncommon,generative,WizNerdz #2254,,,Standard
8504,1961,1961/8817,3.07e-14,Uncommon,generative,WizNerdz #8504,,,Standard
6363,1962,1962/8817,3.07e-14,Uncommon,generative,WizNerdz #6363,,,Standard
4131,1963,1963/8817,3.08e-14,Uncommon,generative,WizNerdz #4131,,,Standard
2147,1964,1964/8817,3.08e-14,Uncommon,generative,WizNerdz #2147,,,Standard
7447,1965,1965/8817,3.08e-14,Uncommon,generative,WizNerdz #7447,,,Standard
7331,1966,1966/8817,3.09e-14,Uncommon,generative,WizNerdz #7331,,,Standard
4687,1967,1967/8817,3.09e-14,Uncommon,generative,WizNerdz #4687,,,Standard
3706,1968,1968/8817,3.09e-14,Uncommon,generative,WizNerdz #3706,,,Standard
2188,1969,1969/8817,3.1e-14,Uncommon,generative,WizNerdz #2188,,,Standard
2312,1970,1970/8817,3.1e-14,Uncommon,generative,WizNerdz #2312,,,Standard
1305,1971,1971/8817,3.1e-14,Uncommon,generative,WizNerdz #1305,,,Standard
3323,1972,1972/8817,3.1e-14,Uncommon,generative,WizNerdz #3323,,,Standard
3011,1973,1973/8817,3.11e-14,Uncommon,generative,WizNerdz #3011,,,Standard
7006,1974,1974/8817,3.11e-14,Uncommon,generative,WizNerdz #7006,,,Standard
3219,1975,1975/8817,3.11e-14,Uncommon,generative,WizNerdz #3219,,,Standard
7375,1976,1976/8817,3.11e-14,Uncommon,generative,WizNerdz #7375,,,Standard
4459,1977,1977/8817,3.11e-14,Uncommon,generative,WizNerdz #4459,,,Standard
7940,1978,1978/8817,3.12e-14,Uncommon,generative,WizNerdz #7940,,,Standard
147,1979,1979/8817,3.13e-14,Uncommon,generative,WizNerdz #147,,,Standard
5079,1980,1980/8817,3.13e-14,Uncommon,generative,WizNerdz #5079,,,Standard
7679,1981,1981/8817,3.13e-14,Uncommon,generative,WizNerdz #7679,,,Standard
3657,1982,1982/8817,3.13e-14,Uncommon,generative,WizNerdz #3657,,,Standard
6952,1983,1983/8817,3.14e-14,Uncommon,generative,WizNerdz #6952,,,Standard
3037,1984,1984/8817,3.14e-14,Uncommon,generative,WizNerdz #3037,,,Standard
4723,1985,1985/8817,3.14e-14,Uncommon,generative,WizNerdz #4723,,,Standard
6730,1986,1986/8817,3.14e-14,Uncommon,generative,WizNerdz #6730,,,Standard
2095,1987,1987/8817,3.15e-14,Uncommon,generative,WizNerdz #2095,,,Standard
5681,1988,1988/8817,3.15e-14,Uncommon,generative,WizNerdz #5681,,,Standard
7128,1989,1989/8817,3.15e-14,Uncommon,generative,WizNerdz #7128,,,Standard
1863,1990,1990/8817,3.15e-14,Uncommon,generative,WizNerdz #1863,,,Standard
1750,1991,1991/8817,3.15e-14,Uncommon,generative,WizNerdz #1750,,,Standard
3527,1992,1992/8817,3.16e-14,Uncommon,generative,WizNerdz #3527,,,Standard
5166,1993,1993/8817,3.16e-14,Uncommon,generative,WizNerdz #5166,,,Standard
918,1994,1994/8817,3.16e-14,Uncommon,generative,WizNerdz #918,,,Standard
5368,1995,1995/8817,3.16e-14,Uncommon,generative,WizNerdz #5368,,,Standard
3108,1996,1996/8817,3.16e-14,Uncommon,generative,WizNerdz #3108,,,Standard
8743,1997,1997/8817,3.16e-14,Uncommon,generative,WizNerdz #8743,,,Standard
8670,1998,1998/8817,3.16e-14,Uncommon,generative,WizNerdz #8670,,,Standard
8034,1999,1999/8817,3.17e-14,Uncommon,generative,WizNerdz #8034,,,Standard
1995,2000,2000/8817,3.18e-14,Uncommon,generative,WizNerdz #1995,,,Standard
7186,2001,2001/8817,3.18e-14,Uncommon,generative,WizNerdz #7186,,,Standard
1636,2002,2002/8817,3.18e-14,Uncommon,generative,WizNerdz #1636,,,Standard
5879,2003,2003/8817,3.19e-14,Uncommon,generative,WizNerdz #5879,,,Standard
7362,2004,2004/8817,3.19e-14,Uncommon,generative,WizNerdz #7362,,,Standard
4139,2005,2005/8817,3.19e-14,Uncommon,generative,WizNerdz #4139,,,Standard
5072,2006,2006/8817,3.19e-14,Uncommon,generative,WizNerdz #5072,,,Standard
5325,2007,2007/8817,3.2e-14,Uncommon,generative,WizNerdz #5325,,,Standard
5081,2008,2008/8817,3.2e-14,Uncommon,generative,WizNerdz #5081,,,Standard
3785,2009,2009/8817,3.2e-14,Uncommon,generative,WizNerdz #3785,,,Standard
5800,2010,2010/8817,3.21e-14,Uncommon,generative,WizNerdz #5800,,,Standard
3421,2011,2011/8817,3.21e-14,Uncommon,generative,WizNerdz #3421,,,Standard
5655,2012,2012/8817,3.21e-14,Uncommon,generative,WizNerdz #5655,,,Standard
6407,2013,2013/8817,3.21e-14,Uncommon,generative,WizNerdz #6407,,,Standard
5280,2014,2014/8817,3.22e-14,Uncommon,generative,WizNerdz #5280,,,Standard
4957,2015,2015/8817,3.22e-14,Uncommon,generative,WizNerdz #4957,,,Standard
5491,2016,2016/8817,3.22e-14,Uncommon,generative,WizNerdz #5491,,,Standard
3413,2017,2017/8817,3.23e-14,Uncommon,generative,WizNerdz #3413,,,Standard
917,2018,2018/8817,3.23e-14,Uncommon,generative,WizNerdz #917,,,Standard
835,2019,2019/8817,3.24e-14,Uncommon,generative,WizNerdz #835,,,Standard
7427,2020,2020/8817,3.24e-14,Uncommon,generative,WizNerdz #7427,,,Standard
7490,2021,2021/8817,3.24e-14,Uncommon,generative,WizNerdz #7490,,,Standard
4411,2022,2022/8817,3.24e-14,Uncommon,generative,WizNerdz #4411,,,Standard
2201,2023,2023/8817,3.25e-14,Uncommon,generative,WizNerdz #2201,,,Standard
6445,2024,2024/8817,3.25e-14,Uncommon,generative,WizNerdz #6445,,,Standard
2136,2025,2025/8817,3.25e-14,Uncommon,generative,WizNerdz #2136,,,Standard
6353,2026,2026/8817,3.25e-14,Uncommon,generative,WizNerdz #6353,,,Standard
3487,2027,2027/8817,3.25e-14,Uncommon,generative,WizNerdz #3487,,,Standard
1722,2028,2028/8817,3.25e-14,Uncommon,generative,WizNerdz #1722,,,Standard
7299,2029,2029/8817,3.26e-14,Uncommon,generative,WizNerdz #7299,,,Standard
2441,2030,2030/8817,3.27e-14,Uncommon,generative,WizNerdz #2441,,,Standard
8520,2031,2031/8817,3.27e-14,Uncommon,generative,WizNerdz #8520,,,Standard
2765,2032,2032/8817,3.27e-14,Uncommon,generative,WizNerdz #2765,,,Standard
8388,2033,2033/8817,3.27e-14,Uncommon,generative,WizNerdz #8388,,,Standard
6902,2034,2034/8817,3.27e-14,Uncommon,generative,WizNerdz #6902,,,Standard
1520,2035,2035/8817,3.28e-14,Uncommon,generative,WizNerdz #1520,,,Standard
1367,2036,2036/8817,3.28e-14,Uncommon,generative,WizNerdz #1367,,,Standard
8056,2037,2037/8817,3.28e-14,Uncommon,generative,WizNerdz #8056,,,Standard
8523,2038,2038/8817,3.29e-14,Uncommon,generative,WizNerdz #8523,,,Standard
2870,2039,2039/8817,3.29e-14,Uncommon,generative,WizNerdz #2870,,,Standard
2184,2040,2040/8817,3.3e-14,Uncommon,generative,WizNerdz #2184,,,Standard
7157,2041,2041/8817,3.3e-14,Uncommon,generative,WizNerdz #7157,,,Standard
2233,2042,2042/8817,3.3e-14,Uncommon,generative,WizNerdz #2233,,,Standard
5376,2043,2043/8817,3.3e-14,Uncommon,generative,WizNerdz #5376,,,Standard
7722,2044,2044/8817,3.3e-14,Uncommon,generative,WizNerdz #7722,,,Standard
4648,2045,2045/8817,3.31e-14,Uncommon,generative,WizNerdz #4648,,,Standard
7937,2046,2046/8817,3.32e-14,Uncommon,generative,WizNerdz #7937,,,Standard
3622,2047,2047/8817,3.32e-14,Uncommon,generative,WizNerdz #3622,,,Standard
4463,2048,2048/8817,3.32e-14,Uncommon,generative,WizNerdz #4463,,,Standard
8285,2049,2049/8817,3.33e-14,Uncommon,generative,WizNerdz #8285,,,Standard
956,2050,2050/8817,3.33e-14,Uncommon,generative,WizNerdz #956,,,Standard
8184,2051,2051/8817,3.33e-14,Uncommon,generative,WizNerdz #8184,,,Standard
1118,2052,2052/8817,3.33e-14,Uncommon,generative,WizNerdz #1118,,,Standard
3081,2053,2053/8817,3.34e-14,Uncommon,generative,WizNerdz #3081,,,Standard
5331,2054,2054/8817,3.34e-14,Uncommon,generative,WizNerdz #5331,,,Standard
7662,2055,2055/8817,3.35e-14,Uncommon,generative,WizNerdz #7662,,,Standard
8873,2056,2056/8817,3.35e-14,Uncommon,generative,WizNerdz #8873,,,Standard
736,2057,2057/8817,3.35e-14,Uncommon,generative,WizNerdz #736,,,Standard
1970,2058,2058/8817,3.35e-14,Uncommon,generative,WizNerdz #1970,,,Standard
6084,2059,2059/8817,3.35e-14,Uncommon,generative,WizNerdz #6084,,,Standard
1701,2060,2060/8817,3.36e-14,Uncommon,generative,WizNerdz #1701,,,Standard
1148,2061,2061/8817,3.36e-14,Uncommon,generative,WizNerdz #1148,,,Standard
8884,2062,2062/8817,3.36e-14,Uncommon,generative,WizNerdz #8884,,,Standard
406,2063,2063/8817,3.37e-14,Uncommon,generative,WizNerdz #406,,,Standard
4280,2064,2064/8817,3.37e-14,Uncommon,generative,WizNerdz #4280,,,Standard
8887,2065,2065/8817,3.37e-14,Uncommon,generative,WizNerdz #8887,,,Standard
801,2066,2066/8817,3.37e-14,Uncommon,generative,WizNerdz #801,,,Standard
6787,2067,2067/8817,3.38e-14,Uncommon,generative,WizNerdz #6787,,,Standard
453,2068,2068/8817,3.38e-14,Uncommon,generative,WizNerdz #453,,,Standard
4146,2069,2069/8817,3.38e-14,Uncommon,generative,WizNerdz #4146,,,Standard
7858,2070,2070/8817,3.38e-14,Uncommon,generative,WizNerdz #7858,,,Standard
7948,2071,2071/8817,3.38e-14,Uncommon,generative,WizNerdz #7948,,,Standard
6841,2072,2072/8817,3.38e-14,Uncommon,generative,WizNerdz #6841,,,Standard
3749,2073,2073/8817,3.38e-14,Uncommon,generative,WizNerdz #3749,,,Standard
4998,2074,2074/8817,3.39e-14,Uncommon,generative,WizNerdz #4998,,,Standard
6693,2075,2075/8817,3.39e-14,Uncommon,generative,WizNerdz #6693,,,Standard
6428,2076,2076/8817,3.39e-14,Uncommon,generative,WizNerdz #6428,,,Standard
8705,2077,2077/8817,3.4e-14,Uncommon,generative,WizNerdz #8705,,,Standard
6213,2078,2078/8817,3.41e-14,Uncommon,generative,WizNerdz #6213,,,Standard
88,2079,2079/8817,3.41e-14,Uncommon,generative,WizNerdz #88,,,Standard
1638,2080,2080/8817,3.41e-14,Uncommon,generative,WizNerdz #1638,,,Standard
2967,2081,2081/8817,3.42e-14,Uncommon,generative,WizNerdz #2967,,,Standard
2665,2082,2082/8817,3.42e-14,Uncommon,generative,WizNerdz #2665,,,Standard
3645,2083,2083/8817,3.42e-14,Uncommon,generative,WizNerdz #3645,,,Standard
1455,2084,2084/8817,3.42e-14,Uncommon,generative,WizNerdz #1455,,,Standard
7875,2085,2085/8817,3.43e-14,Uncommon,generative,WizNerdz #7875,,,Standard
2488,2086,2086/8817,3.43e-14,Uncommon,generative,WizNerdz #2488,,,Standard
5420,2087,2087/8817,3.43e-14,Uncommon,generative,WizNerdz #5420,,,Standard
5371,2088,2088/8817,3.43e-14,Uncommon,generative,WizNerdz #5371,,,Standard
6131,2089,2089/8817,3.43e-14,Uncommon,generative,WizNerdz #6131,,,Standard
8601,2090,2090/8817,3.43e-14,Uncommon,generative,WizNerdz #8601,,,Standard
8095,2091,2091/8817,3.43e-14,Uncommon,generative,WizNerdz #8095,,,Standard
8088,2092,2092/8817,3.43e-14,Uncommon,generative,WizNerdz #8088,,,Standard
6800,2093,2093/8817,3.43e-14,Uncommon,generative,WizNerdz #6800,,,Standard
3119,2094,2094/8817,3.43e-14,Uncommon,generative,WizNerdz #3119,,,Standard
2714,2095,2095/8817,3.44e-14,Uncommon,generative,WizNerdz #2714,,,Standard
6542,2096,2096/8817,3.44e-14,Uncommon,generative,WizNerdz #6542,,,Standard
6812,2097,2097/8817,3.44e-14,Uncommon,generative,WizNerdz #6812,,,Standard
6752,2098,2098/8817,3.44e-14,Uncommon,generative,WizNerdz #6752,,,Standard
676,2099,2099/8817,3.44e-14,Uncommon,generative,WizNerdz #676,,,Standard
6351,2100,2100/8817,3.44e-14,Uncommon,generative,WizNerdz #6351,,,Standard
2545,2101,2101/8817,3.45e-14,Uncommon,generative,WizNerdz #2545,,,Standard
3547,2102,2102/8817,3.45e-14,Uncommon,generative,WizNerdz #3547,,,Standard
2175,2103,2103/8817,3.45e-14,Uncommon,generative,WizNerdz #2175,,,Standard
1258,2104,2104/8817,3.46e-14,Uncommon,generative,WizNerdz #1258,,,Standard
1173,2105,2105/8817,3.46e-14,Uncommon,generative,WizNerdz #1173,,,Standard
7234,2106,2106/8817,3.46e-14,Uncommon,generative,WizNerdz #7234,,,Standard
6865,2107,2107/8817,3.46e-14,Uncommon,generative,WizNerdz #6865,,,Standard
5634,2108,2108/8817,3.46e-14,Uncommon,generative,WizNerdz #5634,,,Standard
6622,2109,2109/8817,3.46e-14,Uncommon,generative,WizNerdz #6622,,,Standard
4413,2110,2110/8817,3.46e-14,Uncommon,generative,WizNerdz #4413,,,Standard
4031,2111,2111/8817,3.47e-14,Uncommon,generative,WizNerdz #4031,,,Standard
7404,2112,2112/8817,3.47e-14,Uncommon,generative,WizNerdz #7404,,,Standard
694,2113,2113/8817,3.47e-14,Uncommon,generative,WizNerdz #694,,,Standard
1933,2114,2114/8817,3.47e-14,Uncommon,generative,WizNerdz #1933,,,Standard
2051,2115,2115/8817,3.47e-14,Uncommon,generative,WizNerdz #2051,,,Standard
1334,2116,2116/8817,3.47e-14,Uncommon,generative,WizNerdz #1334,,,Standard
7035,2117,2117/8817,3.48e-14,Uncommon,generative,WizNerdz #7035,,,Standard
7898,2118,2118/8817,3.49e-14,Uncommon,generative,WizNerdz #7898,,,Standard
7111,2119,2119/8817,3.49e-14,Uncommon,generative,WizNerdz #7111,,,Standard
2934,2120,2120/8817,3.49e-14,Uncommon,generative,WizNerdz #2934,,,Standard
7129,2121,2121/8817,3.5e-14,Uncommon,generative,WizNerdz #7129,,,Standard
4076,2122,2122/8817,3.5e-14,Uncommon,generative,WizNerdz #4076,,,Standard
6888,2123,2123/8817,3.5e-14,Uncommon,generative,WizNerdz #6888,,,Standard
7446,2124,2124/8817,3.5e-14,Uncommon,generative,WizNerdz #7446,,,Standard
6250,2125,2125/8817,3.5e-14,Uncommon,generative,WizNerdz #6250,,,Standard
7341,2126,2126/8817,3.5e-14,Uncommon,generative,WizNerdz #7341,,,Standard
3078,2127,2127/8817,3.5e-14,Uncommon,generative,WizNerdz #3078,,,Standard
7592,2128,2128/8817,3.51e-14,Uncommon,generative,WizNerdz #7592,,,Standard
2339,2129,2129/8817,3.51e-14,Uncommon,generative,WizNerdz #2339,,,Standard
8514,2130,2130/8817,3.52e-14,Uncommon,generative,WizNerdz #8514,,,Standard
7637,2131,2131/8817,3.52e-14,Uncommon,generative,WizNerdz #7637,,,Standard
6218,2132,2132/8817,3.52e-14,Uncommon,generative,WizNerdz #6218,,,Standard
2208,2133,2133/8817,3.52e-14,Uncommon,generative,WizNerdz #2208,,,Standard
4356,2134,2134/8817,3.53e-14,Uncommon,generative,WizNerdz #4356,,,Standard
578,2135,2135/8817,3.53e-14,Uncommon,generative,WizNerdz #578,,,Standard
472,2136,2136/8817,3.53e-14,Uncommon,generative,WizNerdz #472,,,Standard
7193,2137,2137/8817,3.53e-14,Uncommon,generative,WizNerdz #7193,,,Standard
3670,2138,2138/8817,3.53e-14,Uncommon,generative,WizNerdz #3670,,,Standard
4496,2139,2139/8817,3.55e-14,Uncommon,generative,WizNerdz #4496,,,Standard
7483,2140,2140/8817,3.55e-14,Uncommon,generative,WizNerdz #7483,,,Standard
3610,2141,2141/8817,3.55e-14,Uncommon,generative,WizNerdz #3610,,,Standard
6197,2142,2142/8817,3.55e-14,Uncommon,generative,WizNerdz #6197,,,Standard
8444,2143,2143/8817,3.55e-14,Uncommon,generative,WizNerdz #8444,,,Standard
1470,2144,2144/8817,3.55e-14,Uncommon,generative,WizNerdz #1470,,,Standard
4827,2145,2145/8817,3.55e-14,Uncommon,generative,WizNerdz #4827,,,Standard
4428,2146,2146/8817,3.57e-14,Uncommon,generative,WizNerdz #4428,,,Standard
2178,2147,2147/8817,3.57e-14,Uncommon,generative,WizNerdz #2178,,,Standard
4963,2148,2148/8817,3.57e-14,Uncommon,generative,WizNerdz #4963,,,Standard
5479,2149,2149/8817,3.57e-14,Uncommon,generative,WizNerdz #5479,,,Standard
1,2150,2150/8817,3.58e-14,Uncommon,generative,WizNerdz #1,,,Standard
5642,2151,2151/8817,3.58e-14,Uncommon,generative,WizNerdz #5642,,,Standard
1556,2152,2152/8817,3.58e-14,Uncommon,generative,WizNerdz #1556,,,Standard
2663,2153,2153/8817,3.59e-14,Uncommon,generative,WizNerdz #2663,,,Standard
6569,2154,2154/8817,3.6e-14,Uncommon,generative,WizNerdz #6569,,,Standard
3927,2155,2155/8817,3.6e-14,Uncommon,generative,WizNerdz #3927,,,Standard
4295,2156,2156/8817,3.6e-14,Uncommon,generative,WizNerdz #4295,,,Standard
1011,2157,2157/8817,3.6e-14,Uncommon,generative,WizNerdz #1011,,,Standard
7087,2158,2158/8817,3.6e-14,Uncommon,generative,WizNerdz #7087,,,Standard
7957,2159,2159/8817,3.61e-14,Uncommon,generative,WizNerdz #7957,,,Standard
5085,2160,2160/8817,3.61e-14,Uncommon,generative,WizNerdz #5085,,,Standard
3758,2161,2161/8817,3.61e-14,Uncommon,generative,WizNerdz #3758,,,Standard
3198,2162,2162/8817,3.62e-14,Uncommon,generative,WizNerdz #3198,,,Standard
4545,2163,2163/8817,3.63e-14,Uncommon,generative,WizNerdz #4545,,,Standard
1029,2164,2164/8817,3.63e-14,Uncommon,generative,WizNerdz #1029,,,Standard
2039,2165,2165/8817,3.63e-14,Uncommon,generative,WizNerdz #2039,,,Standard
2891,2166,2166/8817,3.63e-14,Uncommon,generative,WizNerdz #2891,,,Standard
611,2167,2167/8817,3.64e-14,Uncommon,generative,WizNerdz #611,,,Standard
2838,2168,2168/8817,3.64e-14,Uncommon,generative,WizNerdz #2838,,,Standard
34,2169,2169/8817,3.65e-14,Uncommon,generative,WizNerdz #34,,,Standard
4441,2170,2170/8817,3.65e-14,Uncommon,generative,WizNerdz #4441,,,Standard
5682,2171,2171/8817,3.65e-14,Uncommon,generative,WizNerdz #5682,,,Standard
6714,2172,2172/8817,3.65e-14,Uncommon,generative,WizNerdz #6714,,,Standard
4854,2173,2173/8817,3.66e-14,Uncommon,generative,WizNerdz #4854,,,Standard
110,2174,2174/8817,3.66e-14,Uncommon,generative,WizNerdz #110,,,Standard
6846,2175,2175/8817,3.66e-14,Uncommon,generative,WizNerdz #6846,,,Standard
2104,2176,2176/8817,3.66e-14,Uncommon,generative,WizNerdz #2104,,,Standard
2658,2177,2177/8817,3.66e-14,Uncommon,generative,WizNerdz #2658,,,Standard
5934,2178,2178/8817,3.66e-14,Uncommon,generative,WizNerdz #5934,,,Standard
3254,2179,2179/8817,3.67e-14,Uncommon,generative,WizNerdz #3254,,,Standard
3333,2180,2180/8817,3.67e-14,Uncommon,generative,WizNerdz #3333,,,Standard
7414,2181,2181/8817,3.67e-14,Uncommon,generative,WizNerdz #7414,,,Standard
1025,2182,2182/8817,3.67e-14,Uncommon,generative,WizNerdz #1025,,,Standard
1671,2183,2183/8817,3.68e-14,Uncommon,generative,WizNerdz #1671,,,Standard
318,2184,2184/8817,3.68e-14,Uncommon,generative,WizNerdz #318,,,Standard
6818,2185,2185/8817,3.68e-14,Uncommon,generative,WizNerdz #6818,,,Standard
4587,2186,2186/8817,3.68e-14,Uncommon,generative,WizNerdz #4587,,,Standard
6861,2187,2187/8817,3.68e-14,Uncommon,generative,WizNerdz #6861,,,Standard
2369,2188,2188/8817,3.68e-14,Uncommon,generative,WizNerdz #2369,,,Standard
6555,2189,2189/8817,3.69e-14,Uncommon,generative,WizNerdz #6555,,,Standard
4292,2190,2190/8817,3.69e-14,Uncommon,generative,WizNerdz #4292,,,Standard
6373,2191,2191/8817,3.69e-14,Uncommon,generative,WizNerdz #6373,,,Standard
5577,2192,2192/8817,3.69e-14,Uncommon,generative,WizNerdz #5577,,,Standard
5601,2193,2193/8817,3.7e-14,Uncommon,generative,WizNerdz #5601,,,Standard
4099,2194,2194/8817,3.7e-14,Uncommon,generative,WizNerdz #4099,,,Standard
1622,2195,2195/8817,3.71e-14,Uncommon,generative,WizNerdz #1622,,,Standard
4025,2196,2196/8817,3.71e-14,Uncommon,generative,WizNerdz #4025,,,Standard
3724,2197,2197/8817,3.71e-14,Uncommon,generative,WizNerdz #3724,,,Standard
8824,2198,2198/8817,3.72e-14,Uncommon,generative,WizNerdz #8824,,,Standard
3725,2199,2199/8817,3.73e-14,Uncommon,generative,WizNerdz #3725,,,Standard
8786,2200,2200/8817,3.73e-14,Uncommon,generative,WizNerdz #8786,,,Standard
4386,2201,2201/8817,3.73e-14,Uncommon,generative,WizNerdz #4386,,,Standard
3561,2202,2202/8817,3.73e-14,Uncommon,generative,WizNerdz #3561,,,Standard
3744,2203,2203/8817,3.74e-14,Uncommon,generative,WizNerdz #3744,,,Standard
7603,2204,2204/8817,3.74e-14,Uncommon,generative,WizNerdz #7603,,,Standard
2497,2205,2205/8817,3.74e-14,Uncommon,generative,WizNerdz #2497,,,Standard
4491,2206,2206/8817,3.74e-14,Uncommon,generative,WizNerdz #4491,,,Standard
8186,2207,2207/8817,3.74e-14,Uncommon,generative,WizNerdz #8186,,,Standard
5908,2208,2208/8817,3.74e-14,Uncommon,generative,WizNerdz #5908,,,Standard
5394,2209,2209/8817,3.74e-14,Uncommon,generative,WizNerdz #5394,,,Standard
8597,2210,2210/8817,3.75e-14,Uncommon,generative,WizNerdz #8597,,,Standard
4102,2211,2211/8817,3.75e-14,Uncommon,generative,WizNerdz #4102,,,Standard
3311,2212,2212/8817,3.77e-14,Uncommon,generative,WizNerdz #3311,,,Standard
2464,2213,2213/8817,3.77e-14,Uncommon,generative,WizNerdz #2464,,,Standard
6086,2214,2214/8817,3.77e-14,Uncommon,generative,WizNerdz #6086,,,Standard
5022,2215,2215/8817,3.77e-14,Uncommon,generative,WizNerdz #5022,,,Standard
7063,2216,2216/8817,3.77e-14,Uncommon,generative,WizNerdz #7063,,,Standard
1095,2217,2217/8817,3.77e-14,Uncommon,generative,WizNerdz #1095,,,Standard
5513,2218,2218/8817,3.78e-14,Uncommon,generative,WizNerdz #5513,,,Standard
5661,2219,2219/8817,3.78e-14,Uncommon,generative,WizNerdz #5661,,,Standard
1210,2220,2220/8817,3.79e-14,Uncommon,generative,WizNerdz #1210,,,Standard
2957,2221,2221/8817,3.79e-14,Uncommon,generative,WizNerdz #2957,,,Standard
2323,2222,2222/8817,3.79e-14,Uncommon,generative,WizNerdz #2323,,,Standard
6180,2223,2223/8817,3.79e-14,Uncommon,generative,WizNerdz #6180,,,Standard
6343,2224,2224/8817,3.79e-14,Uncommon,generative,WizNerdz #6343,,,Standard
3060,2225,2225/8817,3.8e-14,Uncommon,generative,WizNerdz #3060,,,Standard
1771,2226,2226/8817,3.8e-14,Uncommon,generative,WizNerdz #1771,,,Standard
3396,2227,2227/8817,3.8e-14,Uncommon,generative,WizNerdz #3396,,,Standard
1980,2228,2228/8817,3.8e-14,Uncommon,generative,WizNerdz #1980,,,Standard
2131,2229,2229/8817,3.8e-14,Uncommon,generative,WizNerdz #2131,,,Standard
8554,2230,2230/8817,3.8e-14,Uncommon,generative,WizNerdz #8554,,,Standard
1226,2231,2231/8817,3.81e-14,Uncommon,generative,WizNerdz #1226,,,Standard
2437,2232,2232/8817,3.81e-14,Uncommon,generative,WizNerdz #2437,,,Standard
7914,2233,2233/8817,3.82e-14,Uncommon,generative,WizNerdz #7914,,,Standard
8876,2234,2234/8817,3.83e-14,Uncommon,generative,WizNerdz #8876,,,Standard
7460,2235,2235/8817,3.83e-14,Uncommon,generative,WizNerdz #7460,,,Standard
1766,2236,2236/8817,3.84e-14,Uncommon,generative,WizNerdz #1766,,,Standard
3902,2237,2237/8817,3.84e-14,Uncommon,generative,WizNerdz #3902,,,Standard
1532,2238,2238/8817,3.84e-14,Uncommon,generative,WizNerdz #1532,,,Standard
2421,2239,2239/8817,3.85e-14,Uncommon,generative,WizNerdz #2421,,,Standard
440,2240,2240/8817,3.85e-14,Uncommon,generative,WizNerdz #440,,,Standard
5439,2241,2241/8817,3.85e-14,Uncommon,generative,WizNerdz #5439,,,Standard
4541,2242,2242/8817,3.85e-14,Uncommon,generative,WizNerdz #4541,,,Standard
5460,2243,2243/8817,3.86e-14,Uncommon,generative,WizNerdz #5460,,,Standard
3969,2244,2244/8817,3.86e-14,Uncommon,generative,WizNerdz #3969,,,Standard
792,2245,2245/8817,3.87e-14,Uncommon,generative,WizNerdz #792,,,Standard
8426,2246,2246/8817,3.87e-14,Uncommon,generative,WizNerdz #8426,,,Standard
7520,2247,2247/8817,3.87e-14,Uncommon,generative,WizNerdz #7520,,,Standard
253,2248,2248/8817,3.87e-14,Uncommon,generative,WizNerdz #253,,,Standard
2311,2249,2249/8817,3.87e-14,Uncommon,generative,WizNerdz #2311,,,Standard
1059,2250,2250/8817,3.87e-14,Uncommon,generative,WizNerdz #1059,,,Standard
8583,2251,2251/8817,3.88e-14,Uncommon,generative,WizNerdz #8583,,,Standard
4437,2252,2252/8817,3.88e-14,Uncommon,generative,WizNerdz #4437,,,Standard
185,2253,2253/8817,3.88e-14,Uncommon,generative,WizNerdz #185,,,Standard
6024,2254,2254/8817,3.88e-14,Uncommon,generative,WizNerdz #6024,,,Standard
4774,2255,2255/8817,3.89e-14,Uncommon,generative,WizNerdz #4774,,,Standard
6241,2256,2256/8817,3.89e-14,Uncommon,generative,WizNerdz #6241,,,Standard
634,2257,2257/8817,3.89e-14,Uncommon,generative,WizNerdz #634,,,Standard
5925,2258,2258/8817,3.89e-14,Uncommon,generative,WizNerdz #5925,,,Standard
1768,2259,2259/8817,3.89e-14,Uncommon,generative,WizNerdz #1768,,,Standard
30,2260,2260/8817,3.89e-14,Uncommon,generative,WizNerdz #30,,,Standard
813,2261,2261/8817,3.9e-14,Uncommon,generative,WizNerdz #813,,,Standard
4107,2262,2262/8817,3.9e-14,Uncommon,generative,WizNerdz #4107,,,Standard
1193,2263,2263/8817,3.91e-14,Uncommon,generative,WizNerdz #1193,,,Standard
5753,2264,2264/8817,3.91e-14,Uncommon,generative,WizNerdz #5753,,,Standard
7180,2265,2265/8817,3.91e-14,Uncommon,generative,WizNerdz #7180,,,Standard
2459,2266,2266/8817,3.91e-14,Uncommon,generative,WizNerdz #2459,,,Standard
3096,2267,2267/8817,3.92e-14,Uncommon,generative,WizNerdz #3096,,,Standard
197,2268,2268/8817,3.92e-14,Uncommon,generative,WizNerdz #197,,,Standard
1942,2269,2269/8817,3.92e-14,Uncommon,generative,WizNerdz #1942,,,Standard
6254,2270,2270/8817,3.92e-14,Uncommon,generative,WizNerdz #6254,,,Standard
5040,2271,2271/8817,3.92e-14,Uncommon,generative,WizNerdz #5040,,,Standard
4813,2272,2272/8817,3.92e-14,Uncommon,generative,WizNerdz #4813,,,Standard
4759,2273,2273/8817,3.93e-14,Uncommon,generative,WizNerdz #4759,,,Standard
570,2274,2274/8817,3.93e-14,Uncommon,generative,WizNerdz #570,,,Standard
911,2275,2275/8817,3.93e-14,Uncommon,generative,WizNerdz #911,,,Standard
2761,2276,2276/8817,3.94e-14,Uncommon,generative,WizNerdz #2761,,,Standard
5942,2277,2277/8817,3.94e-14,Uncommon,generative,WizNerdz #5942,,,Standard
2561,2278,2278/8817,3.94e-14,Uncommon,generative,WizNerdz #2561,,,Standard
1463,2279,2279/8817,3.94e-14,Uncommon,generative,WizNerdz #1463,,,Standard
484,2280,2280/8817,3.94e-14,Uncommon,generative,WizNerdz #484,,,Standard
2830,2281,2281/8817,3.94e-14,Uncommon,generative,WizNerdz #2830,,,Standard
1513,2282,2282/8817,3.95e-14,Uncommon,generative,WizNerdz #1513,,,Standard
7865,2283,2283/8817,3.95e-14,Uncommon,generative,WizNerdz #7865,,,Standard
730,2284,2284/8817,3.95e-14,Uncommon,generative,WizNerdz #730,,,Standard
4377,2285,2285/8817,3.95e-14,Uncommon,generative,WizNerdz #4377,,,Standard
5756,2286,2286/8817,3.95e-14,Uncommon,generative,WizNerdz #5756,,,Standard
4433,2287,2287/8817,3.95e-14,Uncommon,generative,WizNerdz #4433,,,Standard
2243,2288,2288/8817,3.96e-14,Uncommon,generative,WizNerdz #2243,,,Standard
4449,2289,2289/8817,3.96e-14,Uncommon,generative,WizNerdz #4449,,,Standard
4995,2290,2290/8817,3.97e-14,Uncommon,generative,WizNerdz #4995,,,Standard
7197,2291,2291/8817,3.98e-14,Uncommon,generative,WizNerdz #7197,,,Standard
2666,2292,2292/8817,3.98e-14,Uncommon,generative,WizNerdz #2666,,,Standard
8785,2293,2293/8817,3.98e-14,Uncommon,generative,WizNerdz #8785,,,Standard
7534,2294,2294/8817,3.99e-14,Uncommon,generative,WizNerdz #7534,,,Standard
7682,2295,2295/8817,3.99e-14,Uncommon,generative,WizNerdz #7682,,,Standard
5363,2296,2296/8817,3.99e-14,Uncommon,generative,WizNerdz #5363,,,Standard
3377,2297,2297/8817,3.99e-14,Uncommon,generative,WizNerdz #3377,,,Standard
7656,2298,2298/8817,3.99e-14,Uncommon,generative,WizNerdz #7656,,,Standard
19,2299,2299/8817,3.99e-14,Uncommon,generative,WizNerdz #19,,,Standard
3021,2300,2300/8817,3.99e-14,Uncommon,generative,WizNerdz #3021,,,Standard
818,2301,2301/8817,4e-14,Uncommon,generative,WizNerdz #818,,,Standard
7636,2302,2302/8817,4e-14,Uncommon,generative,WizNerdz #7636,,,Standard
8685,2303,2303/8817,4e-14,Uncommon,generative,WizNerdz #8685,,,Standard
4734,2304,2304/8817,4e-14,Uncommon,generative,WizNerdz #4734,,,Standard
3017,2305,2305/8817,4e-14,Uncommon,generative,WizNerdz #3017,,,Standard
2199,2306,2306/8817,4e-14,Uncommon,generative,WizNerdz #2199,,,Standard
2985,2307,2307/8817,4e-14,Uncommon,generative,WizNerdz #2985,,,Standard
1206,2308,2308/8817,4e-14,Uncommon,generative,WizNerdz #1206,,,Standard
1739,2309,2309/8817,4e-14,Uncommon,generative,WizNerdz #1739,,,Standard
8835,2310,2310/8817,4.01e-14,Uncommon,generative,WizNerdz #8835,,,Standard
3217,2311,2311/8817,4.02e-14,Uncommon,generative,WizNerdz #3217,,,Standard
7611,2312,2312/8817,4.02e-14,Uncommon,generative,WizNerdz #7611,,,Standard
879,2313,2313/8817,4.02e-14,Uncommon,generative,WizNerdz #879,,,Standard
3563,2314,2314/8817,4.02e-14,Uncommon,generative,WizNerdz #3563,,,Standard
5825,2315,2315/8817,4.02e-14,Uncommon,generative,WizNerdz #5825,,,Standard
96,2316,2316/8817,4.02e-14,Uncommon,generative,WizNerdz #96,,,Standard
7694,2317,2317/8817,4.02e-14,Uncommon,generative,WizNerdz #7694,,,Standard
8198,2318,2318/8817,4.03e-14,Uncommon,generative,WizNerdz #8198,,,Standard
8477,2319,2319/8817,4.03e-14,Uncommon,generative,WizNerdz #8477,,,Standard
4465,2320,2320/8817,4.03e-14,Uncommon,generative,WizNerdz #4465,,,Standard
7125,2321,2321/8817,4.04e-14,Uncommon,generative,WizNerdz #7125,,,Standard
2220,2322,2322/8817,4.04e-14,Uncommon,generative,WizNerdz #2220,,,Standard
7499,2323,2323/8817,4.04e-14,Uncommon,generative,WizNerdz #7499,,,Standard
8159,2324,2324/8817,4.05e-14,Uncommon,generative,WizNerdz #8159,,,Standard
6316,2325,2325/8817,4.06e-14,Uncommon,generative,WizNerdz #6316,,,Standard
3859,2326,2326/8817,4.06e-14,Uncommon,generative,WizNerdz #3859,,,Standard
331,2327,2327/8817,4.06e-14,Uncommon,generative,WizNerdz #331,,,Standard
3312,2328,2328/8817,4.07e-14,Uncommon,generative,WizNerdz #3312,,,Standard
7593,2329,2329/8817,4.07e-14,Uncommon,generative,WizNerdz #7593,,,Standard
2056,2330,2330/8817,4.07e-14,Uncommon,generative,WizNerdz #2056,,,Standard
6695,2331,2331/8817,4.08e-14,Uncommon,generative,WizNerdz #6695,,,Standard
299,2332,2332/8817,4.08e-14,Uncommon,generative,WizNerdz #299,,,Standard
7385,2333,2333/8817,4.09e-14,Uncommon,generative,WizNerdz #7385,,,Standard
6422,2334,2334/8817,4.09e-14,Uncommon,generative,WizNerdz #6422,,,Standard
3494,2335,2335/8817,4.09e-14,Uncommon,generative,WizNerdz #3494,,,Standard
6678,2336,2336/8817,4.1e-14,Uncommon,generative,WizNerdz #6678,,,Standard
1603,2337,2337/8817,4.1e-14,Uncommon,generative,WizNerdz #1603,,,Standard
6687,2338,2338/8817,4.1e-14,Uncommon,generative,WizNerdz #6687,,,Standard
649,2339,2339/8817,4.1e-14,Uncommon,generative,WizNerdz #649,,,Standard
4966,2340,2340/8817,4.11e-14,Uncommon,generative,WizNerdz #4966,,,Standard
6048,2341,2341/8817,4.11e-14,Uncommon,generative,WizNerdz #6048,,,Standard
140,2342,2342/8817,4.11e-14,Uncommon,generative,WizNerdz #140,,,Standard
5361,2343,2343/8817,4.12e-14,Uncommon,generative,WizNerdz #5361,,,Standard
5000,2344,2344/8817,4.12e-14,Uncommon,generative,WizNerdz #5000,,,Standard
1189,2345,2345/8817,4.12e-14,Uncommon,generative,WizNerdz #1189,,,Standard
1382,2346,2346/8817,4.12e-14,Uncommon,generative,WizNerdz #1382,,,Standard
6466,2347,2347/8817,4.13e-14,Uncommon,generative,WizNerdz #6466,,,Standard
6498,2348,2348/8817,4.13e-14,Uncommon,generative,WizNerdz #6498,,,Standard
5611,2349,2349/8817,4.13e-14,Uncommon,generative,WizNerdz #5611,,,Standard
6419,2350,2350/8817,4.13e-14,Uncommon,generative,WizNerdz #6419,,,Standard
692,2351,2351/8817,4.13e-14,Uncommon,generative,WizNerdz #692,,,Standard
899,2352,2352/8817,4.14e-14,Uncommon,generative,WizNerdz #899,,,Standard
367,2353,2353/8817,4.14e-14,Uncommon,generative,WizNerdz #367,,,Standard
1780,2354,2354/8817,4.14e-14,Uncommon,generative,WizNerdz #1780,,,Standard
7141,2355,2355/8817,4.15e-14,Uncommon,generative,WizNerdz #7141,,,Standard
4997,2356,2356/8817,4.15e-14,Uncommon,generative,WizNerdz #4997,,,Standard
3595,2357,2357/8817,4.15e-14,Uncommon,generative,WizNerdz #3595,,,Standard
5091,2358,2358/8817,4.15e-14,Uncommon,generative,WizNerdz #5091,,,Standard
2833,2359,2359/8817,4.15e-14,Uncommon,generative,WizNerdz #2833,,,Standard
7137,2360,2360/8817,4.15e-14,Uncommon,generative,WizNerdz #7137,,,Standard
973,2361,2361/8817,4.16e-14,Uncommon,generative,WizNerdz #973,,,Standard
4196,2362,2362/8817,4.16e-14,Uncommon,generative,WizNerdz #4196,,,Standard
7671,2363,2363/8817,4.16e-14,Uncommon,generative,WizNerdz #7671,,,Standard
961,2364,2364/8817,4.16e-14,Uncommon,generative,WizNerdz #961,,,Standard
5731,2365,2365/8817,4.17e-14,Uncommon,generative,WizNerdz #5731,,,Standard
8342,2366,2366/8817,4.17e-14,Uncommon,generative,WizNerdz #8342,,,Standard
3675,2367,2367/8817,4.17e-14,Uncommon,generative,WizNerdz #3675,,,Standard
1585,2368,2368/8817,4.17e-14,Uncommon,generative,WizNerdz #1585,,,Standard
8216,2369,2369/8817,4.18e-14,Uncommon,generative,WizNerdz #8216,,,Standard
885,2370,2370/8817,4.18e-14,Uncommon,generative,WizNerdz #885,,,Standard
211,2371,2371/8817,4.18e-14,Uncommon,generative,WizNerdz #211,,,Standard
6430,2372,2372/8817,4.19e-14,Uncommon,generative,WizNerdz #6430,,,Standard
4217,2373,2373/8817,4.19e-14,Uncommon,generative,WizNerdz #4217,,,Standard
245,2374,2374/8817,4.19e-14,Uncommon,generative,WizNerdz #245,,,Standard
2810,2375,2375/8817,4.19e-14,Uncommon,generative,WizNerdz #2810,,,Standard
4197,2376,2376/8817,4.19e-14,Uncommon,generative,WizNerdz #4197,,,Standard
6303,2377,2377/8817,4.2e-14,Uncommon,generative,WizNerdz #6303,,,Standard
7072,2378,2378/8817,4.2e-14,Uncommon,generative,WizNerdz #7072,,,Standard
4794,2379,2379/8817,4.2e-14,Uncommon,generative,WizNerdz #4794,,,Standard
5436,2380,2380/8817,4.21e-14,Uncommon,generative,WizNerdz #5436,,,Standard
372,2381,2381/8817,4.21e-14,Uncommon,generative,WizNerdz #372,,,Standard
2836,2382,2382/8817,4.21e-14,Uncommon,generative,WizNerdz #2836,,,Standard
886,2383,2383/8817,4.21e-14,Uncommon,generative,WizNerdz #886,,,Standard
4886,2384,2384/8817,4.21e-14,Uncommon,generative,WizNerdz #4886,,,Standard
4007,2385,2385/8817,4.22e-14,Uncommon,generative,WizNerdz #4007,,,Standard
4590,2386,2386/8817,4.22e-14,Uncommon,generative,WizNerdz #4590,,,Standard
3727,2387,2387/8817,4.22e-14,Uncommon,generative,WizNerdz #3727,,,Standard
2084,2388,2388/8817,4.22e-14,Uncommon,generative,WizNerdz #2084,,,Standard
2969,2389,2389/8817,4.23e-14,Uncommon,generative,WizNerdz #2969,,,Standard
982,2390,2390/8817,4.23e-14,Uncommon,generative,WizNerdz #982,,,Standard
4571,2391,2391/8817,4.23e-14,Uncommon,generative,WizNerdz #4571,,,Standard
3823,2392,2392/8817,4.24e-14,Uncommon,generative,WizNerdz #3823,,,Standard
7224,2393,2393/8817,4.24e-14,Uncommon,generative,WizNerdz #7224,,,Standard
1599,2394,2394/8817,4.24e-14,Uncommon,generative,WizNerdz #1599,,,Standard
3691,2395,2395/8817,4.24e-14,Uncommon,generative,WizNerdz #3691,,,Standard
2102,2396,2396/8817,4.25e-14,Uncommon,generative,WizNerdz #2102,,,Standard
4357,2397,2397/8817,4.25e-14,Uncommon,generative,WizNerdz #4357,,,Standard
3778,2398,2398/8817,4.25e-14,Uncommon,generative,WizNerdz #3778,,,Standard
2288,2399,2399/8817,4.26e-14,Uncommon,generative,WizNerdz #2288,,,Standard
4616,2400,2400/8817,4.26e-14,Uncommon,generative,WizNerdz #4616,,,Standard
8729,2401,2401/8817,4.26e-14,Uncommon,generative,WizNerdz #8729,,,Standard
20,2402,2402/8817,4.26e-14,Uncommon,generative,WizNerdz #20,,,Standard
2381,2403,2403/8817,4.26e-14,Uncommon,generative,WizNerdz #2381,,,Standard
7777,2404,2404/8817,4.27e-14,Uncommon,generative,WizNerdz #7777,,,Standard
8111,2405,2405/8817,4.27e-14,Uncommon,generative,WizNerdz #8111,,,Standard
3101,2406,2406/8817,4.27e-14,Uncommon,generative,WizNerdz #3101,,,Standard
6505,2407,2407/8817,4.28e-14,Uncommon,generative,WizNerdz #6505,,,Standard
365,2408,2408/8817,4.28e-14,Uncommon,generative,WizNerdz #365,,,Standard
1384,2409,2409/8817,4.28e-14,Uncommon,generative,WizNerdz #1384,,,Standard
8776,2410,2410/8817,4.28e-14,Uncommon,generative,WizNerdz #8776,,,Standard
7788,2411,2411/8817,4.28e-14,Uncommon,generative,WizNerdz #7788,,,Standard
346,2412,2412/8817,4.29e-14,Uncommon,generative,WizNerdz #346,,,Standard
8468,2413,2413/8817,4.29e-14,Uncommon,generative,WizNerdz #8468,,,Standard
7024,2414,2414/8817,4.3e-14,Uncommon,generative,WizNerdz #7024,,,Standard
5767,2415,2415/8817,4.3e-14,Uncommon,generative,WizNerdz #5767,,,Standard
1236,2416,2416/8817,4.31e-14,Uncommon,generative,WizNerdz #1236,,,Standard
6070,2417,2417/8817,4.31e-14,Uncommon,generative,WizNerdz #6070,,,Standard
5056,2418,2418/8817,4.31e-14,Uncommon,generative,WizNerdz #5056,,,Standard
8052,2419,2419/8817,4.33e-14,Uncommon,generative,WizNerdz #8052,,,Standard
5811,2420,2420/8817,4.33e-14,Uncommon,generative,WizNerdz #5811,,,Standard
7422,2421,2421/8817,4.33e-14,Uncommon,generative,WizNerdz #7422,,,Standard
1093,2422,2422/8817,4.33e-14,Uncommon,generative,WizNerdz #1093,,,Standard
6576,2423,2423/8817,4.33e-14,Uncommon,generative,WizNerdz #6576,,,Standard
6691,2424,2424/8817,4.33e-14,Uncommon,generative,WizNerdz #6691,,,Standard
6743,2425,2425/8817,4.33e-14,Uncommon,generative,WizNerdz #6743,,,Standard
2487,2426,2426/8817,4.34e-14,Uncommon,generative,WizNerdz #2487,,,Standard
6596,2427,2427/8817,4.34e-14,Uncommon,generative,WizNerdz #6596,,,Standard
178,2428,2428/8817,4.34e-14,Uncommon,generative,WizNerdz #178,,,Standard
6765,2429,2429/8817,4.34e-14,Uncommon,generative,WizNerdz #6765,,,Standard
7515,2430,2430/8817,4.34e-14,Uncommon,generative,WizNerdz #7515,,,Standard
865,2431,2431/8817,4.34e-14,Uncommon,generative,WizNerdz #865,,,Standard
2846,2432,2432/8817,4.35e-14,Uncommon,generative,WizNerdz #2846,,,Standard
7526,2433,2433/8817,4.35e-14,Uncommon,generative,WizNerdz #7526,,,Standard
498,2434,2434/8817,4.36e-14,Uncommon,generative,WizNerdz #498,,,Standard
4203,2435,2435/8817,4.36e-14,Uncommon,generative,WizNerdz #4203,,,Standard
2514,2436,2436/8817,4.36e-14,Uncommon,generative,WizNerdz #2514,,,Standard
6798,2437,2437/8817,4.37e-14,Uncommon,generative,WizNerdz #6798,,,Standard
3770,2438,2438/8817,4.37e-14,Uncommon,generative,WizNerdz #3770,,,Standard
2668,2439,2439/8817,4.37e-14,Uncommon,generative,WizNerdz #2668,,,Standard
3154,2440,2440/8817,4.37e-14,Uncommon,generative,WizNerdz #3154,,,Standard
4977,2441,2441/8817,4.37e-14,Uncommon,generative,WizNerdz #4977,,,Standard
2587,2442,2442/8817,4.37e-14,Uncommon,generative,WizNerdz #2587,,,Standard
6194,2443,2443/8817,4.37e-14,Uncommon,generative,WizNerdz #6194,,,Standard
950,2444,2444/8817,4.37e-14,Uncommon,generative,WizNerdz #950,,,Standard
7263,2445,2445/8817,4.38e-14,Uncommon,generative,WizNerdz #7263,,,Standard
700,2446,2446/8817,4.38e-14,Uncommon,generative,WizNerdz #700,,,Standard
6727,2447,2447/8817,4.38e-14,Uncommon,generative,WizNerdz #6727,,,Standard
2653,2448,2448/8817,4.38e-14,Uncommon,generative,WizNerdz #2653,,,Standard
1569,2449,2449/8817,4.39e-14,Uncommon,generative,WizNerdz #1569,,,Standard
5821,2450,2450/8817,4.39e-14,Uncommon,generative,WizNerdz #5821,,,Standard
7835,2451,2451/8817,4.4e-14,Uncommon,generative,WizNerdz #7835,,,Standard
6475,2452,2452/8817,4.4e-14,Uncommon,generative,WizNerdz #6475,,,Standard
8405,2453,2453/8817,4.4e-14,Uncommon,generative,WizNerdz #8405,,,Standard
7731,2454,2454/8817,4.41e-14,Uncommon,generative,WizNerdz #7731,,,Standard
1012,2455,2455/8817,4.41e-14,Uncommon,generative,WizNerdz #1012,,,Standard
8146,2456,2456/8817,4.41e-14,Uncommon,generative,WizNerdz #8146,,,Standard
6080,2457,2457/8817,4.41e-14,Uncommon,generative,WizNerdz #6080,,,Standard
8696,2458,2458/8817,4.42e-14,Uncommon,generative,WizNerdz #8696,,,Standard
2992,2459,2459/8817,4.42e-14,Uncommon,generative,WizNerdz #2992,,,Standard
7590,2460,2460/8817,4.42e-14,Uncommon,generative,WizNerdz #7590,,,Standard
8780,2461,2461/8817,4.43e-14,Uncommon,generative,WizNerdz #8780,,,Standard
1100,2462,2462/8817,4.43e-14,Uncommon,generative,WizNerdz #1100,,,Standard
2594,2463,2463/8817,4.44e-14,Uncommon,generative,WizNerdz #2594,,,Standard
1961,2464,2464/8817,4.44e-14,Uncommon,generative,WizNerdz #1961,,,Standard
3419,2465,2465/8817,4.45e-14,Uncommon,generative,WizNerdz #3419,,,Standard
7866,2466,2466/8817,4.45e-14,Uncommon,generative,WizNerdz #7866,,,Standard
7095,2467,2467/8817,4.45e-14,Uncommon,generative,WizNerdz #7095,,,Standard
7266,2468,2468/8817,4.45e-14,Uncommon,generative,WizNerdz #7266,,,Standard
7558,2469,2469/8817,4.45e-14,Uncommon,generative,WizNerdz #7558,,,Standard
5495,2470,2470/8817,4.46e-14,Uncommon,generative,WizNerdz #5495,,,Standard
1927,2471,2471/8817,4.46e-14,Uncommon,generative,WizNerdz #1927,,,Standard
8748,2472,2472/8817,4.47e-14,Uncommon,generative,WizNerdz #8748,,,Standard
6372,2473,2473/8817,4.47e-14,Uncommon,generative,WizNerdz #6372,,,Standard
1924,2474,2474/8817,4.47e-14,Uncommon,generative,WizNerdz #1924,,,Standard
2110,2475,2475/8817,4.47e-14,Uncommon,generative,WizNerdz #2110,,,Standard
4469,2476,2476/8817,4.47e-14,Uncommon,generative,WizNerdz #4469,,,Standard
1562,2477,2477/8817,4.47e-14,Uncommon,generative,WizNerdz #1562,,,Standard
5917,2478,2478/8817,4.47e-14,Uncommon,generative,WizNerdz #5917,,,Standard
2118,2479,2479/8817,4.48e-14,Uncommon,generative,WizNerdz #2118,,,Standard
2540,2480,2480/8817,4.48e-14,Uncommon,generative,WizNerdz #2540,,,Standard
1560,2481,2481/8817,4.48e-14,Uncommon,generative,WizNerdz #1560,,,Standard
5213,2482,2482/8817,4.49e-14,Uncommon,generative,WizNerdz #5213,,,Standard
8160,2483,2483/8817,4.49e-14,Uncommon,generative,WizNerdz #8160,,,Standard
3682,2484,2484/8817,4.5e-14,Uncommon,generative,WizNerdz #3682,,,Standard
594,2485,2485/8817,4.5e-14,Uncommon,generative,WizNerdz #594,,,Standard
8127,2486,2486/8817,4.5e-14,Uncommon,generative,WizNerdz #8127,,,Standard
332,2487,2487/8817,4.5e-14,Uncommon,generative,WizNerdz #332,,,Standard
394,2488,2488/8817,4.5e-14,Uncommon,generative,WizNerdz #394,,,Standard
8794,2489,2489/8817,4.5e-14,Uncommon,generative,WizNerdz #8794,,,Standard
2328,2490,2490/8817,4.51e-14,Uncommon,generative,WizNerdz #2328,,,Standard
5623,2491,2491/8817,4.51e-14,Uncommon,generative,WizNerdz #5623,,,Standard
6060,2492,2492/8817,4.52e-14,Uncommon,generative,WizNerdz #6060,,,Standard
7714,2493,2493/8817,4.52e-14,Uncommon,generative,WizNerdz #7714,,,Standard
8491,2494,2494/8817,4.52e-14,Uncommon,generative,WizNerdz #8491,,,Standard
6886,2495,2495/8817,4.52e-14,Uncommon,generative,WizNerdz #6886,,,Standard
2950,2496,2496/8817,4.52e-14,Uncommon,generative,WizNerdz #2950,,,Standard
8814,2497,2497/8817,4.53e-14,Uncommon,generative,WizNerdz #8814,,,Standard
7051,2498,2498/8817,4.53e-14,Uncommon,generative,WizNerdz #7051,,,Standard
8351,2499,2499/8817,4.54e-14,Uncommon,generative,WizNerdz #8351,,,Standard
3277,2500,2500/8817,4.54e-14,Uncommon,generative,WizNerdz #3277,,,Standard
555,2501,2501/8817,4.54e-14,Uncommon,generative,WizNerdz #555,,,Standard
4550,2502,2502/8817,4.55e-14,Uncommon,generative,WizNerdz #4550,,,Standard
2085,2503,2503/8817,4.55e-14,Uncommon,generative,WizNerdz #2085,,,Standard
562,2504,2504/8817,4.55e-14,Uncommon,generative,WizNerdz #562,,,Standard
27,2505,2505/8817,4.56e-14,Uncommon,generative,WizNerdz #27,,,Standard
2740,2506,2506/8817,4.57e-14,Uncommon,generative,WizNerdz #2740,,,Standard
2623,2507,2507/8817,4.57e-14,Uncommon,generative,WizNerdz #2623,,,Standard
7614,2508,2508/8817,4.58e-14,Uncommon,generative,WizNerdz #7614,,,Standard
4926,2509,2509/8817,4.58e-14,Uncommon,generative,WizNerdz #4926,,,Standard
6184,2510,2510/8817,4.59e-14,Uncommon,generative,WizNerdz #6184,,,Standard
1615,2511,2511/8817,4.59e-14,Uncommon,generative,WizNerdz #1615,,,Standard
2652,2512,2512/8817,4.59e-14,Uncommon,generative,WizNerdz #2652,,,Standard
1444,2513,2513/8817,4.6e-14,Uncommon,generative,WizNerdz #1444,,,Standard
8501,2514,2514/8817,4.6e-14,Uncommon,generative,WizNerdz #8501,,,Standard
2775,2515,2515/8817,4.6e-14,Uncommon,generative,WizNerdz #2775,,,Standard
4381,2516,2516/8817,4.6e-14,Uncommon,generative,WizNerdz #4381,,,Standard
7257,2517,2517/8817,4.6e-14,Uncommon,generative,WizNerdz #7257,,,Standard
5246,2518,2518/8817,4.6e-14,Uncommon,generative,WizNerdz #5246,,,Standard
3181,2519,2519/8817,4.61e-14,Uncommon,generative,WizNerdz #3181,,,Standard
6641,2520,2520/8817,4.61e-14,Uncommon,generative,WizNerdz #6641,,,Standard
7576,2521,2521/8817,4.61e-14,Uncommon,generative,WizNerdz #7576,,,Standard
5297,2522,2522/8817,4.63e-14,Uncommon,generative,WizNerdz #5297,,,Standard
4493,2523,2523/8817,4.63e-14,Uncommon,generative,WizNerdz #4493,,,Standard
3220,2524,2524/8817,4.63e-14,Uncommon,generative,WizNerdz #3220,,,Standard
7954,2525,2525/8817,4.64e-14,Uncommon,generative,WizNerdz #7954,,,Standard
1923,2526,2526/8817,4.64e-14,Uncommon,generative,WizNerdz #1923,,,Standard
675,2527,2527/8817,4.65e-14,Uncommon,generative,WizNerdz #675,,,Standard
6455,2528,2528/8817,4.66e-14,Uncommon,generative,WizNerdz #6455,,,Standard
5193,2529,2529/8817,4.66e-14,Uncommon,generative,WizNerdz #5193,,,Standard
277,2530,2530/8817,4.66e-14,Uncommon,generative,WizNerdz #277,,,Standard
8829,2531,2531/8817,4.66e-14,Uncommon,generative,WizNerdz #8829,,,Standard
3342,2532,2532/8817,4.66e-14,Uncommon,generative,WizNerdz #3342,,,Standard
2216,2533,2533/8817,4.66e-14,Uncommon,generative,WizNerdz #2216,,,Standard
7612,2534,2534/8817,4.66e-14,Uncommon,generative,WizNerdz #7612,,,Standard
7963,2535,2535/8817,4.66e-14,Uncommon,generative,WizNerdz #7963,,,Standard
3247,2536,2536/8817,4.66e-14,Uncommon,generative,WizNerdz #3247,,,Standard
1414,2537,2537/8817,4.67e-14,Uncommon,generative,WizNerdz #1414,,,Standard
1892,2538,2538/8817,4.68e-14,Uncommon,generative,WizNerdz #1892,,,Standard
5470,2539,2539/8817,4.68e-14,Uncommon,generative,WizNerdz #5470,,,Standard
169,2540,2540/8817,4.68e-14,Uncommon,generative,WizNerdz #169,,,Standard
8196,2541,2541/8817,4.68e-14,Uncommon,generative,WizNerdz #8196,,,Standard
1960,2542,2542/8817,4.68e-14,Uncommon,generative,WizNerdz #1960,,,Standard
6151,2543,2543/8817,4.69e-14,Uncommon,generative,WizNerdz #6151,,,Standard
2513,2544,2544/8817,4.71e-14,Uncommon,generative,WizNerdz #2513,,,Standard
5584,2545,2545/8817,4.71e-14,Uncommon,generative,WizNerdz #5584,,,Standard
199,2546,2546/8817,4.71e-14,Uncommon,generative,WizNerdz #199,,,Standard
1246,2547,2547/8817,4.72e-14,Uncommon,generative,WizNerdz #1246,,,Standard
6857,2548,2548/8817,4.72e-14,Uncommon,generative,WizNerdz #6857,,,Standard
8498,2549,2549/8817,4.73e-14,Uncommon,generative,WizNerdz #8498,,,Standard
2151,2550,2550/8817,4.73e-14,Uncommon,generative,WizNerdz #2151,,,Standard
1446,2551,2551/8817,4.73e-14,Uncommon,generative,WizNerdz #1446,,,Standard
6202,2552,2552/8817,4.73e-14,Uncommon,generative,WizNerdz #6202,,,Standard
2169,2553,2553/8817,4.73e-14,Uncommon,generative,WizNerdz #2169,,,Standard
50,2554,2554/8817,4.73e-14,Uncommon,generative,WizNerdz #50,,,Standard
8564,2555,2555/8817,4.73e-14,Uncommon,generative,WizNerdz #8564,,,Standard
2706,2556,2556/8817,4.75e-14,Uncommon,generative,WizNerdz #2706,,,Standard
4326,2557,2557/8817,4.75e-14,Uncommon,generative,WizNerdz #4326,,,Standard
6867,2558,2558/8817,4.75e-14,Uncommon,generative,WizNerdz #6867,,,Standard
7869,2559,2559/8817,4.76e-14,Uncommon,generative,WizNerdz #7869,,,Standard
2589,2560,2560/8817,4.76e-14,Uncommon,generative,WizNerdz #2589,,,Standard
7209,2561,2561/8817,4.77e-14,Uncommon,generative,WizNerdz #7209,,,Standard
6586,2562,2562/8817,4.77e-14,Uncommon,generative,WizNerdz #6586,,,Standard
6880,2563,2563/8817,4.77e-14,Uncommon,generative,WizNerdz #6880,,,Standard
7727,2564,2564/8817,4.77e-14,Uncommon,generative,WizNerdz #7727,,,Standard
6058,2565,2565/8817,4.78e-14,Uncommon,generative,WizNerdz #6058,,,Standard
3461,2566,2566/8817,4.78e-14,Uncommon,generative,WizNerdz #3461,,,Standard
108,2567,2567/8817,4.79e-14,Uncommon,generative,WizNerdz #108,,,Standard
3659,2568,2568/8817,4.79e-14,Uncommon,generative,WizNerdz #3659,,,Standard
5775,2569,2569/8817,4.8e-14,Uncommon,generative,WizNerdz #5775,,,Standard
6574,2570,2570/8817,4.8e-14,Uncommon,generative,WizNerdz #6574,,,Standard
3224,2571,2571/8817,4.8e-14,Uncommon,generative,WizNerdz #3224,,,Standard
4140,2572,2572/8817,4.8e-14,Uncommon,generative,WizNerdz #4140,,,Standard
1151,2573,2573/8817,4.8e-14,Uncommon,generative,WizNerdz #1151,,,Standard
8740,2574,2574/8817,4.82e-14,Uncommon,generative,WizNerdz #8740,,,Standard
5083,2575,2575/8817,4.82e-14,Uncommon,generative,WizNerdz #5083,,,Standard
7142,2576,2576/8817,4.82e-14,Uncommon,generative,WizNerdz #7142,,,Standard
3490,2577,2577/8817,4.83e-14,Uncommon,generative,WizNerdz #3490,,,Standard
5456,2578,2578/8817,4.84e-14,Uncommon,generative,WizNerdz #5456,,,Standard
1515,2579,2579/8817,4.84e-14,Uncommon,generative,WizNerdz #1515,,,Standard
2350,2580,2580/8817,4.84e-14,Uncommon,generative,WizNerdz #2350,,,Standard
146,2581,2581/8817,4.84e-14,Uncommon,generative,WizNerdz #146,,,Standard
4249,2582,2582/8817,4.84e-14,Uncommon,generative,WizNerdz #4249,,,Standard
3574,2583,2583/8817,4.85e-14,Uncommon,generative,WizNerdz #3574,,,Standard
8189,2584,2584/8817,4.86e-14,Uncommon,generative,WizNerdz #8189,,,Standard
1167,2585,2585/8817,4.86e-14,Uncommon,generative,WizNerdz #1167,,,Standard
5359,2586,2586/8817,4.86e-14,Uncommon,generative,WizNerdz #5359,,,Standard
2965,2587,2587/8817,4.87e-14,Uncommon,generative,WizNerdz #2965,,,Standard
5773,2588,2588/8817,4.87e-14,Uncommon,generative,WizNerdz #5773,,,Standard
2929,2589,2589/8817,4.87e-14,Uncommon,generative,WizNerdz #2929,,,Standard
1568,2590,2590/8817,4.88e-14,Uncommon,generative,WizNerdz #1568,,,Standard
5739,2591,2591/8817,4.88e-14,Uncommon,generative,WizNerdz #5739,,,Standard
7144,2592,2592/8817,4.88e-14,Uncommon,generative,WizNerdz #7144,,,Standard
7399,2593,2593/8817,4.89e-14,Uncommon,generative,WizNerdz #7399,,,Standard
8128,2594,2594/8817,4.89e-14,Uncommon,generative,WizNerdz #8128,,,Standard
1116,2595,2595/8817,4.89e-14,Uncommon,generative,WizNerdz #1116,,,Standard
4352,2596,2596/8817,4.89e-14,Uncommon,generative,WizNerdz #4352,,,Standard
727,2597,2597/8817,4.89e-14,Uncommon,generative,WizNerdz #727,,,Standard
2785,2598,2598/8817,4.9e-14,Uncommon,generative,WizNerdz #2785,,,Standard
92,2599,2599/8817,4.9e-14,Uncommon,generative,WizNerdz #92,,,Standard
5531,2600,2600/8817,4.9e-14,Uncommon,generative,WizNerdz #5531,,,Standard
4811,2601,2601/8817,4.9e-14,Uncommon,generative,WizNerdz #4811,,,Standard
6272,2602,2602/8817,4.9e-14,Uncommon,generative,WizNerdz #6272,,,Standard
8633,2603,2603/8817,4.91e-14,Uncommon,generative,WizNerdz #8633,,,Standard
7083,2604,2604/8817,4.91e-14,Uncommon,generative,WizNerdz #7083,,,Standard
7700,2605,2605/8817,4.92e-14,Uncommon,generative,WizNerdz #7700,,,Standard
1306,2606,2606/8817,4.92e-14,Uncommon,generative,WizNerdz #1306,,,Standard
2893,2607,2607/8817,4.93e-14,Uncommon,generative,WizNerdz #2893,,,Standard
2647,2608,2608/8817,4.93e-14,Uncommon,generative,WizNerdz #2647,,,Standard
7284,2609,2609/8817,4.93e-14,Uncommon,generative,WizNerdz #7284,,,Standard
4123,2610,2610/8817,4.94e-14,Uncommon,generative,WizNerdz #4123,,,Standard
2396,2611,2611/8817,4.95e-14,Uncommon,generative,WizNerdz #2396,,,Standard
772,2612,2612/8817,4.96e-14,Uncommon,generative,WizNerdz #772,,,Standard
2744,2613,2613/8817,4.96e-14,Uncommon,generative,WizNerdz #2744,,,Standard
7900,2614,2614/8817,4.97e-14,Uncommon,generative,WizNerdz #7900,,,Standard
8644,2615,2615/8817,4.98e-14,Uncommon,generative,WizNerdz #8644,,,Standard
7778,2616,2616/8817,4.98e-14,Uncommon,generative,WizNerdz #7778,,,Standard
1014,2617,2617/8817,4.99e-14,Uncommon,generative,WizNerdz #1014,,,Standard
4909,2618,2618/8817,4.99e-14,Uncommon,generative,WizNerdz #4909,,,Standard
655,2619,2619/8817,4.99e-14,Uncommon,generative,WizNerdz #655,,,Standard
5856,2620,2620/8817,5e-14,Uncommon,generative,WizNerdz #5856,,,Standard
4392,2621,2621/8817,5e-14,Uncommon,generative,WizNerdz #4392,,,Standard
2138,2622,2622/8817,5.01e-14,Uncommon,generative,WizNerdz #2138,,,Standard
7443,2623,2623/8817,5.01e-14,Uncommon,generative,WizNerdz #7443,,,Standard
2560,2624,2624/8817,5.02e-14,Uncommon,generative,WizNerdz #2560,,,Standard
1349,2625,2625/8817,5.02e-14,Uncommon,generative,WizNerdz #1349,,,Standard
2334,2626,2626/8817,5.02e-14,Uncommon,generative,WizNerdz #2334,,,Standard
8452,2627,2627/8817,5.02e-14,Uncommon,generative,WizNerdz #8452,,,Standard
3414,2628,2628/8817,5.02e-14,Uncommon,generative,WizNerdz #3414,,,Standard
4169,2629,2629/8817,5.02e-14,Uncommon,generative,WizNerdz #4169,,,Standard
2292,2630,2630/8817,5.03e-14,Uncommon,generative,WizNerdz #2292,,,Standard
7739,2631,2631/8817,5.04e-14,Uncommon,generative,WizNerdz #7739,,,Standard
6848,2632,2632/8817,5.06e-14,Uncommon,generative,WizNerdz #6848,,,Standard
4485,2633,2633/8817,5.06e-14,Uncommon,generative,WizNerdz #4485,,,Standard
5229,2634,2634/8817,5.06e-14,Uncommon,generative,WizNerdz #5229,,,Standard
1018,2635,2635/8817,5.07e-14,Uncommon,generative,WizNerdz #1018,,,Standard
5554,2636,2636/8817,5.07e-14,Uncommon,generative,WizNerdz #5554,,,Standard
1097,2637,2637/8817,5.07e-14,Uncommon,generative,WizNerdz #1097,,,Standard
4743,2638,2638/8817,5.08e-14,Uncommon,generative,WizNerdz #4743,,,Standard
3894,2639,2639/8817,5.08e-14,Uncommon,generative,WizNerdz #3894,,,Standard
683,2640,2640/8817,5.08e-14,Uncommon,generative,WizNerdz #683,,,Standard
5222,2641,2641/8817,5.09e-14,Uncommon,generative,WizNerdz #5222,,,Standard
6728,2642,2642/8817,5.09e-14,Uncommon,generative,WizNerdz #6728,,,Standard
7587,2643,2643/8817,5.09e-14,Uncommon,generative,WizNerdz #7587,,,Standard
3433,2644,2644/8817,5.09e-14,Uncommon,generative,WizNerdz #3433,,,Standard
4573,2645,2645/8817,5.09e-14,Uncommon,generative,WizNerdz #4573,,,Standard
5525,2646,2646/8817,5.09e-14,Uncommon,generative,WizNerdz #5525,,,Standard
853,2647,2647/8817,5.1e-14,Uncommon,generative,WizNerdz #853,,,Standard
1490,2648,2648/8817,5.1e-14,Uncommon,generative,WizNerdz #1490,,,Standard
4704,2649,2649/8817,5.1e-14,Uncommon,generative,WizNerdz #4704,,,Standard
8119,2650,2650/8817,5.1e-14,Uncommon,generative,WizNerdz #8119,,,Standard
8550,2651,2651/8817,5.11e-14,Uncommon,generative,WizNerdz #8550,,,Standard
5277,2652,2652/8817,5.11e-14,Uncommon,generative,WizNerdz #5277,,,Standard
5282,2653,2653/8817,5.11e-14,Uncommon,generative,WizNerdz #5282,,,Standard
4544,2654,2654/8817,5.11e-14,Uncommon,generative,WizNerdz #4544,,,Standard
1491,2655,2655/8817,5.12e-14,Uncommon,generative,WizNerdz #1491,,,Standard
6158,2656,2656/8817,5.13e-14,Uncommon,generative,WizNerdz #6158,,,Standard
5594,2657,2657/8817,5.13e-14,Uncommon,generative,WizNerdz #5594,,,Standard
2245,2658,2658/8817,5.13e-14,Uncommon,generative,WizNerdz #2245,,,Standard
164,2659,2659/8817,5.14e-14,Uncommon,generative,WizNerdz #164,,,Standard
2626,2660,2660/8817,5.15e-14,Uncommon,generative,WizNerdz #2626,,,Standard
460,2661,2661/8817,5.15e-14,Uncommon,generative,WizNerdz #460,,,Standard
5017,2662,2662/8817,5.15e-14,Uncommon,generative,WizNerdz #5017,,,Standard
5591,2663,2663/8817,5.15e-14,Uncommon,generative,WizNerdz #5591,,,Standard
5904,2664,2664/8817,5.16e-14,Uncommon,generative,WizNerdz #5904,,,Standard
1678,2665,2665/8817,5.17e-14,Uncommon,generative,WizNerdz #1678,,,Standard
5580,2666,2666/8817,5.17e-14,Uncommon,generative,WizNerdz #5580,,,Standard
1991,2667,2667/8817,5.19e-14,Uncommon,generative,WizNerdz #1991,,,Standard
207,2668,2668/8817,5.19e-14,Uncommon,generative,WizNerdz #207,,,Standard
7594,2669,2669/8817,5.19e-14,Uncommon,generative,WizNerdz #7594,,,Standard
7685,2670,2670/8817,5.2e-14,Uncommon,generative,WizNerdz #7685,,,Standard
4830,2671,2671/8817,5.2e-14,Uncommon,generative,WizNerdz #4830,,,Standard
3210,2672,2672/8817,5.2e-14,Uncommon,generative,WizNerdz #3210,,,Standard
2509,2673,2673/8817,5.22e-14,Uncommon,generative,WizNerdz #2509,,,Standard
1285,2674,2674/8817,5.22e-14,Uncommon,generative,WizNerdz #1285,,,Standard
8309,2675,2675/8817,5.22e-14,Uncommon,generative,WizNerdz #8309,,,Standard
6432,2676,2676/8817,5.22e-14,Uncommon,generative,WizNerdz #6432,,,Standard
4506,2677,2677/8817,5.22e-14,Uncommon,generative,WizNerdz #4506,,,Standard
8549,2678,2678/8817,5.22e-14,Uncommon,generative,WizNerdz #8549,,,Standard
7540,2679,2679/8817,5.23e-14,Uncommon,generative,WizNerdz #7540,,,Standard
3751,2680,2680/8817,5.24e-14,Uncommon,generative,WizNerdz #3751,,,Standard
6129,2681,2681/8817,5.24e-14,Uncommon,generative,WizNerdz #6129,,,Standard
2936,2682,2682/8817,5.24e-14,Uncommon,generative,WizNerdz #2936,,,Standard
3757,2683,2683/8817,5.24e-14,Uncommon,generative,WizNerdz #3757,,,Standard
5033,2684,2684/8817,5.24e-14,Uncommon,generative,WizNerdz #5033,,,Standard
2253,2685,2685/8817,5.24e-14,Uncommon,generative,WizNerdz #2253,,,Standard
5333,2686,2686/8817,5.24e-14,Uncommon,generative,WizNerdz #5333,,,Standard
1681,2687,2687/8817,5.25e-14,Uncommon,generative,WizNerdz #1681,,,Standard
220,2688,2688/8817,5.25e-14,Uncommon,generative,WizNerdz #220,,,Standard
6954,2689,2689/8817,5.25e-14,Uncommon,generative,WizNerdz #6954,,,Standard
6696,2690,2690/8817,5.25e-14,Uncommon,generative,WizNerdz #6696,,,Standard
7342,2691,2691/8817,5.25e-14,Uncommon,generative,WizNerdz #7342,,,Standard
6208,2692,2692/8817,5.25e-14,Uncommon,generative,WizNerdz #6208,,,Standard
3963,2693,2693/8817,5.26e-14,Uncommon,generative,WizNerdz #3963,,,Standard
8712,2694,2694/8817,5.26e-14,Uncommon,generative,WizNerdz #8712,,,Standard
4223,2695,2695/8817,5.26e-14,Uncommon,generative,WizNerdz #4223,,,Standard
3775,2696,2696/8817,5.27e-14,Uncommon,generative,WizNerdz #3775,,,Standard
2904,2697,2697/8817,5.27e-14,Uncommon,generative,WizNerdz #2904,,,Standard
674,2698,2698/8817,5.27e-14,Uncommon,generative,WizNerdz #674,,,Standard
7524,2699,2699/8817,5.27e-14,Uncommon,generative,WizNerdz #7524,,,Standard
5919,2700,2700/8817,5.28e-14,Uncommon,generative,WizNerdz #5919,,,Standard
2832,2701,2701/8817,5.29e-14,Uncommon,generative,WizNerdz #2832,,,Standard
3605,2702,2702/8817,5.29e-14,Uncommon,generative,WizNerdz #3605,,,Standard
3339,2703,2703/8817,5.29e-14,Uncommon,generative,WizNerdz #3339,,,Standard
5961,2704,2704/8817,5.29e-14,Uncommon,generative,WizNerdz #5961,,,Standard
6322,2705,2705/8817,5.29e-14,Uncommon,generative,WizNerdz #6322,,,Standard
8276,2706,2706/8817,5.29e-14,Uncommon,generative,WizNerdz #8276,,,Standard
2498,2707,2707/8817,5.3e-14,Uncommon,generative,WizNerdz #2498,,,Standard
3346,2708,2708/8817,5.3e-14,Uncommon,generative,WizNerdz #3346,,,Standard
8842,2709,2709/8817,5.3e-14,Uncommon,generative,WizNerdz #8842,,,Standard
1507,2710,2710/8817,5.31e-14,Uncommon,generative,WizNerdz #1507,,,Standard
1283,2711,2711/8817,5.31e-14,Uncommon,generative,WizNerdz #1283,,,Standard
516,2712,2712/8817,5.31e-14,Uncommon,generative,WizNerdz #516,,,Standard
5567,2713,2713/8817,5.31e-14,Uncommon,generative,WizNerdz #5567,,,Standard
1500,2714,2714/8817,5.31e-14,Uncommon,generative,WizNerdz #1500,,,Standard
3501,2715,2715/8817,5.31e-14,Uncommon,generative,WizNerdz #3501,,,Standard
3025,2716,2716/8817,5.32e-14,Uncommon,generative,WizNerdz #3025,,,Standard
5367,2717,2717/8817,5.32e-14,Uncommon,generative,WizNerdz #5367,,,Standard
8380,2718,2718/8817,5.32e-14,Uncommon,generative,WizNerdz #8380,,,Standard
1799,2719,2719/8817,5.32e-14,Uncommon,generative,WizNerdz #1799,,,Standard
7346,2720,2720/8817,5.32e-14,Uncommon,generative,WizNerdz #7346,,,Standard
6939,2721,2721/8817,5.33e-14,Uncommon,generative,WizNerdz #6939,,,Standard
2641,2722,2722/8817,5.34e-14,Uncommon,generative,WizNerdz #2641,,,Standard
6953,2723,2723/8817,5.34e-14,Uncommon,generative,WizNerdz #6953,,,Standard
7753,2724,2724/8817,5.34e-14,Uncommon,generative,WizNerdz #7753,,,Standard
4195,2725,2725/8817,5.35e-14,Uncommon,generative,WizNerdz #4195,,,Standard
8690,2726,2726/8817,5.35e-14,Uncommon,generative,WizNerdz #8690,,,Standard
7484,2727,2727/8817,5.35e-14,Uncommon,generative,WizNerdz #7484,,,Standard
2203,2728,2728/8817,5.35e-14,Uncommon,generative,WizNerdz #2203,,,Standard
7091,2729,2729/8817,5.36e-14,Uncommon,generative,WizNerdz #7091,,,Standard
3372,2730,2730/8817,5.36e-14,Uncommon,generative,WizNerdz #3372,,,Standard
8578,2731,2731/8817,5.37e-14,Uncommon,generative,WizNerdz #8578,,,Standard
6177,2732,2732/8817,5.38e-14,Uncommon,generative,WizNerdz #6177,,,Standard
3199,2733,2733/8817,5.39e-14,Uncommon,generative,WizNerdz #3199,,,Standard
3674,2734,2734/8817,5.39e-14,Uncommon,generative,WizNerdz #3674,,,Standard
1802,2735,2735/8817,5.4e-14,Uncommon,generative,WizNerdz #1802,,,Standard
1795,2736,2736/8817,5.4e-14,Uncommon,generative,WizNerdz #1795,,,Standard
1066,2737,2737/8817,5.4e-14,Uncommon,generative,WizNerdz #1066,,,Standard
1016,2738,2738/8817,5.41e-14,Uncommon,generative,WizNerdz #1016,,,Standard
8805,2739,2739/8817,5.41e-14,Uncommon,generative,WizNerdz #8805,,,Standard
5080,2740,2740/8817,5.41e-14,Uncommon,generative,WizNerdz #5080,,,Standard
8303,2741,2741/8817,5.42e-14,Uncommon,generative,WizNerdz #8303,,,Standard
985,2742,2742/8817,5.42e-14,Uncommon,generative,WizNerdz #985,,,Standard
1001,2743,2743/8817,5.43e-14,Uncommon,generative,WizNerdz #1001,,,Standard
1679,2744,2744/8817,5.43e-14,Uncommon,generative,WizNerdz #1679,,,Standard
6735,2745,2745/8817,5.43e-14,Uncommon,generative,WizNerdz #6735,,,Standard
370,2746,2746/8817,5.43e-14,Uncommon,generative,WizNerdz #370,,,Standard
4180,2747,2747/8817,5.44e-14,Uncommon,generative,WizNerdz #4180,,,Standard
2619,2748,2748/8817,5.44e-14,Uncommon,generative,WizNerdz #2619,,,Standard
8875,2749,2749/8817,5.44e-14,Uncommon,generative,WizNerdz #8875,,,Standard
2648,2750,2750/8817,5.45e-14,Uncommon,generative,WizNerdz #2648,,,Standard
4263,2751,2751/8817,5.45e-14,Uncommon,generative,WizNerdz #4263,,,Standard
6901,2752,2752/8817,5.46e-14,Uncommon,generative,WizNerdz #6901,,,Standard
4367,2753,2753/8817,5.46e-14,Uncommon,generative,WizNerdz #4367,,,Standard
275,2754,2754/8817,5.47e-14,Uncommon,generative,WizNerdz #275,,,Standard
8300,2755,2755/8817,5.48e-14,Uncommon,generative,WizNerdz #8300,,,Standard
4763,2756,2756/8817,5.48e-14,Uncommon,generative,WizNerdz #4763,,,Standard
3829,2757,2757/8817,5.48e-14,Uncommon,generative,WizNerdz #3829,,,Standard
3571,2758,2758/8817,5.48e-14,Uncommon,generative,WizNerdz #3571,,,Standard
7746,2759,2759/8817,5.49e-14,Uncommon,generative,WizNerdz #7746,,,Standard
2260,2760,2760/8817,5.49e-14,Uncommon,generative,WizNerdz #2260,,,Standard
55,2761,2761/8817,5.5e-14,Uncommon,generative,WizNerdz #55,,,Standard
8246,2762,2762/8817,5.5e-14,Uncommon,generative,WizNerdz #8246,,,Standard
7497,2763,2763/8817,5.5e-14,Uncommon,generative,WizNerdz #7497,,,Standard
2782,2764,2764/8817,5.5e-14,Uncommon,generative,WizNerdz #2782,,,Standard
8398,2765,2765/8817,5.51e-14,Uncommon,generative,WizNerdz #8398,,,Standard
7653,2766,2766/8817,5.51e-14,Uncommon,generative,WizNerdz #7653,,,Standard
1482,2767,2767/8817,5.51e-14,Uncommon,generative,WizNerdz #1482,,,Standard
1684,2768,2768/8817,5.51e-14,Uncommon,generative,WizNerdz #1684,,,Standard
702,2769,2769/8817,5.52e-14,Uncommon,generative,WizNerdz #702,,,Standard
6001,2770,2770/8817,5.52e-14,Uncommon,generative,WizNerdz #6001,,,Standard
1036,2771,2771/8817,5.52e-14,Uncommon,generative,WizNerdz #1036,,,Standard
7839,2772,2772/8817,5.54e-14,Uncommon,generative,WizNerdz #7839,,,Standard
2799,2773,2773/8817,5.55e-14,Uncommon,generative,WizNerdz #2799,,,Standard
2098,2774,2774/8817,5.55e-14,Uncommon,generative,WizNerdz #2098,,,Standard
7960,2775,2775/8817,5.55e-14,Uncommon,generative,WizNerdz #7960,,,Standard
2269,2776,2776/8817,5.56e-14,Uncommon,generative,WizNerdz #2269,,,Standard
5890,2777,2777/8817,5.57e-14,Uncommon,generative,WizNerdz #5890,,,Standard
8372,2778,2778/8817,5.57e-14,Uncommon,generative,WizNerdz #8372,,,Standard
8522,2779,2779/8817,5.57e-14,Uncommon,generative,WizNerdz #8522,,,Standard
5139,2780,2780/8817,5.57e-14,Uncommon,generative,WizNerdz #5139,,,Standard
8081,2781,2781/8817,5.58e-14,Uncommon,generative,WizNerdz #8081,,,Standard
4945,2782,2782/8817,5.58e-14,Uncommon,generative,WizNerdz #4945,,,Standard
7070,2783,2783/8817,5.59e-14,Uncommon,generative,WizNerdz #7070,,,Standard
1682,2784,2784/8817,5.59e-14,Uncommon,generative,WizNerdz #1682,,,Standard
6106,2785,2785/8817,5.59e-14,Uncommon,generative,WizNerdz #6106,,,Standard
524,2786,2786/8817,5.6e-14,Uncommon,generative,WizNerdz #524,,,Standard
2726,2787,2787/8817,5.61e-14,Uncommon,generative,WizNerdz #2726,,,Standard
5140,2788,2788/8817,5.61e-14,Uncommon,generative,WizNerdz #5140,,,Standard
4908,2789,2789/8817,5.62e-14,Uncommon,generative,WizNerdz #4908,,,Standard
1762,2790,2790/8817,5.62e-14,Uncommon,generative,WizNerdz #1762,,,Standard
4917,2791,2791/8817,5.62e-14,Uncommon,generative,WizNerdz #4917,,,Standard
6185,2792,2792/8817,5.63e-14,Uncommon,generative,WizNerdz #6185,,,Standard
1864,2793,2793/8817,5.63e-14,Uncommon,generative,WizNerdz #1864,,,Standard
3179,2794,2794/8817,5.63e-14,Uncommon,generative,WizNerdz #3179,,,Standard
4399,2795,2795/8817,5.65e-14,Uncommon,generative,WizNerdz #4399,,,Standard
6558,2796,2796/8817,5.65e-14,Uncommon,generative,WizNerdz #6558,,,Standard
6962,2797,2797/8817,5.66e-14,Uncommon,generative,WizNerdz #6962,,,Standard
5738,2798,2798/8817,5.66e-14,Uncommon,generative,WizNerdz #5738,,,Standard
5630,2799,2799/8817,5.67e-14,Uncommon,generative,WizNerdz #5630,,,Standard
475,2800,2800/8817,5.67e-14,Uncommon,generative,WizNerdz #475,,,Standard
7082,2801,2801/8817,5.67e-14,Uncommon,generative,WizNerdz #7082,,,Standard
8193,2802,2802/8817,5.68e-14,Uncommon,generative,WizNerdz #8193,,,Standard
3248,2803,2803/8817,5.68e-14,Uncommon,generative,WizNerdz #3248,,,Standard
8215,2804,2804/8817,5.68e-14,Uncommon,generative,WizNerdz #8215,,,Standard
7640,2805,2805/8817,5.69e-14,Uncommon,generative,WizNerdz #7640,,,Standard
1907,2806,2806/8817,5.7e-14,Uncommon,generative,WizNerdz #1907,,,Standard
6699,2807,2807/8817,5.7e-14,Uncommon,generative,WizNerdz #6699,,,Standard
4389,2808,2808/8817,5.7e-14,Uncommon,generative,WizNerdz #4389,,,Standard
974,2809,2809/8817,5.7e-14,Uncommon,generative,WizNerdz #974,,,Standard
7678,2810,2810/8817,5.7e-14,Uncommon,generative,WizNerdz #7678,,,Standard
6212,2811,2811/8817,5.7e-14,Uncommon,generative,WizNerdz #6212,,,Standard
5905,2812,2812/8817,5.71e-14,Uncommon,generative,WizNerdz #5905,,,Standard
4843,2813,2813/8817,5.71e-14,Uncommon,generative,WizNerdz #4843,,,Standard
8102,2814,2814/8817,5.72e-14,Uncommon,generative,WizNerdz #8102,,,Standard
6716,2815,2815/8817,5.72e-14,Uncommon,generative,WizNerdz #6716,,,Standard
2020,2816,2816/8817,5.73e-14,Uncommon,generative,WizNerdz #2020,,,Standard
717,2817,2817/8817,5.73e-14,Uncommon,generative,WizNerdz #717,,,Standard
6731,2818,2818/8817,5.73e-14,Uncommon,generative,WizNerdz #6731,,,Standard
2767,2819,2819/8817,5.73e-14,Uncommon,generative,WizNerdz #2767,,,Standard
5875,2820,2820/8817,5.74e-14,Uncommon,generative,WizNerdz #5875,,,Standard
4568,2821,2821/8817,5.74e-14,Uncommon,generative,WizNerdz #4568,,,Standard
2227,2822,2822/8817,5.74e-14,Uncommon,generative,WizNerdz #2227,,,Standard
5162,2823,2823/8817,5.74e-14,Uncommon,generative,WizNerdz #5162,,,Standard
1524,2824,2824/8817,5.75e-14,Uncommon,generative,WizNerdz #1524,,,Standard
8782,2825,2825/8817,5.75e-14,Uncommon,generative,WizNerdz #8782,,,Standard
8838,2826,2826/8817,5.76e-14,Uncommon,generative,WizNerdz #8838,,,Standard
1937,2827,2827/8817,5.76e-14,Uncommon,generative,WizNerdz #1937,,,Standard
4044,2828,2828/8817,5.76e-14,Uncommon,generative,WizNerdz #4044,,,Standard
5100,2829,2829/8817,5.78e-14,Uncommon,generative,WizNerdz #5100,,,Standard
7361,2830,2830/8817,5.78e-14,Uncommon,generative,WizNerdz #7361,,,Standard
4853,2831,2831/8817,5.78e-14,Uncommon,generative,WizNerdz #4853,,,Standard
8885,2832,2832/8817,5.78e-14,Uncommon,generative,WizNerdz #8885,,,Standard
8275,2833,2833/8817,5.78e-14,Uncommon,generative,WizNerdz #8275,,,Standard
2778,2834,2834/8817,5.79e-14,Uncommon,generative,WizNerdz #2778,,,Standard
6942,2835,2835/8817,5.8e-14,Uncommon,generative,WizNerdz #6942,,,Standard
8425,2836,2836/8817,5.81e-14,Uncommon,generative,WizNerdz #8425,,,Standard
5723,2837,2837/8817,5.81e-14,Uncommon,generative,WizNerdz #5723,,,Standard
7132,2838,2838/8817,5.82e-14,Uncommon,generative,WizNerdz #7132,,,Standard
481,2839,2839/8817,5.82e-14,Uncommon,generative,WizNerdz #481,,,Standard
7672,2840,2840/8817,5.83e-14,Uncommon,generative,WizNerdz #7672,,,Standard
6022,2841,2841/8817,5.83e-14,Uncommon,generative,WizNerdz #6022,,,Standard
4072,2842,2842/8817,5.83e-14,Uncommon,generative,WizNerdz #4072,,,Standard
95,2843,2843/8817,5.83e-14,Uncommon,generative,WizNerdz #95,,,Standard
946,2844,2844/8817,5.84e-14,Uncommon,generative,WizNerdz #946,,,Standard
8378,2845,2845/8817,5.84e-14,Uncommon,generative,WizNerdz #8378,,,Standard
4867,2846,2846/8817,5.85e-14,Uncommon,generative,WizNerdz #4867,,,Standard
6686,2847,2847/8817,5.85e-14,Uncommon,generative,WizNerdz #6686,,,Standard
8676,2848,2848/8817,5.85e-14,Uncommon,generative,WizNerdz #8676,,,Standard
6712,2849,2849/8817,5.86e-14,Uncommon,generative,WizNerdz #6712,,,Standard
2423,2850,2850/8817,5.86e-14,Uncommon,generative,WizNerdz #2423,,,Standard
906,2851,2851/8817,5.86e-14,Uncommon,generative,WizNerdz #906,,,Standard
8363,2852,2852/8817,5.86e-14,Uncommon,generative,WizNerdz #8363,,,Standard
4192,2853,2853/8817,5.87e-14,Uncommon,generative,WizNerdz #4192,,,Standard
4701,2854,2854/8817,5.87e-14,Uncommon,generative,WizNerdz #4701,,,Standard
1261,2855,2855/8817,5.87e-14,Uncommon,generative,WizNerdz #1261,,,Standard
5572,2856,2856/8817,5.88e-14,Uncommon,generative,WizNerdz #5572,,,Standard
2163,2857,2857/8817,5.88e-14,Uncommon,generative,WizNerdz #2163,,,Standard
5657,2858,2858/8817,5.88e-14,Uncommon,generative,WizNerdz #5657,,,Standard
4466,2859,2859/8817,5.89e-14,Uncommon,generative,WizNerdz #4466,,,Standard
1952,2860,2860/8817,5.89e-14,Uncommon,generative,WizNerdz #1952,,,Standard
5803,2861,2861/8817,5.89e-14,Uncommon,generative,WizNerdz #5803,,,Standard
606,2862,2862/8817,5.9e-14,Uncommon,generative,WizNerdz #606,,,Standard
3721,2863,2863/8817,5.91e-14,Uncommon,generative,WizNerdz #3721,,,Standard
5733,2864,2864/8817,5.91e-14,Uncommon,generative,WizNerdz #5733,,,Standard
3449,2865,2865/8817,5.92e-14,Uncommon,generative,WizNerdz #3449,,,Standard
4339,2866,2866/8817,5.92e-14,Uncommon,generative,WizNerdz #4339,,,Standard
7760,2867,2867/8817,5.93e-14,Uncommon,generative,WizNerdz #7760,,,Standard
6164,2868,2868/8817,5.93e-14,Uncommon,generative,WizNerdz #6164,,,Standard
3280,2869,2869/8817,5.93e-14,Uncommon,generative,WizNerdz #3280,,,Standard
8555,2870,2870/8817,5.94e-14,Uncommon,generative,WizNerdz #8555,,,Standard
258,2871,2871/8817,5.95e-14,Uncommon,generative,WizNerdz #258,,,Standard
7421,2872,2872/8817,5.95e-14,Uncommon,generative,WizNerdz #7421,,,Standard
5242,2873,2873/8817,5.96e-14,Uncommon,generative,WizNerdz #5242,,,Standard
8461,2874,2874/8817,5.96e-14,Uncommon,generative,WizNerdz #8461,,,Standard
3909,2875,2875/8817,5.96e-14,Uncommon,generative,WizNerdz #3909,,,Standard
8059,2876,2876/8817,5.96e-14,Uncommon,generative,WizNerdz #8059,,,Standard
3309,2877,2877/8817,5.98e-14,Uncommon,generative,WizNerdz #3309,,,Standard
5173,2878,2878/8817,5.98e-14,Uncommon,generative,WizNerdz #5173,,,Standard
1726,2879,2879/8817,5.98e-14,Uncommon,generative,WizNerdz #1726,,,Standard
8142,2880,2880/8817,5.99e-14,Uncommon,generative,WizNerdz #8142,,,Standard
8325,2881,2881/8817,5.99e-14,Uncommon,generative,WizNerdz #8325,,,Standard
1673,2882,2882/8817,6e-14,Uncommon,generative,WizNerdz #1673,,,Standard
7754,2883,2883/8817,6e-14,Uncommon,generative,WizNerdz #7754,,,Standard
5534,2884,2884/8817,6e-14,Uncommon,generative,WizNerdz #5534,,,Standard
8392,2885,2885/8817,6.01e-14,Uncommon,generative,WizNerdz #8392,,,Standard
6922,2886,2886/8817,6.01e-14,Uncommon,generative,WizNerdz #6922,,,Standard
7595,2887,2887/8817,6.01e-14,Uncommon,generative,WizNerdz #7595,,,Standard
2297,2888,2888/8817,6.01e-14,Uncommon,generative,WizNerdz #2297,,,Standard
2968,2889,2889/8817,6.02e-14,Uncommon,generative,WizNerdz #2968,,,Standard
8683,2890,2890/8817,6.03e-14,Uncommon,generative,WizNerdz #8683,,,Standard
2218,2891,2891/8817,6.03e-14,Uncommon,generative,WizNerdz #2218,,,Standard
6563,2892,2892/8817,6.05e-14,Uncommon,generative,WizNerdz #6563,,,Standard
4523,2893,2893/8817,6.05e-14,Uncommon,generative,WizNerdz #4523,,,Standard
4373,2894,2894/8817,6.05e-14,Uncommon,generative,WizNerdz #4373,,,Standard
8020,2895,2895/8817,6.05e-14,Uncommon,generative,WizNerdz #8020,,,Standard
3906,2896,2896/8817,6.06e-14,Uncommon,generative,WizNerdz #3906,,,Standard
1546,2897,2897/8817,6.06e-14,Uncommon,generative,WizNerdz #1546,,,Standard
5517,2898,2898/8817,6.06e-14,Uncommon,generative,WizNerdz #5517,,,Standard
3738,2899,2899/8817,6.07e-14,Uncommon,generative,WizNerdz #3738,,,Standard
2896,2900,2900/8817,6.07e-14,Uncommon,generative,WizNerdz #2896,,,Standard
1363,2901,2901/8817,6.07e-14,Uncommon,generative,WizNerdz #1363,,,Standard
2371,2902,2902/8817,6.09e-14,Uncommon,generative,WizNerdz #2371,,,Standard
6794,2903,2903/8817,6.09e-14,Uncommon,generative,WizNerdz #6794,,,Standard
5236,2904,2904/8817,6.1e-14,Uncommon,generative,WizNerdz #5236,,,Standard
8183,2905,2905/8817,6.11e-14,Uncommon,generative,WizNerdz #8183,,,Standard
8006,2906,2906/8817,6.12e-14,Uncommon,generative,WizNerdz #8006,,,Standard
2325,2907,2907/8817,6.12e-14,Uncommon,generative,WizNerdz #2325,,,Standard
3463,2908,2908/8817,6.13e-14,Uncommon,generative,WizNerdz #3463,,,Standard
2993,2909,2909/8817,6.14e-14,Uncommon,generative,WizNerdz #2993,,,Standard
2289,2910,2910/8817,6.14e-14,Uncommon,generative,WizNerdz #2289,,,Standard
3464,2911,2911/8817,6.15e-14,Uncommon,generative,WizNerdz #3464,,,Standard
6530,2912,2912/8817,6.16e-14,Uncommon,generative,WizNerdz #6530,,,Standard
369,2913,2913/8817,6.17e-14,Uncommon,generative,WizNerdz #369,,,Standard
429,2914,2914/8817,6.18e-14,Uncommon,generative,WizNerdz #429,,,Standard
5505,2915,2915/8817,6.18e-14,Uncommon,generative,WizNerdz #5505,,,Standard
4005,2916,2916/8817,6.19e-14,Uncommon,generative,WizNerdz #4005,,,Standard
5364,2917,2917/8817,6.19e-14,Uncommon,generative,WizNerdz #5364,,,Standard
8141,2918,2918/8817,6.19e-14,Uncommon,generative,WizNerdz #8141,,,Standard
4831,2919,2919/8817,6.19e-14,Uncommon,generative,WizNerdz #4831,,,Standard
2014,2920,2920/8817,6.2e-14,Uncommon,generative,WizNerdz #2014,,,Standard
2539,2921,2921/8817,6.2e-14,Uncommon,generative,WizNerdz #2539,,,Standard
8390,2922,2922/8817,6.21e-14,Uncommon,generative,WizNerdz #8390,,,Standard
2343,2923,2923/8817,6.21e-14,Uncommon,generative,WizNerdz #2343,,,Standard
6009,2924,2924/8817,6.21e-14,Uncommon,generative,WizNerdz #6009,,,Standard
2364,2925,2925/8817,6.22e-14,Uncommon,generative,WizNerdz #2364,,,Standard
6153,2926,2926/8817,6.23e-14,Uncommon,generative,WizNerdz #6153,,,Standard
2737,2927,2927/8817,6.23e-14,Uncommon,generative,WizNerdz #2737,,,Standard
7657,2928,2928/8817,6.24e-14,Uncommon,generative,WizNerdz #7657,,,Standard
7056,2929,2929/8817,6.24e-14,Uncommon,generative,WizNerdz #7056,,,Standard
3569,2930,2930/8817,6.24e-14,Uncommon,generative,WizNerdz #3569,,,Standard
6525,2931,2931/8817,6.25e-14,Uncommon,generative,WizNerdz #6525,,,Standard
2637,2932,2932/8817,6.25e-14,Uncommon,generative,WizNerdz #2637,,,Standard
1706,2933,2933/8817,6.25e-14,Uncommon,generative,WizNerdz #1706,,,Standard
8284,2934,2934/8817,6.25e-14,Uncommon,generative,WizNerdz #8284,,,Standard
6481,2935,2935/8817,6.25e-14,Uncommon,generative,WizNerdz #6481,,,Standard
8543,2936,2936/8817,6.26e-14,Uncommon,generative,WizNerdz #8543,,,Standard
6310,2937,2937/8817,6.27e-14,Uncommon,generative,WizNerdz #6310,,,Standard
5737,2938,2938/8817,6.28e-14,Uncommon,generative,WizNerdz #5737,,,Standard
4145,2939,2939/8817,6.28e-14,Uncommon,generative,WizNerdz #4145,,,Standard
1618,2940,2940/8817,6.3e-14,Uncommon,generative,WizNerdz #1618,,,Standard
5859,2941,2941/8817,6.3e-14,Uncommon,generative,WizNerdz #5859,,,Standard
6980,2942,2942/8817,6.3e-14,Uncommon,generative,WizNerdz #6980,,,Standard
3316,2943,2943/8817,6.31e-14,Uncommon,generative,WizNerdz #3316,,,Standard
6450,2944,2944/8817,6.31e-14,Uncommon,generative,WizNerdz #6450,,,Standard
4125,2945,2945/8817,6.32e-14,Uncommon,generative,WizNerdz #4125,,,Standard
1145,2946,2946/8817,6.32e-14,Uncommon,generative,WizNerdz #1145,,,Standard
1225,2947,2947/8817,6.32e-14,Uncommon,generative,WizNerdz #1225,,,Standard
6547,2948,2948/8817,6.32e-14,Uncommon,generative,WizNerdz #6547,,,Standard
57,2949,2949/8817,6.32e-14,Uncommon,generative,WizNerdz #57,,,Standard
1663,2950,2950/8817,6.33e-14,Uncommon,generative,WizNerdz #1663,,,Standard
3355,2951,2951/8817,6.33e-14,Uncommon,generative,WizNerdz #3355,,,Standard
2128,2952,2952/8817,6.33e-14,Uncommon,generative,WizNerdz #2128,,,Standard
2797,2953,2953/8817,6.34e-14,Uncommon,generative,WizNerdz #2797,,,Standard
1633,2954,2954/8817,6.35e-14,Uncommon,generative,WizNerdz #1633,,,Standard
7459,2955,2955/8817,6.36e-14,Uncommon,generative,WizNerdz #7459,,,Standard
342,2956,2956/8817,6.36e-14,Uncommon,generative,WizNerdz #342,,,Standard
2685,2957,2957/8817,6.36e-14,Uncommon,generative,WizNerdz #2685,,,Standard
3111,2958,2958/8817,6.37e-14,Uncommon,generative,WizNerdz #3111,,,Standard
5503,2959,2959/8817,6.37e-14,Uncommon,generative,WizNerdz #5503,,,Standard
3448,2960,2960/8817,6.37e-14,Uncommon,generative,WizNerdz #3448,,,Standard
5926,2961,2961/8817,6.38e-14,Uncommon,generative,WizNerdz #5926,,,Standard
670,2962,2962/8817,6.39e-14,Uncommon,generative,WizNerdz #670,,,Standard
1887,2963,2963/8817,6.39e-14,Uncommon,generative,WizNerdz #1887,,,Standard
7159,2964,2964/8817,6.39e-14,Uncommon,generative,WizNerdz #7159,,,Standard
113,2965,2965/8817,6.39e-14,Uncommon,generative,WizNerdz #113,,,Standard
3876,2966,2966/8817,6.4e-14,Uncommon,generative,WizNerdz #3876,,,Standard
7856,2967,2967/8817,6.41e-14,Uncommon,generative,WizNerdz #7856,,,Standard
5946,2968,2968/8817,6.41e-14,Uncommon,generative,WizNerdz #5946,,,Standard
4574,2969,2969/8817,6.41e-14,Uncommon,generative,WizNerdz #4574,,,Standard
1837,2970,2970/8817,6.41e-14,Uncommon,generative,WizNerdz #1837,,,Standard
949,2971,2971/8817,6.41e-14,Uncommon,generative,WizNerdz #949,,,Standard
6306,2972,2972/8817,6.42e-14,Uncommon,generative,WizNerdz #6306,,,Standard
1713,2973,2973/8817,6.42e-14,Uncommon,generative,WizNerdz #1713,,,Standard
308,2974,2974/8817,6.43e-14,Uncommon,generative,WizNerdz #308,,,Standard
3773,2975,2975/8817,6.43e-14,Uncommon,generative,WizNerdz #3773,,,Standard
889,2976,2976/8817,6.43e-14,Uncommon,generative,WizNerdz #889,,,Standard
424,2977,2977/8817,6.44e-14,Uncommon,generative,WizNerdz #424,,,Standard
3324,2978,2978/8817,6.44e-14,Uncommon,generative,WizNerdz #3324,,,Standard
4132,2979,2979/8817,6.44e-14,Uncommon,generative,WizNerdz #4132,,,Standard
7162,2980,2980/8817,6.45e-14,Uncommon,generative,WizNerdz #7162,,,Standard
5853,2981,2981/8817,6.45e-14,Uncommon,generative,WizNerdz #5853,,,Standard
2028,2982,2982/8817,6.45e-14,Uncommon,generative,WizNerdz #2028,,,Standard
432,2983,2983/8817,6.46e-14,Uncommon,generative,WizNerdz #432,,,Standard
5042,2984,2984/8817,6.46e-14,Uncommon,generative,WizNerdz #5042,,,Standard
2455,2985,2985/8817,6.46e-14,Uncommon,generative,WizNerdz #2455,,,Standard
5115,2986,2986/8817,6.47e-14,Uncommon,generative,WizNerdz #5115,,,Standard
7249,2987,2987/8817,6.47e-14,Uncommon,generative,WizNerdz #7249,,,Standard
3786,2988,2988/8817,6.48e-14,Uncommon,generative,WizNerdz #3786,,,Standard
4842,2989,2989/8817,6.48e-14,Uncommon,generative,WizNerdz #4842,,,Standard
5092,2990,2990/8817,6.48e-14,Uncommon,generative,WizNerdz #5092,,,Standard
6745,2991,2991/8817,6.49e-14,Uncommon,generative,WizNerdz #6745,,,Standard
5168,2992,2992/8817,6.49e-14,Uncommon,generative,WizNerdz #5168,,,Standard
6682,2993,2993/8817,6.49e-14,Uncommon,generative,WizNerdz #6682,,,Standard
5341,2994,2994/8817,6.5e-14,Uncommon,generative,WizNerdz #5341,,,Standard
5648,2995,2995/8817,6.5e-14,Uncommon,generative,WizNerdz #5648,,,Standard
451,2996,2996/8817,6.51e-14,Uncommon,generative,WizNerdz #451,,,Standard
7579,2997,2997/8817,6.52e-14,Uncommon,generative,WizNerdz #7579,,,Standard
2709,2998,2998/8817,6.52e-14,Uncommon,generative,WizNerdz #2709,,,Standard
647,2999,2999/8817,6.52e-14,Uncommon,generative,WizNerdz #647,,,Standard
1346,3000,3000/8817,6.53e-14,Uncommon,generative,WizNerdz #1346,,,Standard
964,3001,3001/8817,6.53e-14,Uncommon,generative,WizNerdz #964,,,Standard
1234,3002,3002/8817,6.53e-14,Uncommon,generative,WizNerdz #1234,,,Standard
1849,3003,3003/8817,6.53e-14,Uncommon,generative,WizNerdz #1849,,,Standard
2278,3004,3004/8817,6.53e-14,Uncommon,generative,WizNerdz #2278,,,Standard
3232,3005,3005/8817,6.54e-14,Uncommon,generative,WizNerdz #3232,,,Standard
5481,3006,3006/8817,6.55e-14,Uncommon,generative,WizNerdz #5481,,,Standard
1915,3007,3007/8817,6.55e-14,Uncommon,generative,WizNerdz #1915,,,Standard
4080,3008,3008/8817,6.56e-14,Uncommon,generative,WizNerdz #4080,,,Standard
8366,3009,3009/8817,6.56e-14,Uncommon,generative,WizNerdz #8366,,,Standard
3192,3010,3010/8817,6.56e-14,Uncommon,generative,WizNerdz #3192,,,Standard
7243,3011,3011/8817,6.56e-14,Uncommon,generative,WizNerdz #7243,,,Standard
5370,3012,3012/8817,6.57e-14,Uncommon,generative,WizNerdz #5370,,,Standard
6900,3013,3013/8817,6.57e-14,Uncommon,generative,WizNerdz #6900,,,Standard
2466,3014,3014/8817,6.57e-14,Uncommon,generative,WizNerdz #2466,,,Standard
811,3015,3015/8817,6.58e-14,Uncommon,generative,WizNerdz #811,,,Standard
5649,3016,3016/8817,6.59e-14,Uncommon,generative,WizNerdz #5649,,,Standard
1881,3017,3017/8817,6.59e-14,Uncommon,generative,WizNerdz #1881,,,Standard
6708,3018,3018/8817,6.59e-14,Uncommon,generative,WizNerdz #6708,,,Standard
1235,3019,3019/8817,6.6e-14,Uncommon,generative,WizNerdz #1235,,,Standard
5489,3020,3020/8817,6.6e-14,Uncommon,generative,WizNerdz #5489,,,Standard
8472,3021,3021/8817,6.61e-14,Uncommon,generative,WizNerdz #8472,,,Standard
4533,3022,3022/8817,6.63e-14,Uncommon,generative,WizNerdz #4533,,,Standard
2939,3023,3023/8817,6.63e-14,Uncommon,generative,WizNerdz #2939,,,Standard
8871,3024,3024/8817,6.63e-14,Uncommon,generative,WizNerdz #8871,,,Standard
5529,3025,3025/8817,6.63e-14,Uncommon,generative,WizNerdz #5529,,,Standard
3424,3026,3026/8817,6.63e-14,Uncommon,generative,WizNerdz #3424,,,Standard
1565,3027,3027/8817,6.65e-14,Uncommon,generative,WizNerdz #1565,,,Standard
7878,3028,3028/8817,6.65e-14,Uncommon,generative,WizNerdz #7878,,,Standard
2952,3029,3029/8817,6.65e-14,Uncommon,generative,WizNerdz #2952,,,Standard
6937,3030,3030/8817,6.66e-14,Uncommon,generative,WizNerdz #6937,,,Standard
6494,3031,3031/8817,6.66e-14,Uncommon,generative,WizNerdz #6494,,,Standard
3301,3032,3032/8817,6.66e-14,Uncommon,generative,WizNerdz #3301,,,Standard
3176,3033,3033/8817,6.68e-14,Uncommon,generative,WizNerdz #3176,,,Standard
6772,3034,3034/8817,6.68e-14,Uncommon,generative,WizNerdz #6772,,,Standard
5320,3035,3035/8817,6.68e-14,Uncommon,generative,WizNerdz #5320,,,Standard
7665,3036,3036/8817,6.68e-14,Uncommon,generative,WizNerdz #7665,,,Standard
6720,3037,3037/8817,6.69e-14,Uncommon,generative,WizNerdz #6720,,,Standard
224,3038,3038/8817,6.69e-14,Uncommon,generative,WizNerdz #224,,,Standard
6924,3039,3039/8817,6.7e-14,Uncommon,generative,WizNerdz #6924,,,Standard
8718,3040,3040/8817,6.7e-14,Uncommon,generative,WizNerdz #8718,,,Standard
2382,3041,3041/8817,6.7e-14,Uncommon,generative,WizNerdz #2382,,,Standard
3713,3042,3042/8817,6.7e-14,Uncommon,generative,WizNerdz #3713,,,Standard
7610,3043,3043/8817,6.71e-14,Uncommon,generative,WizNerdz #7610,,,Standard
3718,3044,3044/8817,6.71e-14,Uncommon,generative,WizNerdz #3718,,,Standard
7337,3045,3045/8817,6.71e-14,Uncommon,generative,WizNerdz #7337,,,Standard
7022,3046,3046/8817,6.71e-14,Uncommon,generative,WizNerdz #7022,,,Standard
4375,3047,3047/8817,6.71e-14,Uncommon,generative,WizNerdz #4375,,,Standard
5179,3048,3048/8817,6.73e-14,Uncommon,generative,WizNerdz #5179,,,Standard
1033,3049,3049/8817,6.73e-14,Uncommon,generative,WizNerdz #1033,,,Standard
1781,3050,3050/8817,6.73e-14,Uncommon,generative,WizNerdz #1781,,,Standard
6998,3051,3051/8817,6.73e-14,Uncommon,generative,WizNerdz #6998,,,Standard
5425,3052,3052/8817,6.73e-14,Uncommon,generative,WizNerdz #5425,,,Standard
7140,3053,3053/8817,6.73e-14,Uncommon,generative,WizNerdz #7140,,,Standard
1272,3054,3054/8817,6.74e-14,Uncommon,generative,WizNerdz #1272,,,Standard
1184,3055,3055/8817,6.75e-14,Uncommon,generative,WizNerdz #1184,,,Standard
2790,3056,3056/8817,6.75e-14,Uncommon,generative,WizNerdz #2790,,,Standard
7532,3057,3057/8817,6.76e-14,Uncommon,generative,WizNerdz #7532,,,Standard
6098,3058,3058/8817,6.76e-14,Uncommon,generative,WizNerdz #6098,,,Standard
3348,3059,3059/8817,6.76e-14,Uncommon,generative,WizNerdz #3348,,,Standard
288,3060,3060/8817,6.76e-14,Uncommon,generative,WizNerdz #288,,,Standard
7728,3061,3061/8817,6.77e-14,Uncommon,generative,WizNerdz #7728,,,Standard
1340,3062,3062/8817,6.77e-14,Uncommon,generative,WizNerdz #1340,,,Standard
6768,3063,3063/8817,6.78e-14,Uncommon,generative,WizNerdz #6768,,,Standard
6959,3064,3064/8817,6.78e-14,Uncommon,generative,WizNerdz #6959,,,Standard
8865,3065,3065/8817,6.78e-14,Uncommon,generative,WizNerdz #8865,,,Standard
64,3066,3066/8817,6.79e-14,Uncommon,generative,WizNerdz #64,,,Standard
7968,3067,3067/8817,6.79e-14,Uncommon,generative,WizNerdz #7968,,,Standard
6020,3068,3068/8817,6.8e-14,Uncommon,generative,WizNerdz #6020,,,Standard
8069,3069,3069/8817,6.8e-14,Uncommon,generative,WizNerdz #8069,,,Standard
5643,3070,3070/8817,6.8e-14,Uncommon,generative,WizNerdz #5643,,,Standard
2890,3071,3071/8817,6.8e-14,Uncommon,generative,WizNerdz #2890,,,Standard
2682,3072,3072/8817,6.8e-14,Uncommon,generative,WizNerdz #2682,,,Standard
8064,3073,3073/8817,6.81e-14,Uncommon,generative,WizNerdz #8064,,,Standard
1372,3074,3074/8817,6.81e-14,Uncommon,generative,WizNerdz #1372,,,Standard
3860,3075,3075/8817,6.82e-14,Uncommon,generative,WizNerdz #3860,,,Standard
7703,3076,3076/8817,6.83e-14,Uncommon,generative,WizNerdz #7703,,,Standard
2435,3077,3077/8817,6.84e-14,Uncommon,generative,WizNerdz #2435,,,Standard
7301,3078,3078/8817,6.84e-14,Uncommon,generative,WizNerdz #7301,,,Standard
5194,3079,3079/8817,6.84e-14,Uncommon,generative,WizNerdz #5194,,,Standard
7551,3080,3080/8817,6.84e-14,Uncommon,generative,WizNerdz #7551,,,Standard
477,3081,3081/8817,6.85e-14,Uncommon,generative,WizNerdz #477,,,Standard
4189,3082,3082/8817,6.85e-14,Uncommon,generative,WizNerdz #4189,,,Standard
5952,3083,3083/8817,6.87e-14,Uncommon,generative,WizNerdz #5952,,,Standard
5703,3084,3084/8817,6.87e-14,Uncommon,generative,WizNerdz #5703,,,Standard
7146,3085,3085/8817,6.87e-14,Uncommon,generative,WizNerdz #7146,,,Standard
6229,3086,3086/8817,6.87e-14,Uncommon,generative,WizNerdz #6229,,,Standard
5679,3087,3087/8817,6.88e-14,Uncommon,generative,WizNerdz #5679,,,Standard
6856,3088,3088/8817,6.88e-14,Uncommon,generative,WizNerdz #6856,,,Standard
1882,3089,3089/8817,6.88e-14,Uncommon,generative,WizNerdz #1882,,,Standard
7599,3090,3090/8817,6.89e-14,Uncommon,generative,WizNerdz #7599,,,Standard
3787,3091,3091/8817,6.89e-14,Uncommon,generative,WizNerdz #3787,,,Standard
3479,3092,3092/8817,6.89e-14,Uncommon,generative,WizNerdz #3479,,,Standard
3429,3093,3093/8817,6.92e-14,Uncommon,generative,WizNerdz #3429,,,Standard
1843,3094,3094/8817,6.92e-14,Uncommon,generative,WizNerdz #1843,,,Standard
2154,3095,3095/8817,6.92e-14,Uncommon,generative,WizNerdz #2154,,,Standard
2503,3096,3096/8817,6.94e-14,Uncommon,generative,WizNerdz #2503,,,Standard
2616,3097,3097/8817,6.94e-14,Uncommon,generative,WizNerdz #2616,,,Standard
7941,3098,3098/8817,6.95e-14,Uncommon,generative,WizNerdz #7941,,,Standard
1733,3099,3099/8817,6.95e-14,Uncommon,generative,WizNerdz #1733,,,Standard
7821,3100,3100/8817,6.96e-14,Uncommon,generative,WizNerdz #7821,,,Standard
5552,3101,3101/8817,6.96e-14,Uncommon,generative,WizNerdz #5552,,,Standard
2144,3102,3102/8817,6.97e-14,Uncommon,generative,WizNerdz #2144,,,Standard
3300,3103,3103/8817,6.97e-14,Uncommon,generative,WizNerdz #3300,,,Standard
125,3104,3104/8817,6.98e-14,Uncommon,generative,WizNerdz #125,,,Standard
8585,3105,3105/8817,6.98e-14,Uncommon,generative,WizNerdz #8585,,,Standard
635,3106,3106/8817,6.99e-14,Uncommon,generative,WizNerdz #635,,,Standard
2671,3107,3107/8817,6.99e-14,Uncommon,generative,WizNerdz #2671,,,Standard
8311,3108,3108/8817,7e-14,Uncommon,generative,WizNerdz #8311,,,Standard
521,3109,3109/8817,7e-14,Uncommon,generative,WizNerdz #521,,,Standard
4006,3110,3110/8817,7.01e-14,Uncommon,generative,WizNerdz #4006,,,Standard
3699,3111,3111/8817,7.01e-14,Uncommon,generative,WizNerdz #3699,,,Standard
4741,3112,3112/8817,7.01e-14,Uncommon,generative,WizNerdz #4741,,,Standard
8619,3113,3113/8817,7.02e-14,Uncommon,generative,WizNerdz #8619,,,Standard
8237,3114,3114/8817,7.02e-14,Uncommon,generative,WizNerdz #8237,,,Standard
8474,3115,3115/8817,7.03e-14,Uncommon,generative,WizNerdz #8474,,,Standard
1216,3116,3116/8817,7.04e-14,Uncommon,generative,WizNerdz #1216,,,Standard
6644,3117,3117/8817,7.04e-14,Uncommon,generative,WizNerdz #6644,,,Standard
4208,3118,3118/8817,7.05e-14,Uncommon,generative,WizNerdz #4208,,,Standard
2764,3119,3119/8817,7.05e-14,Uncommon,generative,WizNerdz #2764,,,Standard
8290,3120,3120/8817,7.05e-14,Uncommon,generative,WizNerdz #8290,,,Standard
3067,3121,3121/8817,7.06e-14,Uncommon,generative,WizNerdz #3067,,,Standard
7155,3122,3122/8817,7.06e-14,Uncommon,generative,WizNerdz #7155,,,Standard
7756,3123,3123/8817,7.06e-14,Uncommon,generative,WizNerdz #7756,,,Standard
6647,3124,3124/8817,7.07e-14,Uncommon,generative,WizNerdz #6647,,,Standard
1143,3125,3125/8817,7.07e-14,Uncommon,generative,WizNerdz #1143,,,Standard
1069,3126,3126/8817,7.08e-14,Uncommon,generative,WizNerdz #1069,,,Standard
796,3127,3127/8817,7.08e-14,Uncommon,generative,WizNerdz #796,,,Standard
4087,3128,3128/8817,7.09e-14,Uncommon,generative,WizNerdz #4087,,,Standard
652,3129,3129/8817,7.09e-14,Uncommon,generative,WizNerdz #652,,,Standard
6669,3130,3130/8817,7.1e-14,Uncommon,generative,WizNerdz #6669,,,Standard
6025,3131,3131/8817,7.11e-14,Uncommon,generative,WizNerdz #6025,,,Standard
4938,3132,3132/8817,7.11e-14,Uncommon,generative,WizNerdz #4938,,,Standard
4175,3133,3133/8817,7.12e-14,Uncommon,generative,WizNerdz #4175,,,Standard
4675,3134,3134/8817,7.12e-14,Uncommon,generative,WizNerdz #4675,,,Standard
4841,3135,3135/8817,7.14e-14,Uncommon,generative,WizNerdz #4841,,,Standard
8080,3136,3136/8817,7.14e-14,Uncommon,generative,WizNerdz #8080,,,Standard
4233,3137,3137/8817,7.14e-14,Uncommon,generative,WizNerdz #4233,,,Standard
4781,3138,3138/8817,7.14e-14,Uncommon,generative,WizNerdz #4781,,,Standard
5558,3139,3139/8817,7.14e-14,Uncommon,generative,WizNerdz #5558,,,Standard
366,3140,3140/8817,7.15e-14,Uncommon,generative,WizNerdz #366,,,Standard
8114,3141,3141/8817,7.16e-14,Uncommon,generative,WizNerdz #8114,,,Standard
8673,3142,3142/8817,7.16e-14,Uncommon,generative,WizNerdz #8673,,,Standard
8521,3143,3143/8817,7.16e-14,Uncommon,generative,WizNerdz #8521,,,Standard
5303,3144,3144/8817,7.16e-14,Uncommon,generative,WizNerdz #5303,,,Standard
1608,3145,3145/8817,7.16e-14,Uncommon,generative,WizNerdz #1608,,,Standard
4163,3146,3146/8817,7.16e-14,Uncommon,generative,WizNerdz #4163,,,Standard
5121,3147,3147/8817,7.16e-14,Uncommon,generative,WizNerdz #5121,,,Standard
1716,3148,3148/8817,7.17e-14,Uncommon,generative,WizNerdz #1716,,,Standard
7935,3149,3149/8817,7.17e-14,Uncommon,generative,WizNerdz #7935,,,Standard
7171,3150,3150/8817,7.18e-14,Uncommon,generative,WizNerdz #7171,,,Standard
396,3151,3151/8817,7.18e-14,Uncommon,generative,WizNerdz #396,,,Standard
2413,3152,3152/8817,7.19e-14,Uncommon,generative,WizNerdz #2413,,,Standard
1878,3153,3153/8817,7.22e-14,Uncommon,generative,WizNerdz #1878,,,Standard
1021,3154,3154/8817,7.23e-14,Uncommon,generative,WizNerdz #1021,,,Standard
8407,3155,3155/8817,7.23e-14,Uncommon,generative,WizNerdz #8407,,,Standard
6985,3156,3156/8817,7.24e-14,Uncommon,generative,WizNerdz #6985,,,Standard
415,3157,3157/8817,7.24e-14,Uncommon,generative,WizNerdz #415,,,Standard
5450,3158,3158/8817,7.24e-14,Uncommon,generative,WizNerdz #5450,,,Standard
5636,3159,3159/8817,7.25e-14,Uncommon,generative,WizNerdz #5636,,,Standard
5313,3160,3160/8817,7.26e-14,Uncommon,generative,WizNerdz #5313,,,Standard
2228,3161,3161/8817,7.26e-14,Uncommon,generative,WizNerdz #2228,,,Standard
3287,3162,3162/8817,7.26e-14,Uncommon,generative,WizNerdz #3287,,,Standard
4456,3163,3163/8817,7.26e-14,Uncommon,generative,WizNerdz #4456,,,Standard
4488,3164,3164/8817,7.27e-14,Uncommon,generative,WizNerdz #4488,,,Standard
3928,3165,3165/8817,7.29e-14,Uncommon,generative,WizNerdz #3928,,,Standard
138,3166,3166/8817,7.29e-14,Uncommon,generative,WizNerdz #138,,,Standard
3715,3167,3167/8817,7.29e-14,Uncommon,generative,WizNerdz #3715,,,Standard
1008,3168,3168/8817,7.3e-14,Uncommon,generative,WizNerdz #1008,,,Standard
3625,3169,3169/8817,7.31e-14,Uncommon,generative,WizNerdz #3625,,,Standard
242,3170,3170/8817,7.31e-14,Uncommon,generative,WizNerdz #242,,,Standard
588,3171,3171/8817,7.31e-14,Uncommon,generative,WizNerdz #588,,,Standard
8544,3172,3172/8817,7.32e-14,Uncommon,generative,WizNerdz #8544,,,Standard
3730,3173,3173/8817,7.32e-14,Uncommon,generative,WizNerdz #3730,,,Standard
6011,3174,3174/8817,7.34e-14,Uncommon,generative,WizNerdz #6011,,,Standard
1901,3175,3175/8817,7.34e-14,Uncommon,generative,WizNerdz #1901,,,Standard
468,3176,3176/8817,7.34e-14,Uncommon,generative,WizNerdz #468,,,Standard
1375,3177,3177/8817,7.35e-14,Uncommon,generative,WizNerdz #1375,,,Standard
4273,3178,3178/8817,7.35e-14,Uncommon,generative,WizNerdz #4273,,,Standard
183,3179,3179/8817,7.36e-14,Uncommon,generative,WizNerdz #183,,,Standard
5603,3180,3180/8817,7.37e-14,Uncommon,generative,WizNerdz #5603,,,Standard
6189,3181,3181/8817,7.38e-14,Uncommon,generative,WizNerdz #6189,,,Standard
6619,3182,3182/8817,7.38e-14,Uncommon,generative,WizNerdz #6619,,,Standard
322,3183,3183/8817,7.38e-14,Uncommon,generative,WizNerdz #322,,,Standard
8859,3184,3184/8817,7.38e-14,Uncommon,generative,WizNerdz #8859,,,Standard
3438,3185,3185/8817,7.4e-14,Uncommon,generative,WizNerdz #3438,,,Standard
6399,3186,3186/8817,7.41e-14,Uncommon,generative,WizNerdz #6399,,,Standard
8605,3187,3187/8817,7.42e-14,Uncommon,generative,WizNerdz #8605,,,Standard
7901,3188,3188/8817,7.42e-14,Uncommon,generative,WizNerdz #7901,,,Standard
1519,3189,3189/8817,7.42e-14,Uncommon,generative,WizNerdz #1519,,,Standard
8176,3190,3190/8817,7.42e-14,Uncommon,generative,WizNerdz #8176,,,Standard
4546,3191,3191/8817,7.43e-14,Uncommon,generative,WizNerdz #4546,,,Standard
8262,3192,3192/8817,7.43e-14,Uncommon,generative,WizNerdz #8262,,,Standard
3835,3193,3193/8817,7.44e-14,Uncommon,generative,WizNerdz #3835,,,Standard
7185,3194,3194/8817,7.44e-14,Uncommon,generative,WizNerdz #7185,,,Standard
6565,3195,3195/8817,7.45e-14,Uncommon,generative,WizNerdz #6565,,,Standard
1505,3196,3196/8817,7.45e-14,Uncommon,generative,WizNerdz #1505,,,Standard
4755,3197,3197/8817,7.46e-14,Uncommon,generative,WizNerdz #4755,,,Standard
4138,3198,3198/8817,7.46e-14,Uncommon,generative,WizNerdz #4138,,,Standard
7608,3199,3199/8817,7.47e-14,Uncommon,generative,WizNerdz #7608,,,Standard
1616,3200,3200/8817,7.48e-14,Uncommon,generative,WizNerdz #1616,,,Standard
4777,3201,3201/8817,7.48e-14,Uncommon,generative,WizNerdz #4777,,,Standard
333,3202,3202/8817,7.48e-14,Uncommon,generative,WizNerdz #333,,,Standard
7260,3203,3203/8817,7.49e-14,Uncommon,generative,WizNerdz #7260,,,Standard
4921,3204,3204/8817,7.49e-14,Uncommon,generative,WizNerdz #4921,,,Standard
4395,3205,3205/8817,7.5e-14,Uncommon,generative,WizNerdz #4395,,,Standard
67,3206,3206/8817,7.5e-14,Uncommon,generative,WizNerdz #67,,,Standard
8369,3207,3207/8817,7.51e-14,Uncommon,generative,WizNerdz #8369,,,Standard
988,3208,3208/8817,7.51e-14,Uncommon,generative,WizNerdz #988,,,Standard
6118,3209,3209/8817,7.51e-14,Uncommon,generative,WizNerdz #6118,,,Standard
5964,3210,3210/8817,7.52e-14,Uncommon,generative,WizNerdz #5964,,,Standard
3233,3211,3211/8817,7.52e-14,Uncommon,generative,WizNerdz #3233,,,Standard
2053,3212,3212/8817,7.52e-14,Uncommon,generative,WizNerdz #2053,,,Standard
3619,3213,3213/8817,7.53e-14,Uncommon,generative,WizNerdz #3619,,,Standard
2520,3214,3214/8817,7.54e-14,Uncommon,generative,WizNerdz #2520,,,Standard
2468,3215,3215/8817,7.54e-14,Uncommon,generative,WizNerdz #2468,,,Standard
421,3216,3216/8817,7.54e-14,Uncommon,generative,WizNerdz #421,,,Standard
2168,3217,3217/8817,7.55e-14,Uncommon,generative,WizNerdz #2168,,,Standard
6258,3218,3218/8817,7.55e-14,Uncommon,generative,WizNerdz #6258,,,Standard
69,3219,3219/8817,7.55e-14,Uncommon,generative,WizNerdz #69,,,Standard
5839,3220,3220/8817,7.55e-14,Uncommon,generative,WizNerdz #5839,,,Standard
2069,3221,3221/8817,7.56e-14,Uncommon,generative,WizNerdz #2069,,,Standard
6019,3222,3222/8817,7.57e-14,Uncommon,generative,WizNerdz #6019,,,Standard
8479,3223,3223/8817,7.57e-14,Uncommon,generative,WizNerdz #8479,,,Standard
8076,3224,3224/8817,7.57e-14,Uncommon,generative,WizNerdz #8076,,,Standard
7225,3225,3225/8817,7.58e-14,Uncommon,generative,WizNerdz #7225,,,Standard
1475,3226,3226/8817,7.59e-14,Uncommon,generative,WizNerdz #1475,,,Standard
5633,3227,3227/8817,7.59e-14,Uncommon,generative,WizNerdz #5633,,,Standard
7027,3228,3228/8817,7.59e-14,Uncommon,generative,WizNerdz #7027,,,Standard
2481,3229,3229/8817,7.6e-14,Uncommon,generative,WizNerdz #2481,,,Standard
5093,3230,3230/8817,7.6e-14,Uncommon,generative,WizNerdz #5093,,,Standard
6319,3231,3231/8817,7.61e-14,Uncommon,generative,WizNerdz #6319,,,Standard
3297,3232,3232/8817,7.61e-14,Uncommon,generative,WizNerdz #3297,,,Standard
8563,3233,3233/8817,7.62e-14,Uncommon,generative,WizNerdz #8563,,,Standard
4543,3234,3234/8817,7.63e-14,Uncommon,generative,WizNerdz #4543,,,Standard
2376,3235,3235/8817,7.63e-14,Uncommon,generative,WizNerdz #2376,,,Standard
6036,3236,3236/8817,7.64e-14,Uncommon,generative,WizNerdz #6036,,,Standard
7793,3237,3237/8817,7.64e-14,Uncommon,generative,WizNerdz #7793,,,Standard
598,3238,3238/8817,7.64e-14,Uncommon,generative,WizNerdz #598,,,Standard
3531,3239,3239/8817,7.65e-14,Uncommon,generative,WizNerdz #3531,,,Standard
5855,3240,3240/8817,7.66e-14,Uncommon,generative,WizNerdz #5855,,,Standard
3708,3241,3241/8817,7.67e-14,Uncommon,generative,WizNerdz #3708,,,Standard
4184,3242,3242/8817,7.67e-14,Uncommon,generative,WizNerdz #4184,,,Standard
8745,3243,3243/8817,7.67e-14,Uncommon,generative,WizNerdz #8745,,,Standard
1152,3244,3244/8817,7.67e-14,Uncommon,generative,WizNerdz #1152,,,Standard
1218,3245,3245/8817,7.68e-14,Uncommon,generative,WizNerdz #1218,,,Standard
7429,3246,3246/8817,7.68e-14,Uncommon,generative,WizNerdz #7429,,,Standard
5990,3247,3247/8817,7.69e-14,Uncommon,generative,WizNerdz #5990,,,Standard
4507,3248,3248/8817,7.69e-14,Uncommon,generative,WizNerdz #4507,,,Standard
2773,3249,3249/8817,7.7e-14,Uncommon,generative,WizNerdz #2773,,,Standard
5889,3250,3250/8817,7.7e-14,Uncommon,generative,WizNerdz #5889,,,Standard
8746,3251,3251/8817,7.7e-14,Uncommon,generative,WizNerdz #8746,,,Standard
6099,3252,3252/8817,7.71e-14,Uncommon,generative,WizNerdz #6099,,,Standard
5407,3253,3253/8817,7.71e-14,Uncommon,generative,WizNerdz #5407,,,Standard
4818,3254,3254/8817,7.71e-14,Uncommon,generative,WizNerdz #4818,,,Standard
1205,3255,3255/8817,7.72e-14,Uncommon,generative,WizNerdz #1205,,,Standard
868,3256,3256/8817,7.72e-14,Uncommon,generative,WizNerdz #868,,,Standard
1257,3257,3257/8817,7.72e-14,Uncommon,generative,WizNerdz #1257,,,Standard
8266,3258,3258/8817,7.74e-14,Uncommon,generative,WizNerdz #8266,,,Standard
2083,3259,3259/8817,7.74e-14,Uncommon,generative,WizNerdz #2083,,,Standard
7358,3260,3260/8817,7.75e-14,Uncommon,generative,WizNerdz #7358,,,Standard
4098,3261,3261/8817,7.76e-14,Uncommon,generative,WizNerdz #4098,,,Standard
6697,3262,3262/8817,7.76e-14,Uncommon,generative,WizNerdz #6697,,,Standard
1139,3263,3263/8817,7.78e-14,Uncommon,generative,WizNerdz #1139,,,Standard
517,3264,3264/8817,7.79e-14,Uncommon,generative,WizNerdz #517,,,Standard
4401,3265,3265/8817,7.79e-14,Uncommon,generative,WizNerdz #4401,,,Standard
6710,3266,3266/8817,7.79e-14,Uncommon,generative,WizNerdz #6710,,,Standard
1259,3267,3267/8817,7.79e-14,Uncommon,generative,WizNerdz #1259,,,Standard
6003,3268,3268/8817,7.8e-14,Uncommon,generative,WizNerdz #6003,,,Standard
768,3269,3269/8817,7.81e-14,Uncommon,generative,WizNerdz #768,,,Standard
3688,3270,3270/8817,7.81e-14,Uncommon,generative,WizNerdz #3688,,,Standard
8481,3271,3271/8817,7.82e-14,Uncommon,generative,WizNerdz #8481,,,Standard
1920,3272,3272/8817,7.82e-14,Uncommon,generative,WizNerdz #1920,,,Standard
4450,3273,3273/8817,7.83e-14,Uncommon,generative,WizNerdz #4450,,,Standard
3430,3274,3274/8817,7.83e-14,Uncommon,generative,WizNerdz #3430,,,Standard
2062,3275,3275/8817,7.84e-14,Uncommon,generative,WizNerdz #2062,,,Standard
509,3276,3276/8817,7.84e-14,Uncommon,generative,WizNerdz #509,,,Standard
8382,3277,3277/8817,7.84e-14,Uncommon,generative,WizNerdz #8382,,,Standard
72,3278,3278/8817,7.84e-14,Uncommon,generative,WizNerdz #72,,,Standard
6862,3279,3279/8817,7.85e-14,Uncommon,generative,WizNerdz #6862,,,Standard
3489,3280,3280/8817,7.86e-14,Uncommon,generative,WizNerdz #3489,,,Standard
718,3281,3281/8817,7.87e-14,Uncommon,generative,WizNerdz #718,,,Standard
4956,3282,3282/8817,7.87e-14,Uncommon,generative,WizNerdz #4956,,,Standard
4691,3283,3283/8817,7.87e-14,Uncommon,generative,WizNerdz #4691,,,Standard
2361,3284,3284/8817,7.87e-14,Uncommon,generative,WizNerdz #2361,,,Standard
2675,3285,3285/8817,7.88e-14,Uncommon,generative,WizNerdz #2675,,,Standard
2391,3286,3286/8817,7.88e-14,Uncommon,generative,WizNerdz #2391,,,Standard
2674,3287,3287/8817,7.88e-14,Uncommon,generative,WizNerdz #2674,,,Standard
4681,3288,3288/8817,7.89e-14,Uncommon,generative,WizNerdz #4681,,,Standard
6656,3289,3289/8817,7.89e-14,Uncommon,generative,WizNerdz #6656,,,Standard
98,3290,3290/8817,7.9e-14,Uncommon,generative,WizNerdz #98,,,Standard
2530,3291,3291/8817,7.92e-14,Uncommon,generative,WizNerdz #2530,,,Standard
5070,3292,3292/8817,7.92e-14,Uncommon,generative,WizNerdz #5070,,,Standard
8043,3293,3293/8817,7.93e-14,Uncommon,generative,WizNerdz #8043,,,Standard
7113,3294,3294/8817,7.93e-14,Uncommon,generative,WizNerdz #7113,,,Standard
6766,3295,3295/8817,7.94e-14,Uncommon,generative,WizNerdz #6766,,,Standard
896,3296,3296/8817,7.94e-14,Uncommon,generative,WizNerdz #896,,,Standard
2771,3297,3297/8817,7.94e-14,Uncommon,generative,WizNerdz #2771,,,Standard
3034,3298,3298/8817,7.95e-14,Uncommon,generative,WizNerdz #3034,,,Standard
2519,3299,3299/8817,7.96e-14,Uncommon,generative,WizNerdz #2519,,,Standard
5477,3300,3300/8817,7.96e-14,Uncommon,generative,WizNerdz #5477,,,Standard
502,3301,3301/8817,7.96e-14,Uncommon,generative,WizNerdz #502,,,Standard
1324,3302,3302/8817,7.97e-14,Uncommon,generative,WizNerdz #1324,,,Standard
1619,3303,3303/8817,7.97e-14,Uncommon,generative,WizNerdz #1619,,,Standard
8525,3304,3304/8817,7.97e-14,Uncommon,generative,WizNerdz #8525,,,Standard
6851,3305,3305/8817,7.98e-14,Uncommon,generative,WizNerdz #6851,,,Standard
4990,3306,3306/8817,7.98e-14,Uncommon,generative,WizNerdz #4990,,,Standard
6443,3307,3307/8817,7.99e-14,Uncommon,generative,WizNerdz #6443,,,Standard
8866,3308,3308/8817,8e-14,Uncommon,generative,WizNerdz #8866,,,Standard
6966,3309,3309/8817,8e-14,Uncommon,generative,WizNerdz #6966,,,Standard
6645,3310,3310/8817,8e-14,Uncommon,generative,WizNerdz #6645,,,Standard
8675,3311,3311/8817,8.01e-14,Uncommon,generative,WizNerdz #8675,,,Standard
4460,3312,3312/8817,8.01e-14,Uncommon,generative,WizNerdz #4460,,,Standard
5809,3313,3313/8817,8.01e-14,Uncommon,generative,WizNerdz #5809,,,Standard
5820,3314,3314/8817,8.01e-14,Uncommon,generative,WizNerdz #5820,,,Standard
172,3315,3315/8817,8.03e-14,Uncommon,generative,WizNerdz #172,,,Standard
1108,3316,3316/8817,8.03e-14,Uncommon,generative,WizNerdz #1108,,,Standard
6294,3317,3317/8817,8.04e-14,Uncommon,generative,WizNerdz #6294,,,Standard
6005,3318,3318/8817,8.05e-14,Uncommon,generative,WizNerdz #6005,,,Standard
7895,3319,3319/8817,8.06e-14,Uncommon,generative,WizNerdz #7895,,,Standard
6780,3320,3320/8817,8.06e-14,Uncommon,generative,WizNerdz #6780,,,Standard
3104,3321,3321/8817,8.06e-14,Uncommon,generative,WizNerdz #3104,,,Standard
238,3322,3322/8817,8.07e-14,Uncommon,generative,WizNerdz #238,,,Standard
5117,3323,3323/8817,8.08e-14,Uncommon,generative,WizNerdz #5117,,,Standard
2081,3324,3324/8817,8.08e-14,Uncommon,generative,WizNerdz #2081,,,Standard
3533,3325,3325/8817,8.08e-14,Uncommon,generative,WizNerdz #3533,,,Standard
3871,3326,3326/8817,8.08e-14,Uncommon,generative,WizNerdz #3871,,,Standard
6242,3327,3327/8817,8.09e-14,Uncommon,generative,WizNerdz #6242,,,Standard
6411,3328,3328/8817,8.09e-14,Uncommon,generative,WizNerdz #6411,,,Standard
3791,3329,3329/8817,8.09e-14,Uncommon,generative,WizNerdz #3791,,,Standard
7423,3330,3330/8817,8.09e-14,Uncommon,generative,WizNerdz #7423,,,Standard
3384,3331,3331/8817,8.09e-14,Uncommon,generative,WizNerdz #3384,,,Standard
1486,3332,3332/8817,8.1e-14,Uncommon,generative,WizNerdz #1486,,,Standard
5234,3333,3333/8817,8.1e-14,Uncommon,generative,WizNerdz #5234,,,Standard
4088,3334,3334/8817,8.1e-14,Uncommon,generative,WizNerdz #4088,,,Standard
6043,3335,3335/8817,8.11e-14,Uncommon,generative,WizNerdz #6043,,,Standard
335,3336,3336/8817,8.12e-14,Uncommon,generative,WizNerdz #335,,,Standard
6413,3337,3337/8817,8.12e-14,Uncommon,generative,WizNerdz #6413,,,Standard
3813,3338,3338/8817,8.12e-14,Uncommon,generative,WizNerdz #3813,,,Standard
6339,3339,3339/8817,8.13e-14,Uncommon,generative,WizNerdz #6339,,,Standard
6845,3340,3340/8817,8.13e-14,Uncommon,generative,WizNerdz #6845,,,Standard
1655,3341,3341/8817,8.14e-14,Uncommon,generative,WizNerdz #1655,,,Standard
4119,3342,3342/8817,8.15e-14,Uncommon,generative,WizNerdz #4119,,,Standard
5582,3343,3343/8817,8.15e-14,Uncommon,generative,WizNerdz #5582,,,Standard
4483,3344,3344/8817,8.15e-14,Uncommon,generative,WizNerdz #4483,,,Standard
7847,3345,3345/8817,8.16e-14,Uncommon,generative,WizNerdz #7847,,,Standard
8813,3346,3346/8817,8.16e-14,Uncommon,generative,WizNerdz #8813,,,Standard
6970,3347,3347/8817,8.18e-14,Uncommon,generative,WizNerdz #6970,,,Standard
3881,3348,3348/8817,8.18e-14,Uncommon,generative,WizNerdz #3881,,,Standard
7228,3349,3349/8817,8.18e-14,Uncommon,generative,WizNerdz #7228,,,Standard
2803,3350,3350/8817,8.19e-14,Uncommon,generative,WizNerdz #2803,,,Standard
1819,3351,3351/8817,8.19e-14,Uncommon,generative,WizNerdz #1819,,,Standard
8663,3352,3352/8817,8.2e-14,Uncommon,generative,WizNerdz #8663,,,Standard
6690,3353,3353/8817,8.21e-14,Uncommon,generative,WizNerdz #6690,,,Standard
7073,3354,3354/8817,8.22e-14,Uncommon,generative,WizNerdz #7073,,,Standard
7438,3355,3355/8817,8.22e-14,Uncommon,generative,WizNerdz #7438,,,Standard
3162,3356,3356/8817,8.23e-14,Uncommon,generative,WizNerdz #3162,,,Standard
7168,3357,3357/8817,8.23e-14,Uncommon,generative,WizNerdz #7168,,,Standard
4452,3358,3358/8817,8.23e-14,Uncommon,generative,WizNerdz #4452,,,Standard
4094,3359,3359/8817,8.23e-14,Uncommon,generative,WizNerdz #4094,,,Standard
5722,3360,3360/8817,8.24e-14,Uncommon,generative,WizNerdz #5722,,,Standard
6052,3361,3361/8817,8.24e-14,Uncommon,generative,WizNerdz #6052,,,Standard
548,3362,3362/8817,8.24e-14,Uncommon,generative,WizNerdz #548,,,Standard
6029,3363,3363/8817,8.25e-14,Uncommon,generative,WizNerdz #6029,,,Standard
6395,3364,3364/8817,8.26e-14,Uncommon,generative,WizNerdz #6395,,,Standard
6711,3365,3365/8817,8.26e-14,Uncommon,generative,WizNerdz #6711,,,Standard
5406,3366,3366/8817,8.26e-14,Uncommon,generative,WizNerdz #5406,,,Standard
1931,3367,3367/8817,8.28e-14,Uncommon,generative,WizNerdz #1931,,,Standard
4520,3368,3368/8817,8.28e-14,Uncommon,generative,WizNerdz #4520,,,Standard
2691,3369,3369/8817,8.28e-14,Uncommon,generative,WizNerdz #2691,,,Standard
6600,3370,3370/8817,8.28e-14,Uncommon,generative,WizNerdz #6600,,,Standard
697,3371,3371/8817,8.29e-14,Uncommon,generative,WizNerdz #697,,,Standard
1221,3372,3372/8817,8.29e-14,Uncommon,generative,WizNerdz #1221,,,Standard
5978,3373,3373/8817,8.29e-14,Uncommon,generative,WizNerdz #5978,,,Standard
8061,3374,3374/8817,8.29e-14,Uncommon,generative,WizNerdz #8061,,,Standard
5433,3375,3375/8817,8.29e-14,Uncommon,generative,WizNerdz #5433,,,Standard
2354,3376,3376/8817,8.31e-14,Uncommon,generative,WizNerdz #2354,,,Standard
2598,3377,3377/8817,8.31e-14,Uncommon,generative,WizNerdz #2598,,,Standard
5233,3378,3378/8817,8.31e-14,Uncommon,generative,WizNerdz #5233,,,Standard
5868,3379,3379/8817,8.31e-14,Uncommon,generative,WizNerdz #5868,,,Standard
1321,3380,3380/8817,8.31e-14,Uncommon,generative,WizNerdz #1321,,,Standard
4637,3381,3381/8817,8.32e-14,Uncommon,generative,WizNerdz #4637,,,Standard
126,3382,3382/8817,8.32e-14,Uncommon,generative,WizNerdz #126,,,Standard
5278,3383,3383/8817,8.32e-14,Uncommon,generative,WizNerdz #5278,,,Standard
3133,3384,3384/8817,8.33e-14,Uncommon,generative,WizNerdz #3133,,,Standard
5823,3385,3385/8817,8.33e-14,Uncommon,generative,WizNerdz #5823,,,Standard
1362,3386,3386/8817,8.33e-14,Uncommon,generative,WizNerdz #1362,,,Standard
904,3387,3387/8817,8.34e-14,Uncommon,generative,WizNerdz #904,,,Standard
3483,3388,3388/8817,8.35e-14,Uncommon,generative,WizNerdz #3483,,,Standard
4511,3389,3389/8817,8.35e-14,Uncommon,generative,WizNerdz #4511,,,Standard
2959,3390,3390/8817,8.36e-14,Uncommon,generative,WizNerdz #2959,,,Standard
6476,3391,3391/8817,8.37e-14,Uncommon,generative,WizNerdz #6476,,,Standard
3596,3392,3392/8817,8.37e-14,Uncommon,generative,WizNerdz #3596,,,Standard
6971,3393,3393/8817,8.38e-14,Uncommon,generative,WizNerdz #6971,,,Standard
8569,3394,3394/8817,8.38e-14,Uncommon,generative,WizNerdz #8569,,,Standard
6840,3395,3395/8817,8.38e-14,Uncommon,generative,WizNerdz #6840,,,Standard
4157,3396,3396/8817,8.38e-14,Uncommon,generative,WizNerdz #4157,,,Standard
1975,3397,3397/8817,8.38e-14,Uncommon,generative,WizNerdz #1975,,,Standard
5668,3398,3398/8817,8.38e-14,Uncommon,generative,WizNerdz #5668,,,Standard
1593,3399,3399/8817,8.4e-14,Uncommon,generative,WizNerdz #1593,,,Standard
1916,3400,3400/8817,8.4e-14,Uncommon,generative,WizNerdz #1916,,,Standard
8177,3401,3401/8817,8.4e-14,Uncommon,generative,WizNerdz #8177,,,Standard
2134,3402,3402/8817,8.44e-14,Uncommon,generative,WizNerdz #2134,,,Standard
1273,3403,3403/8817,8.44e-14,Uncommon,generative,WizNerdz #1273,,,Standard
4540,3404,3404/8817,8.44e-14,Uncommon,generative,WizNerdz #4540,,,Standard
7308,3405,3405/8817,8.46e-14,Uncommon,generative,WizNerdz #7308,,,Standard
4462,3406,3406/8817,8.46e-14,Uncommon,generative,WizNerdz #4462,,,Standard
7329,3407,3407/8817,8.46e-14,Uncommon,generative,WizNerdz #7329,,,Standard
3225,3408,3408/8817,8.47e-14,Uncommon,generative,WizNerdz #3225,,,Standard
783,3409,3409/8817,8.47e-14,Uncommon,generative,WizNerdz #783,,,Standard
5256,3410,3410/8817,8.48e-14,Uncommon,generative,WizNerdz #5256,,,Standard
7053,3411,3411/8817,8.49e-14,Uncommon,generative,WizNerdz #7053,,,Standard
1951,3412,3412/8817,8.5e-14,Uncommon,generative,WizNerdz #1951,,,Standard
1959,3413,3413/8817,8.5e-14,Uncommon,generative,WizNerdz #1959,,,Standard
3024,3414,3414/8817,8.51e-14,Uncommon,generative,WizNerdz #3024,,,Standard
3896,3415,3415/8817,8.51e-14,Uncommon,generative,WizNerdz #3896,,,Standard
756,3416,3416/8817,8.52e-14,Uncommon,generative,WizNerdz #756,,,Standard
4606,3417,3417/8817,8.53e-14,Uncommon,generative,WizNerdz #4606,,,Standard
6286,3418,3418/8817,8.53e-14,Uncommon,generative,WizNerdz #6286,,,Standard
6441,3419,3419/8817,8.54e-14,Uncommon,generative,WizNerdz #6441,,,Standard
6943,3420,3420/8817,8.54e-14,Uncommon,generative,WizNerdz #6943,,,Standard
7416,3421,3421/8817,8.54e-14,Uncommon,generative,WizNerdz #7416,,,Standard
3869,3422,3422/8817,8.55e-14,Uncommon,generative,WizNerdz #3869,,,Standard
2973,3423,3423/8817,8.55e-14,Uncommon,generative,WizNerdz #2973,,,Standard
3975,3424,3424/8817,8.55e-14,Uncommon,generative,WizNerdz #3975,,,Standard
5412,3425,3425/8817,8.56e-14,Uncommon,generative,WizNerdz #5412,,,Standard
7661,3426,3426/8817,8.56e-14,Uncommon,generative,WizNerdz #7661,,,Standard
4565,3427,3427/8817,8.56e-14,Uncommon,generative,WizNerdz #4565,,,Standard
1789,3428,3428/8817,8.56e-14,Uncommon,generative,WizNerdz #1789,,,Standard
3704,3429,3429/8817,8.57e-14,Uncommon,generative,WizNerdz #3704,,,Standard
4969,3430,3430/8817,8.58e-14,Uncommon,generative,WizNerdz #4969,,,Standard
2511,3431,3431/8817,8.58e-14,Uncommon,generative,WizNerdz #2511,,,Standard
4297,3432,3432/8817,8.59e-14,Uncommon,generative,WizNerdz #4297,,,Standard
958,3433,3433/8817,8.59e-14,Uncommon,generative,WizNerdz #958,,,Standard
8434,3434,3434/8817,8.6e-14,Uncommon,generative,WizNerdz #8434,,,Standard
6173,3435,3435/8817,8.6e-14,Uncommon,generative,WizNerdz #6173,,,Standard
6979,3436,3436/8817,8.62e-14,Uncommon,generative,WizNerdz #6979,,,Standard
3641,3437,3437/8817,8.62e-14,Uncommon,generative,WizNerdz #3641,,,Standard
6489,3438,3438/8817,8.64e-14,Uncommon,generative,WizNerdz #6489,,,Standard
2495,3439,3439/8817,8.65e-14,Uncommon,generative,WizNerdz #2495,,,Standard
4313,3440,3440/8817,8.65e-14,Uncommon,generative,WizNerdz #4313,,,Standard
2322,3441,3441/8817,8.65e-14,Uncommon,generative,WizNerdz #2322,,,Standard
5044,3442,3442/8817,8.66e-14,Uncommon,generative,WizNerdz #5044,,,Standard
5209,3443,3443/8817,8.68e-14,Uncommon,generative,WizNerdz #5209,,,Standard
4844,3444,3444/8817,8.69e-14,Uncommon,generative,WizNerdz #4844,,,Standard
313,3445,3445/8817,8.7e-14,Uncommon,generative,WizNerdz #313,,,Standard
7303,3446,3446/8817,8.71e-14,Uncommon,generative,WizNerdz #7303,,,Standard
1956,3447,3447/8817,8.71e-14,Uncommon,generative,WizNerdz #1956,,,Standard
5245,3448,3448/8817,8.72e-14,Uncommon,generative,WizNerdz #5245,,,Standard
7987,3449,3449/8817,8.72e-14,Uncommon,generative,WizNerdz #7987,,,Standard
6575,3450,3450/8817,8.72e-14,Uncommon,generative,WizNerdz #6575,,,Standard
2148,3451,3451/8817,8.73e-14,Uncommon,generative,WizNerdz #2148,,,Standard
4063,3452,3452/8817,8.73e-14,Uncommon,generative,WizNerdz #4063,,,Standard
4888,3453,3453/8817,8.73e-14,Uncommon,generative,WizNerdz #4888,,,Standard
3992,3454,3454/8817,8.73e-14,Uncommon,generative,WizNerdz #3992,,,Standard
4100,3455,3455/8817,8.73e-14,Uncommon,generative,WizNerdz #4100,,,Standard
5328,3456,3456/8817,8.73e-14,Uncommon,generative,WizNerdz #5328,,,Standard
307,3457,3457/8817,8.74e-14,Uncommon,generative,WizNerdz #307,,,Standard
1339,3458,3458/8817,8.75e-14,Uncommon,generative,WizNerdz #1339,,,Standard
3347,3459,3459/8817,8.75e-14,Uncommon,generative,WizNerdz #3347,,,Standard
8413,3460,3460/8817,8.76e-14,Uncommon,generative,WizNerdz #8413,,,Standard
5429,3461,3461/8817,8.77e-14,Uncommon,generative,WizNerdz #5429,,,Standard
5842,3462,3462/8817,8.77e-14,Uncommon,generative,WizNerdz #5842,,,Standard
1807,3463,3463/8817,8.77e-14,Uncommon,generative,WizNerdz #1807,,,Standard
1883,3464,3464/8817,8.77e-14,Uncommon,generative,WizNerdz #1883,,,Standard
3684,3465,3465/8817,8.77e-14,Uncommon,generative,WizNerdz #3684,,,Standard
701,3466,3466/8817,8.77e-14,Uncommon,generative,WizNerdz #701,,,Standard
4647,3467,3467/8817,8.78e-14,Uncommon,generative,WizNerdz #4647,,,Standard
4892,3468,3468/8817,8.79e-14,Uncommon,generative,WizNerdz #4892,,,Standard
1170,3469,3469/8817,8.8e-14,Uncommon,generative,WizNerdz #1170,,,Standard
7218,3470,3470/8817,8.81e-14,Uncommon,generative,WizNerdz #7218,,,Standard
8581,3471,3471/8817,8.82e-14,Uncommon,generative,WizNerdz #8581,,,Standard
7296,3472,3472/8817,8.82e-14,Uncommon,generative,WizNerdz #7296,,,Standard
6068,3473,3473/8817,8.82e-14,Uncommon,generative,WizNerdz #6068,,,Standard
2911,3474,3474/8817,8.83e-14,Uncommon,generative,WizNerdz #2911,,,Standard
3142,3475,3475/8817,8.84e-14,Uncommon,generative,WizNerdz #3142,,,Standard
6561,3476,3476/8817,8.85e-14,Uncommon,generative,WizNerdz #6561,,,Standard
1661,3477,3477/8817,8.86e-14,Uncommon,generative,WizNerdz #1661,,,Standard
8255,3478,3478/8817,8.86e-14,Uncommon,generative,WizNerdz #8255,,,Standard
4730,3479,3479/8817,8.86e-14,Uncommon,generative,WizNerdz #4730,,,Standard
3175,3480,3480/8817,8.86e-14,Uncommon,generative,WizNerdz #3175,,,Standard
4551,3481,3481/8817,8.87e-14,Uncommon,generative,WizNerdz #4551,,,Standard
4135,3482,3482/8817,8.87e-14,Uncommon,generative,WizNerdz #4135,,,Standard
8755,3483,3483/8817,8.87e-14,Uncommon,generative,WizNerdz #8755,,,Standard
2528,3484,3484/8817,8.88e-14,Uncommon,generative,WizNerdz #2528,,,Standard
1755,3485,3485/8817,8.88e-14,Uncommon,generative,WizNerdz #1755,,,Standard
5564,3486,3486/8817,8.89e-14,Uncommon,generative,WizNerdz #5564,,,Standard
2362,3487,3487/8817,8.9e-14,Uncommon,generative,WizNerdz #2362,,,Standard
3,3488,3488/8817,8.91e-14,Uncommon,generative,WizNerdz #3,,,Standard
4036,3489,3489/8817,8.92e-14,Uncommon,generative,WizNerdz #4036,,,Standard
3235,3490,3490/8817,8.92e-14,Uncommon,generative,WizNerdz #3235,,,Standard
2101,3491,3491/8817,8.92e-14,Uncommon,generative,WizNerdz #2101,,,Standard
8821,3492,3492/8817,8.94e-14,Uncommon,generative,WizNerdz #8821,,,Standard
5652,3493,3493/8817,8.94e-14,Uncommon,generative,WizNerdz #5652,,,Standard
2419,3494,3494/8817,8.94e-14,Uncommon,generative,WizNerdz #2419,,,Standard
6050,3495,3495/8817,8.95e-14,Uncommon,generative,WizNerdz #6050,,,Standard
3006,3496,3496/8817,8.95e-14,Uncommon,generative,WizNerdz #3006,,,Standard
6813,3497,3497/8817,8.96e-14,Uncommon,generative,WizNerdz #6813,,,Standard
3266,3498,3498/8817,8.96e-14,Uncommon,generative,WizNerdz #3266,,,Standard
7463,3499,3499/8817,8.96e-14,Uncommon,generative,WizNerdz #7463,,,Standard
81,3500,3500/8817,8.98e-14,Uncommon,generative,WizNerdz #81,,,Standard
478,3501,3501/8817,8.99e-14,Uncommon,generative,WizNerdz #478,,,Standard
2193,3502,3502/8817,9e-14,Uncommon,generative,WizNerdz #2193,,,Standard
3172,3503,3503/8817,9e-14,Uncommon,generative,WizNerdz #3172,,,Standard
3845,3504,3504/8817,9e-14,Uncommon,generative,WizNerdz #3845,,,Standard
3151,3505,3505/8817,9.01e-14,Uncommon,generative,WizNerdz #3151,,,Standard
1810,3506,3506/8817,9.02e-14,Uncommon,generative,WizNerdz #1810,,,Standard
6405,3507,3507/8817,9.03e-14,Uncommon,generative,WizNerdz #6405,,,Standard
2018,3508,3508/8817,9.04e-14,Uncommon,generative,WizNerdz #2018,,,Standard
1182,3509,3509/8817,9.04e-14,Uncommon,generative,WizNerdz #1182,,,Standard
2038,3510,3510/8817,9.04e-14,Uncommon,generative,WizNerdz #2038,,,Standard
5599,3511,3511/8817,9.06e-14,Uncommon,generative,WizNerdz #5599,,,Standard
5184,3512,3512/8817,9.06e-14,Uncommon,generative,WizNerdz #5184,,,Standard
3477,3513,3513/8817,9.07e-14,Uncommon,generative,WizNerdz #3477,,,Standard
930,3514,3514/8817,9.07e-14,Uncommon,generative,WizNerdz #930,,,Standard
3652,3515,3515/8817,9.07e-14,Uncommon,generative,WizNerdz #3652,,,Standard
8626,3516,3516/8817,9.07e-14,Uncommon,generative,WizNerdz #8626,,,Standard
7122,3517,3517/8817,9.07e-14,Uncommon,generative,WizNerdz #7122,,,Standard
5290,3518,3518/8817,9.08e-14,Uncommon,generative,WizNerdz #5290,,,Standard
4640,3519,3519/8817,9.09e-14,Uncommon,generative,WizNerdz #4640,,,Standard
8693,3520,3520/8817,9.09e-14,Uncommon,generative,WizNerdz #8693,,,Standard
2389,3521,3521/8817,9.09e-14,Uncommon,generative,WizNerdz #2389,,,Standard
5609,3522,3522/8817,9.1e-14,Uncommon,generative,WizNerdz #5609,,,Standard
583,3523,3523/8817,9.1e-14,Uncommon,generative,WizNerdz #583,,,Standard
7868,3524,3524/8817,9.1e-14,Uncommon,generative,WizNerdz #7868,,,Standard
1144,3525,3525/8817,9.11e-14,Uncommon,generative,WizNerdz #1144,,,Standard
3746,3526,3526/8817,9.11e-14,Uncommon,generative,WizNerdz #3746,,,Standard
4919,3527,3527/8817,9.12e-14,Common,generative,WizNerdz #4919,,,Standard
3802,3528,3528/8817,9.13e-14,Common,generative,WizNerdz #3802,,,Standard
5309,3529,3529/8817,9.15e-14,Common,generative,WizNerdz #5309,,,Standard
8014,3530,3530/8817,9.16e-14,Common,generative,WizNerdz #8014,,,Standard
4318,3531,3531/8817,9.16e-14,Common,generative,WizNerdz #4318,,,Standard
739,3532,3532/8817,9.16e-14,Common,generative,WizNerdz #739,,,Standard
7516,3533,3533/8817,9.17e-14,Common,generative,WizNerdz #7516,,,Standard
6071,3534,3534/8817,9.17e-14,Common,generative,WizNerdz #6071,,,Standard
4547,3535,3535/8817,9.18e-14,Common,generative,WizNerdz #4547,,,Standard
6350,3536,3536/8817,9.2e-14,Common,generative,WizNerdz #6350,,,Standard
6171,3537,3537/8817,9.2e-14,Common,generative,WizNerdz #6171,,,Standard
2865,3538,3538/8817,9.2e-14,Common,generative,WizNerdz #2865,,,Standard
7759,3539,3539/8817,9.21e-14,Common,generative,WizNerdz #7759,,,Standard
6312,3540,3540/8817,9.21e-14,Common,generative,WizNerdz #6312,,,Standard
7189,3541,3541/8817,9.21e-14,Common,generative,WizNerdz #7189,,,Standard
2721,3542,3542/8817,9.21e-14,Common,generative,WizNerdz #2721,,,Standard
2677,3543,3543/8817,9.22e-14,Common,generative,WizNerdz #2677,,,Standard
6142,3544,3544/8817,9.23e-14,Common,generative,WizNerdz #6142,,,Standard
38,3545,3545/8817,9.23e-14,Common,generative,WizNerdz #38,,,Standard
4592,3546,3546/8817,9.24e-14,Common,generative,WizNerdz #4592,,,Standard
870,3547,3547/8817,9.24e-14,Common,generative,WizNerdz #870,,,Standard
4891,3548,3548/8817,9.25e-14,Common,generative,WizNerdz #4891,,,Standard
2523,3549,3549/8817,9.26e-14,Common,generative,WizNerdz #2523,,,Standard
6538,3550,3550/8817,9.26e-14,Common,generative,WizNerdz #6538,,,Standard
2426,3551,3551/8817,9.26e-14,Common,generative,WizNerdz #2426,,,Standard
7425,3552,3552/8817,9.28e-14,Common,generative,WizNerdz #7425,,,Standard
1710,3553,3553/8817,9.28e-14,Common,generative,WizNerdz #1710,,,Standard
2798,3554,3554/8817,9.29e-14,Common,generative,WizNerdz #2798,,,Standard
6473,3555,3555/8817,9.3e-14,Common,generative,WizNerdz #6473,,,Standard
4213,3556,3556/8817,9.31e-14,Common,generative,WizNerdz #4213,,,Standard
1749,3557,3557/8817,9.32e-14,Common,generative,WizNerdz #1749,,,Standard
8418,3558,3558/8817,9.33e-14,Common,generative,WizNerdz #8418,,,Standard
7939,3559,3559/8817,9.35e-14,Common,generative,WizNerdz #7939,,,Standard
3805,3560,3560/8817,9.36e-14,Common,generative,WizNerdz #3805,,,Standard
411,3561,3561/8817,9.36e-14,Common,generative,WizNerdz #411,,,Standard
7561,3562,3562/8817,9.36e-14,Common,generative,WizNerdz #7561,,,Standard
4639,3563,3563/8817,9.37e-14,Common,generative,WizNerdz #4639,,,Standard
1202,3564,3564/8817,9.37e-14,Common,generative,WizNerdz #1202,,,Standard
6513,3565,3565/8817,9.37e-14,Common,generative,WizNerdz #6513,,,Standard
2592,3566,3566/8817,9.37e-14,Common,generative,WizNerdz #2592,,,Standard
7673,3567,3567/8817,9.38e-14,Common,generative,WizNerdz #7673,,,Standard
1364,3568,3568/8817,9.38e-14,Common,generative,WizNerdz #1364,,,Standard
8739,3569,3569/8817,9.38e-14,Common,generative,WizNerdz #8739,,,Standard
2750,3570,3570/8817,9.4e-14,Common,generative,WizNerdz #2750,,,Standard
5903,3571,3571/8817,9.4e-14,Common,generative,WizNerdz #5903,,,Standard
6496,3572,3572/8817,9.41e-14,Common,generative,WizNerdz #6496,,,Standard
3762,3573,3573/8817,9.41e-14,Common,generative,WizNerdz #3762,,,Standard
8677,3574,3574/8817,9.42e-14,Common,generative,WizNerdz #8677,,,Standard
2935,3575,3575/8817,9.42e-14,Common,generative,WizNerdz #2935,,,Standard
6793,3576,3576/8817,9.42e-14,Common,generative,WizNerdz #6793,,,Standard
7936,3577,3577/8817,9.42e-14,Common,generative,WizNerdz #7936,,,Standard
7669,3578,3578/8817,9.43e-14,Common,generative,WizNerdz #7669,,,Standard
3638,3579,3579/8817,9.43e-14,Common,generative,WizNerdz #3638,,,Standard
349,3580,3580/8817,9.43e-14,Common,generative,WizNerdz #349,,,Standard
5785,3581,3581/8817,9.44e-14,Common,generative,WizNerdz #5785,,,Standard
841,3582,3582/8817,9.44e-14,Common,generative,WizNerdz #841,,,Standard
4229,3583,3583/8817,9.44e-14,Common,generative,WizNerdz #4229,,,Standard
8701,3584,3584/8817,9.45e-14,Common,generative,WizNerdz #8701,,,Standard
4447,3585,3585/8817,9.45e-14,Common,generative,WizNerdz #4447,,,Standard
745,3586,3586/8817,9.46e-14,Common,generative,WizNerdz #745,,,Standard
4268,3587,3587/8817,9.47e-14,Common,generative,WizNerdz #4268,,,Standard
3788,3588,3588/8817,9.47e-14,Common,generative,WizNerdz #3788,,,Standard
8620,3589,3589/8817,9.48e-14,Common,generative,WizNerdz #8620,,,Standard
2550,3590,3590/8817,9.49e-14,Common,generative,WizNerdz #2550,,,Standard
36,3591,3591/8817,9.49e-14,Common,generative,WizNerdz #36,,,Standard
4046,3592,3592/8817,9.49e-14,Common,generative,WizNerdz #4046,,,Standard
7018,3593,3593/8817,9.49e-14,Common,generative,WizNerdz #7018,,,Standard
8358,3594,3594/8817,9.49e-14,Common,generative,WizNerdz #8358,,,Standard
8251,3595,3595/8817,9.5e-14,Common,generative,WizNerdz #8251,,,Standard
4394,3596,3596/8817,9.5e-14,Common,generative,WizNerdz #4394,,,Standard
4785,3597,3597/8817,9.51e-14,Common,generative,WizNerdz #4785,,,Standard
4371,3598,3598/8817,9.51e-14,Common,generative,WizNerdz #4371,,,Standard
7199,3599,3599/8817,9.51e-14,Common,generative,WizNerdz #7199,,,Standard
4800,3600,3600/8817,9.53e-14,Common,generative,WizNerdz #4800,,,Standard
5385,3601,3601/8817,9.53e-14,Common,generative,WizNerdz #5385,,,Standard
2860,3602,3602/8817,9.54e-14,Common,generative,WizNerdz #2860,,,Standard
6941,3603,3603/8817,9.55e-14,Common,generative,WizNerdz #6941,,,Standard
3508,3604,3604/8817,9.57e-14,Common,generative,WizNerdz #3508,,,Standard
529,3605,3605/8817,9.57e-14,Common,generative,WizNerdz #529,,,Standard
6789,3606,3606/8817,9.58e-14,Common,generative,WizNerdz #6789,,,Standard
3360,3607,3607/8817,9.59e-14,Common,generative,WizNerdz #3360,,,Standard
7403,3608,3608/8817,9.6e-14,Common,generative,WizNerdz #7403,,,Standard
8493,3609,3609/8817,9.6e-14,Common,generative,WizNerdz #8493,,,Standard
4479,3610,3610/8817,9.6e-14,Common,generative,WizNerdz #4479,,,Standard
7616,3611,3611/8817,9.62e-14,Common,generative,WizNerdz #7616,,,Standard
7381,3612,3612/8817,9.62e-14,Common,generative,WizNerdz #7381,,,Standard
4061,3613,3613/8817,9.63e-14,Common,generative,WizNerdz #4061,,,Standard
4525,3614,3614/8817,9.63e-14,Common,generative,WizNerdz #4525,,,Standard
2402,3615,3615/8817,9.64e-14,Common,generative,WizNerdz #2402,,,Standard
943,3616,3616/8817,9.64e-14,Common,generative,WizNerdz #943,,,Standard
8650,3617,3617/8817,9.64e-14,Common,generative,WizNerdz #8650,,,Standard
1775,3618,3618/8817,9.66e-14,Common,generative,WizNerdz #1775,,,Standard
2921,3619,3619/8817,9.66e-14,Common,generative,WizNerdz #2921,,,Standard
2667,3620,3620/8817,9.67e-14,Common,generative,WizNerdz #2667,,,Standard
1613,3621,3621/8817,9.67e-14,Common,generative,WizNerdz #1613,,,Standard
264,3622,3622/8817,9.69e-14,Common,generative,WizNerdz #264,,,Standard
4341,3623,3623/8817,9.69e-14,Common,generative,WizNerdz #4341,,,Standard
3116,3624,3624/8817,9.69e-14,Common,generative,WizNerdz #3116,,,Standard
1040,3625,3625/8817,9.7e-14,Common,generative,WizNerdz #1040,,,Standard
1847,3626,3626/8817,9.72e-14,Common,generative,WizNerdz #1847,,,Standard
6615,3627,3627/8817,9.72e-14,Common,generative,WizNerdz #6615,,,Standard
458,3628,3628/8817,9.72e-14,Common,generative,WizNerdz #458,,,Standard
5304,3629,3629/8817,9.72e-14,Common,generative,WizNerdz #5304,,,Standard
6502,3630,3630/8817,9.74e-14,Common,generative,WizNerdz #6502,,,Standard
2875,3631,3631/8817,9.74e-14,Common,generative,WizNerdz #2875,,,Standard
3152,3632,3632/8817,9.75e-14,Common,generative,WizNerdz #3152,,,Standard
4415,3633,3633/8817,9.75e-14,Common,generative,WizNerdz #4415,,,Standard
3916,3634,3634/8817,9.75e-14,Common,generative,WizNerdz #3916,,,Standard
1602,3635,3635/8817,9.76e-14,Common,generative,WizNerdz #1602,,,Standard
789,3636,3636/8817,9.76e-14,Common,generative,WizNerdz #789,,,Standard
5632,3637,3637/8817,9.77e-14,Common,generative,WizNerdz #5632,,,Standard
1242,3638,3638/8817,9.78e-14,Common,generative,WizNerdz #1242,,,Standard
14,3639,3639/8817,9.81e-14,Common,generative,WizNerdz #14,,,Standard
137,3640,3640/8817,9.81e-14,Common,generative,WizNerdz #137,,,Standard
1758,3641,3641/8817,9.82e-14,Common,generative,WizNerdz #1758,,,Standard
8200,3642,3642/8817,9.82e-14,Common,generative,WizNerdz #8200,,,Standard
5203,3643,3643/8817,9.83e-14,Common,generative,WizNerdz #5203,,,Standard
5497,3644,3644/8817,9.83e-14,Common,generative,WizNerdz #5497,,,Standard
3412,3645,3645/8817,9.84e-14,Common,generative,WizNerdz #3412,,,Standard
898,3646,3646/8817,9.84e-14,Common,generative,WizNerdz #898,,,Standard
6517,3647,3647/8817,9.84e-14,Common,generative,WizNerdz #6517,,,Standard
6063,3648,3648/8817,9.86e-14,Common,generative,WizNerdz #6063,,,Standard
8040,3649,3649/8817,9.86e-14,Common,generative,WizNerdz #8040,,,Standard
4603,3650,3650/8817,9.88e-14,Common,generative,WizNerdz #4603,,,Standard
3970,3651,3651/8817,9.89e-14,Common,generative,WizNerdz #3970,,,Standard
2238,3652,3652/8817,9.89e-14,Common,generative,WizNerdz #2238,,,Standard
4840,3653,3653/8817,9.91e-14,Common,generative,WizNerdz #4840,,,Standard
4051,3654,3654/8817,9.91e-14,Common,generative,WizNerdz #4051,,,Standard
1763,3655,3655/8817,9.92e-14,Common,generative,WizNerdz #1763,,,Standard
6121,3656,3656/8817,9.94e-14,Common,generative,WizNerdz #6121,,,Standard
3273,3657,3657/8817,9.95e-14,Common,generative,WizNerdz #3273,,,Standard
4748,3658,3658/8817,9.96e-14,Common,generative,WizNerdz #4748,,,Standard
5478,3659,3659/8817,9.97e-14,Common,generative,WizNerdz #5478,,,Standard
4581,3660,3660/8817,9.97e-14,Common,generative,WizNerdz #4581,,,Standard
4004,3661,3661/8817,9.98e-14,Common,generative,WizNerdz #4004,,,Standard
1648,3662,3662/8817,9.98e-14,Common,generative,WizNerdz #1648,,,Standard
7454,3663,3663/8817,9.98e-14,Common,generative,WizNerdz #7454,,,Standard
5272,3664,3664/8817,1.001e-13,Common,generative,WizNerdz #5272,,,Standard
8273,3665,3665/8817,1.001e-13,Common,generative,WizNerdz #8273,,,Standard
7853,3666,3666/8817,1.002e-13,Common,generative,WizNerdz #7853,,,Standard
3246,3667,3667/8817,1.002e-13,Common,generative,WizNerdz #3246,,,Standard
7410,3668,3668/8817,1.004e-13,Common,generative,WizNerdz #7410,,,Standard
5107,3669,3669/8817,1.004e-13,Common,generative,WizNerdz #5107,,,Standard
2294,3670,3670/8817,1.004e-13,Common,generative,WizNerdz #2294,,,Standard
8240,3671,3671/8817,1.004e-13,Common,generative,WizNerdz #8240,,,Standard
1969,3672,3672/8817,1.005e-13,Common,generative,WizNerdz #1969,,,Standard
2180,3673,3673/8817,1.005e-13,Common,generative,WizNerdz #2180,,,Standard
8846,3674,3674/8817,1.006e-13,Common,generative,WizNerdz #8846,,,Standard
5395,3675,3675/8817,1.007e-13,Common,generative,WizNerdz #5395,,,Standard
2092,3676,3676/8817,1.008e-13,Common,generative,WizNerdz #2092,,,Standard
8809,3677,3677/8817,1.008e-13,Common,generative,WizNerdz #8809,,,Standard
109,3678,3678/8817,1.009e-13,Common,generative,WizNerdz #109,,,Standard
5861,3679,3679/8817,1.011e-13,Common,generative,WizNerdz #5861,,,Standard
556,3680,3680/8817,1.011e-13,Common,generative,WizNerdz #556,,,Standard
3837,3681,3681/8817,1.012e-13,Common,generative,WizNerdz #3837,,,Standard
2620,3682,3682/8817,1.013e-13,Common,generative,WizNerdz #2620,,,Standard
5989,3683,3683/8817,1.013e-13,Common,generative,WizNerdz #5989,,,Standard
2617,3684,3684/8817,1.014e-13,Common,generative,WizNerdz #2617,,,Standard
5220,3685,3685/8817,1.016e-13,Common,generative,WizNerdz #5220,,,Standard
1954,3686,3686/8817,1.018e-13,Common,generative,WizNerdz #1954,,,Standard
8664,3687,3687/8817,1.018e-13,Common,generative,WizNerdz #8664,,,Standard
5257,3688,3688/8817,1.018e-13,Common,generative,WizNerdz #5257,,,Standard
7605,3689,3689/8817,1.019e-13,Common,generative,WizNerdz #7605,,,Standard
106,3690,3690/8817,1.02e-13,Common,generative,WizNerdz #106,,,Standard
7903,3691,3691/8817,1.021e-13,Common,generative,WizNerdz #7903,,,Standard
2103,3692,3692/8817,1.021e-13,Common,generative,WizNerdz #2103,,,Standard
5621,3693,3693/8817,1.021e-13,Common,generative,WizNerdz #5621,,,Standard
1934,3694,3694/8817,1.022e-13,Common,generative,WizNerdz #1934,,,Standard
7521,3695,3695/8817,1.024e-13,Common,generative,WizNerdz #7521,,,Standard
2349,3696,3696/8817,1.024e-13,Common,generative,WizNerdz #2349,,,Standard
880,3697,3697/8817,1.025e-13,Common,generative,WizNerdz #880,,,Standard
499,3698,3698/8817,1.026e-13,Common,generative,WizNerdz #499,,,Standard
3221,3699,3699/8817,1.026e-13,Common,generative,WizNerdz #3221,,,Standard
4582,3700,3700/8817,1.027e-13,Common,generative,WizNerdz #4582,,,Standard
5045,3701,3701/8817,1.028e-13,Common,generative,WizNerdz #5045,,,Standard
6006,3702,3702/8817,1.028e-13,Common,generative,WizNerdz #6006,,,Standard
7469,3703,3703/8817,1.028e-13,Common,generative,WizNerdz #7469,,,Standard
3480,3704,3704/8817,1.029e-13,Common,generative,WizNerdz #3480,,,Standard
1512,3705,3705/8817,1.03e-13,Common,generative,WizNerdz #1512,,,Standard
5305,3706,3706/8817,1.03e-13,Common,generative,WizNerdz #5305,,,Standard
4817,3707,3707/8817,1.032e-13,Common,generative,WizNerdz #4817,,,Standard
2340,3708,3708/8817,1.032e-13,Common,generative,WizNerdz #2340,,,Standard
7854,3709,3709/8817,1.032e-13,Common,generative,WizNerdz #7854,,,Standard
4408,3710,3710/8817,1.033e-13,Common,generative,WizNerdz #4408,,,Standard
124,3711,3711/8817,1.034e-13,Common,generative,WizNerdz #124,,,Standard
1461,3712,3712/8817,1.034e-13,Common,generative,WizNerdz #1461,,,Standard
2249,3713,3713/8817,1.035e-13,Common,generative,WizNerdz #2249,,,Standard
7538,3714,3714/8817,1.036e-13,Common,generative,WizNerdz #7538,,,Standard
471,3715,3715/8817,1.036e-13,Common,generative,WizNerdz #471,,,Standard
861,3716,3716/8817,1.037e-13,Common,generative,WizNerdz #861,,,Standard
7627,3717,3717/8817,1.04e-13,Common,generative,WizNerdz #7627,,,Standard
1158,3718,3718/8817,1.041e-13,Common,generative,WizNerdz #1158,,,Standard
8565,3719,3719/8817,1.041e-13,Common,generative,WizNerdz #8565,,,Standard
5212,3720,3720/8817,1.041e-13,Common,generative,WizNerdz #5212,,,Standard
4261,3721,3721/8817,1.042e-13,Common,generative,WizNerdz #4261,,,Standard
5862,3722,3722/8817,1.042e-13,Common,generative,WizNerdz #5862,,,Standard
8063,3723,3723/8817,1.042e-13,Common,generative,WizNerdz #8063,,,Standard
2928,3724,3724/8817,1.043e-13,Common,generative,WizNerdz #2928,,,Standard
5706,3725,3725/8817,1.043e-13,Common,generative,WizNerdz #5706,,,Standard
2443,3726,3726/8817,1.043e-13,Common,generative,WizNerdz #2443,,,Standard
3865,3727,3727/8817,1.045e-13,Common,generative,WizNerdz #3865,,,Standard
6573,3728,3728/8817,1.046e-13,Common,generative,WizNerdz #6573,,,Standard
4403,3729,3729/8817,1.046e-13,Common,generative,WizNerdz #4403,,,Standard
8239,3730,3730/8817,1.047e-13,Common,generative,WizNerdz #8239,,,Standard
1905,3731,3731/8817,1.048e-13,Common,generative,WizNerdz #1905,,,Standard
2661,3732,3732/8817,1.049e-13,Common,generative,WizNerdz #2661,,,Standard
5221,3733,3733/8817,1.051e-13,Common,generative,WizNerdz #5221,,,Standard
7606,3734,3734/8817,1.052e-13,Common,generative,WizNerdz #7606,,,Standard
4880,3735,3735/8817,1.053e-13,Common,generative,WizNerdz #4880,,,Standard
5892,3736,3736/8817,1.054e-13,Common,generative,WizNerdz #5892,,,Standard
4174,3737,3737/8817,1.054e-13,Common,generative,WizNerdz #4174,,,Standard
422,3738,3738/8817,1.054e-13,Common,generative,WizNerdz #422,,,Standard
1756,3739,3739/8817,1.056e-13,Common,generative,WizNerdz #1756,,,Standard
2633,3740,3740/8817,1.056e-13,Common,generative,WizNerdz #2633,,,Standard
4663,3741,3741/8817,1.058e-13,Common,generative,WizNerdz #4663,,,Standard
311,3742,3742/8817,1.059e-13,Common,generative,WizNerdz #311,,,Standard
8800,3743,3743/8817,1.06e-13,Common,generative,WizNerdz #8800,,,Standard
765,3744,3744/8817,1.06e-13,Common,generative,WizNerdz #765,,,Standard
1510,3745,3745/8817,1.061e-13,Common,generative,WizNerdz #1510,,,Standard
2728,3746,3746/8817,1.063e-13,Common,generative,WizNerdz #2728,,,Standard
8836,3747,3747/8817,1.063e-13,Common,generative,WizNerdz #8836,,,Standard
6156,3748,3748/8817,1.067e-13,Common,generative,WizNerdz #6156,,,Standard
732,3749,3749/8817,1.067e-13,Common,generative,WizNerdz #732,,,Standard
6661,3750,3750/8817,1.068e-13,Common,generative,WizNerdz #6661,,,Standard
5676,3751,3751/8817,1.07e-13,Common,generative,WizNerdz #5676,,,Standard
4902,3752,3752/8817,1.071e-13,Common,generative,WizNerdz #4902,,,Standard
7401,3753,3753/8817,1.071e-13,Common,generative,WizNerdz #7401,,,Standard
530,3754,3754/8817,1.071e-13,Common,generative,WizNerdz #530,,,Standard
4490,3755,3755/8817,1.071e-13,Common,generative,WizNerdz #4490,,,Standard
1241,3756,3756/8817,1.071e-13,Common,generative,WizNerdz #1241,,,Standard
1163,3757,3757/8817,1.072e-13,Common,generative,WizNerdz #1163,,,Standard
6384,3758,3758/8817,1.073e-13,Common,generative,WizNerdz #6384,,,Standard
1247,3759,3759/8817,1.073e-13,Common,generative,WizNerdz #1247,,,Standard
5583,3760,3760/8817,1.074e-13,Common,generative,WizNerdz #5583,,,Standard
4597,3761,3761/8817,1.074e-13,Common,generative,WizNerdz #4597,,,Standard
3637,3762,3762/8817,1.074e-13,Common,generative,WizNerdz #3637,,,Standard
5954,3763,3763/8817,1.074e-13,Common,generative,WizNerdz #5954,,,Standard
8367,3764,3764/8817,1.078e-13,Common,generative,WizNerdz #8367,,,Standard
7652,3765,3765/8817,1.079e-13,Common,generative,WizNerdz #7652,,,Standard
5348,3766,3766/8817,1.08e-13,Common,generative,WizNerdz #5348,,,Standard
5826,3767,3767/8817,1.081e-13,Common,generative,WizNerdz #5826,,,Standard
6910,3768,3768/8817,1.082e-13,Common,generative,WizNerdz #6910,,,Standard
189,3769,3769/8817,1.082e-13,Common,generative,WizNerdz #189,,,Standard
263,3770,3770/8817,1.083e-13,Common,generative,WizNerdz #263,,,Standard
6182,3771,3771/8817,1.086e-13,Common,generative,WizNerdz #6182,,,Standard
5537,3772,3772/8817,1.086e-13,Common,generative,WizNerdz #5537,,,Standard
5001,3773,3773/8817,1.087e-13,Common,generative,WizNerdz #5001,,,Standard
8416,3774,3774/8817,1.087e-13,Common,generative,WizNerdz #8416,,,Standard
6113,3775,3775/8817,1.089e-13,Common,generative,WizNerdz #6113,,,Standard
7723,3776,3776/8817,1.093e-13,Common,generative,WizNerdz #7723,,,Standard
3917,3777,3777/8817,1.093e-13,Common,generative,WizNerdz #3917,,,Standard
1537,3778,3778/8817,1.093e-13,Common,generative,WizNerdz #1537,,,Standard
7005,3779,3779/8817,1.095e-13,Common,generative,WizNerdz #7005,,,Standard
8741,3780,3780/8817,1.097e-13,Common,generative,WizNerdz #8741,,,Standard
7539,3781,3781/8817,1.099e-13,Common,generative,WizNerdz #7539,,,Standard
5314,3782,3782/8817,1.1e-13,Common,generative,WizNerdz #5314,,,Standard
1588,3783,3783/8817,1.101e-13,Common,generative,WizNerdz #1588,,,Standard
5449,3784,3784/8817,1.102e-13,Common,generative,WizNerdz #5449,,,Standard
3124,3785,3785/8817,1.102e-13,Common,generative,WizNerdz #3124,,,Standard
6352,3786,3786/8817,1.104e-13,Common,generative,WizNerdz #6352,,,Standard
4776,3787,3787/8817,1.106e-13,Common,generative,WizNerdz #4776,,,Standard
3925,3788,3788/8817,1.106e-13,Common,generative,WizNerdz #3925,,,Standard
6081,3789,3789/8817,1.106e-13,Common,generative,WizNerdz #6081,,,Standard
1358,3790,3790/8817,1.107e-13,Common,generative,WizNerdz #1358,,,Standard
4715,3791,3791/8817,1.107e-13,Common,generative,WizNerdz #4715,,,Standard
1081,3792,3792/8817,1.108e-13,Common,generative,WizNerdz #1081,,,Standard
6601,3793,3793/8817,1.108e-13,Common,generative,WizNerdz #6601,,,Standard
6490,3794,3794/8817,1.111e-13,Common,generative,WizNerdz #6490,,,Standard
967,3795,3795/8817,1.111e-13,Common,generative,WizNerdz #967,,,Standard
6117,3796,3796/8817,1.112e-13,Common,generative,WizNerdz #6117,,,Standard
1705,3797,3797/8817,1.114e-13,Common,generative,WizNerdz #1705,,,Standard
3245,3798,3798/8817,1.116e-13,Common,generative,WizNerdz #3245,,,Standard
7098,3799,3799/8817,1.118e-13,Common,generative,WizNerdz #7098,,,Standard
5013,3800,3800/8817,1.119e-13,Common,generative,WizNerdz #5013,,,Standard
6636,3801,3801/8817,1.123e-13,Common,generative,WizNerdz #6636,,,Standard
2117,3802,3802/8817,1.123e-13,Common,generative,WizNerdz #2117,,,Standard
4549,3803,3803/8817,1.123e-13,Common,generative,WizNerdz #4549,,,Standard
4988,3804,3804/8817,1.126e-13,Common,generative,WizNerdz #4988,,,Standard
8667,3805,3805/8817,1.127e-13,Common,generative,WizNerdz #8667,,,Standard
2329,3806,3806/8817,1.127e-13,Common,generative,WizNerdz #2329,,,Standard
53,3807,3807/8817,1.127e-13,Common,generative,WizNerdz #53,,,Standard
7785,3808,3808/8817,1.129e-13,Common,generative,WizNerdz #7785,,,Standard
1497,3809,3809/8817,1.13e-13,Common,generative,WizNerdz #1497,,,Standard
4931,3810,3810/8817,1.131e-13,Common,generative,WizNerdz #4931,,,Standard
1400,3811,3811/8817,1.131e-13,Common,generative,WizNerdz #1400,,,Standard
6484,3812,3812/8817,1.131e-13,Common,generative,WizNerdz #6484,,,Standard
4869,3813,3813/8817,1.132e-13,Common,generative,WizNerdz #4869,,,Standard
3753,3814,3814/8817,1.132e-13,Common,generative,WizNerdz #3753,,,Standard
4923,3815,3815/8817,1.132e-13,Common,generative,WizNerdz #4923,,,Standard
5745,3816,3816/8817,1.133e-13,Common,generative,WizNerdz #5745,,,Standard
7923,3817,3817/8817,1.134e-13,Common,generative,WizNerdz #7923,,,Standard
6650,3818,3818/8817,1.135e-13,Common,generative,WizNerdz #6650,,,Standard
7602,3819,3819/8817,1.135e-13,Common,generative,WizNerdz #7602,,,Standard
3810,3820,3820/8817,1.136e-13,Common,generative,WizNerdz #3810,,,Standard
8121,3821,3821/8817,1.136e-13,Common,generative,WizNerdz #8121,,,Standard
6785,3822,3822/8817,1.137e-13,Common,generative,WizNerdz #6785,,,Standard
1478,3823,3823/8817,1.139e-13,Common,generative,WizNerdz #1478,,,Standard
6451,3824,3824/8817,1.14e-13,Common,generative,WizNerdz #6451,,,Standard
4495,3825,3825/8817,1.142e-13,Common,generative,WizNerdz #4495,,,Standard
5447,3826,3826/8817,1.143e-13,Common,generative,WizNerdz #5447,,,Standard
2305,3827,3827/8817,1.144e-13,Common,generative,WizNerdz #2305,,,Standard
3286,3828,3828/8817,1.145e-13,Common,generative,WizNerdz #3286,,,Standard
8209,3829,3829/8817,1.145e-13,Common,generative,WizNerdz #8209,,,Standard
8862,3830,3830/8817,1.145e-13,Common,generative,WizNerdz #8862,,,Standard
5315,3831,3831/8817,1.145e-13,Common,generative,WizNerdz #5315,,,Standard
7270,3832,3832/8817,1.145e-13,Common,generative,WizNerdz #7270,,,Standard
7258,3833,3833/8817,1.148e-13,Common,generative,WizNerdz #7258,,,Standard
1460,3834,3834/8817,1.151e-13,Common,generative,WizNerdz #1460,,,Standard
338,3835,3835/8817,1.152e-13,Common,generative,WizNerdz #338,,,Standard
8066,3836,3836/8817,1.156e-13,Common,generative,WizNerdz #8066,,,Standard
127,3837,3837/8817,1.156e-13,Common,generative,WizNerdz #127,,,Standard
1879,3838,3838/8817,1.157e-13,Common,generative,WizNerdz #1879,,,Standard
5518,3839,3839/8817,1.157e-13,Common,generative,WizNerdz #5518,,,Standard
867,3840,3840/8817,1.158e-13,Common,generative,WizNerdz #867,,,Standard
577,3841,3841/8817,1.158e-13,Common,generative,WizNerdz #577,,,Standard
3237,3842,3842/8817,1.159e-13,Common,generative,WizNerdz #3237,,,Standard
6832,3843,3843/8817,1.16e-13,Common,generative,WizNerdz #6832,,,Standard
5627,3844,3844/8817,1.16e-13,Common,generative,WizNerdz #5627,,,Standard
3274,3845,3845/8817,1.161e-13,Common,generative,WizNerdz #3274,,,Standard
5983,3846,3846/8817,1.163e-13,Common,generative,WizNerdz #5983,,,Standard
105,3847,3847/8817,1.164e-13,Common,generative,WizNerdz #105,,,Standard
1464,3848,3848/8817,1.164e-13,Common,generative,WizNerdz #1464,,,Standard
6920,3849,3849/8817,1.164e-13,Common,generative,WizNerdz #6920,,,Standard
3615,3850,3850/8817,1.167e-13,Common,generative,WizNerdz #3615,,,Standard
4967,3851,3851/8817,1.167e-13,Common,generative,WizNerdz #4967,,,Standard
3466,3852,3852/8817,1.168e-13,Common,generative,WizNerdz #3466,,,Standard
4864,3853,3853/8817,1.168e-13,Common,generative,WizNerdz #4864,,,Standard
5182,3854,3854/8817,1.168e-13,Common,generative,WizNerdz #5182,,,Standard
5522,3855,3855/8817,1.169e-13,Common,generative,WizNerdz #5522,,,Standard
1404,3856,3856/8817,1.17e-13,Common,generative,WizNerdz #1404,,,Standard
3335,3857,3857/8817,1.17e-13,Common,generative,WizNerdz #3335,,,Standard
5311,3858,3858/8817,1.171e-13,Common,generative,WizNerdz #5311,,,Standard
182,3859,3859/8817,1.171e-13,Common,generative,WizNerdz #182,,,Standard
5123,3860,3860/8817,1.171e-13,Common,generative,WizNerdz #5123,,,Standard
7220,3861,3861/8817,1.171e-13,Common,generative,WizNerdz #7220,,,Standard
604,3862,3862/8817,1.172e-13,Common,generative,WizNerdz #604,,,Standard
5937,3863,3863/8817,1.172e-13,Common,generative,WizNerdz #5937,,,Standard
8853,3864,3864/8817,1.173e-13,Common,generative,WizNerdz #8853,,,Standard
5197,3865,3865/8817,1.176e-13,Common,generative,WizNerdz #5197,,,Standard
2900,3866,3866/8817,1.176e-13,Common,generative,WizNerdz #2900,,,Standard
3543,3867,3867/8817,1.177e-13,Common,generative,WizNerdz #3543,,,Standard
1732,3868,3868/8817,1.179e-13,Common,generative,WizNerdz #1732,,,Standard
1365,3869,3869/8817,1.179e-13,Common,generative,WizNerdz #1365,,,Standard
3745,3870,3870/8817,1.18e-13,Common,generative,WizNerdz #3745,,,Standard
3008,3871,3871/8817,1.18e-13,Common,generative,WizNerdz #3008,,,Standard
5308,3872,3872/8817,1.181e-13,Common,generative,WizNerdz #5308,,,Standard
7809,3873,3873/8817,1.183e-13,Common,generative,WizNerdz #7809,,,Standard
1289,3874,3874/8817,1.187e-13,Common,generative,WizNerdz #1289,,,Standard
546,3875,3875/8817,1.187e-13,Common,generative,WizNerdz #546,,,Standard
7240,3876,3876/8817,1.188e-13,Common,generative,WizNerdz #7240,,,Standard
3048,3877,3877/8817,1.188e-13,Common,generative,WizNerdz #3048,,,Standard
6140,3878,3878/8817,1.19e-13,Common,generative,WizNerdz #6140,,,Standard
3957,3879,3879/8817,1.19e-13,Common,generative,WizNerdz #3957,,,Standard
5329,3880,3880/8817,1.191e-13,Common,generative,WizNerdz #5329,,,Standard
3826,3881,3881/8817,1.193e-13,Common,generative,WizNerdz #3826,,,Standard
2689,3882,3882/8817,1.193e-13,Common,generative,WizNerdz #2689,,,Standard
4649,3883,3883/8817,1.194e-13,Common,generative,WizNerdz #4649,,,Standard
5589,3884,3884/8817,1.194e-13,Common,generative,WizNerdz #5589,,,Standard
381,3885,3885/8817,1.197e-13,Common,generative,WizNerdz #381,,,Standard
7712,3886,3886/8817,1.197e-13,Common,generative,WizNerdz #7712,,,Standard
947,3887,3887/8817,1.197e-13,Common,generative,WizNerdz #947,,,Standard
637,3888,3888/8817,1.197e-13,Common,generative,WizNerdz #637,,,Standard
7269,3889,3889/8817,1.198e-13,Common,generative,WizNerdz #7269,,,Standard
8614,3890,3890/8817,1.198e-13,Common,generative,WizNerdz #8614,,,Standard
4787,3891,3891/8817,1.198e-13,Common,generative,WizNerdz #4787,,,Standard
695,3892,3892/8817,1.199e-13,Common,generative,WizNerdz #695,,,Standard
6240,3893,3893/8817,1.201e-13,Common,generative,WizNerdz #6240,,,Standard
3752,3894,3894/8817,1.204e-13,Common,generative,WizNerdz #3752,,,Standard
3562,3895,3895/8817,1.205e-13,Common,generative,WizNerdz #3562,,,Standard
3019,3896,3896/8817,1.205e-13,Common,generative,WizNerdz #3019,,,Standard
60,3897,3897/8817,1.206e-13,Common,generative,WizNerdz #60,,,Standard
7378,3898,3898/8817,1.206e-13,Common,generative,WizNerdz #7378,,,Standard
2629,3899,3899/8817,1.207e-13,Common,generative,WizNerdz #2629,,,Standard
7784,3900,3900/8817,1.207e-13,Common,generative,WizNerdz #7784,,,Standard
7896,3901,3901/8817,1.207e-13,Common,generative,WizNerdz #7896,,,Standard
7480,3902,3902/8817,1.208e-13,Common,generative,WizNerdz #7480,,,Standard
4868,3903,3903/8817,1.208e-13,Common,generative,WizNerdz #4868,,,Standard
5725,3904,3904/8817,1.208e-13,Common,generative,WizNerdz #5725,,,Standard
8559,3905,3905/8817,1.211e-13,Common,generative,WizNerdz #8559,,,Standard
1125,3906,3906/8817,1.212e-13,Common,generative,WizNerdz #1125,,,Standard
5499,3907,3907/8817,1.213e-13,Common,generative,WizNerdz #5499,,,Standard
4363,3908,3908/8817,1.213e-13,Common,generative,WizNerdz #4363,,,Standard
8622,3909,3909/8817,1.214e-13,Common,generative,WizNerdz #8622,,,Standard
8574,3910,3910/8817,1.214e-13,Common,generative,WizNerdz #8574,,,Standard
2646,3911,3911/8817,1.215e-13,Common,generative,WizNerdz #2646,,,Standard
2905,3912,3912/8817,1.216e-13,Common,generative,WizNerdz #2905,,,Standard
3576,3913,3913/8817,1.216e-13,Common,generative,WizNerdz #3576,,,Standard
576,3914,3914/8817,1.218e-13,Common,generative,WizNerdz #576,,,Standard
4404,3915,3915/8817,1.219e-13,Common,generative,WizNerdz #4404,,,Standard
7461,3916,3916/8817,1.219e-13,Common,generative,WizNerdz #7461,,,Standard
3678,3917,3917/8817,1.221e-13,Common,generative,WizNerdz #3678,,,Standard
3050,3918,3918/8817,1.224e-13,Common,generative,WizNerdz #3050,,,Standard
2686,3919,3919/8817,1.225e-13,Common,generative,WizNerdz #2686,,,Standard
3545,3920,3920/8817,1.225e-13,Common,generative,WizNerdz #3545,,,Standard
8,3921,3921/8817,1.226e-13,Common,generative,WizNerdz #8,,,Standard
5778,3922,3922/8817,1.228e-13,Common,generative,WizNerdz #5778,,,Standard
6835,3923,3923/8817,1.23e-13,Common,generative,WizNerdz #6835,,,Standard
2257,3924,3924/8817,1.23e-13,Common,generative,WizNerdz #2257,,,Standard
3327,3925,3925/8817,1.232e-13,Common,generative,WizNerdz #3327,,,Standard
3878,3926,3926/8817,1.232e-13,Common,generative,WizNerdz #3878,,,Standard
8803,3927,3927/8817,1.232e-13,Common,generative,WizNerdz #8803,,,Standard
3666,3928,3928/8817,1.235e-13,Common,generative,WizNerdz #3666,,,Standard
8410,3929,3929/8817,1.237e-13,Common,generative,WizNerdz #8410,,,Standard
1048,3930,3930/8817,1.237e-13,Common,generative,WizNerdz #1048,,,Standard
5777,3931,3931/8817,1.238e-13,Common,generative,WizNerdz #5777,,,Standard
1420,3932,3932/8817,1.238e-13,Common,generative,WizNerdz #1420,,,Standard
6806,3933,3933/8817,1.239e-13,Common,generative,WizNerdz #6806,,,Standard
5678,3934,3934/8817,1.242e-13,Common,generative,WizNerdz #5678,,,Standard
2791,3935,3935/8817,1.243e-13,Common,generative,WizNerdz #2791,,,Standard
1875,3936,3936/8817,1.244e-13,Common,generative,WizNerdz #1875,,,Standard
2642,3937,3937/8817,1.244e-13,Common,generative,WizNerdz #2642,,,Standard
2388,3938,3938/8817,1.244e-13,Common,generative,WizNerdz #2388,,,Standard
750,3939,3939/8817,1.245e-13,Common,generative,WizNerdz #750,,,Standard
1814,3940,3940/8817,1.245e-13,Common,generative,WizNerdz #1814,,,Standard
6275,3941,3941/8817,1.248e-13,Common,generative,WizNerdz #6275,,,Standard
5003,3942,3942/8817,1.248e-13,Common,generative,WizNerdz #5003,,,Standard
2599,3943,3943/8817,1.249e-13,Common,generative,WizNerdz #2599,,,Standard
4194,3944,3944/8817,1.251e-13,Common,generative,WizNerdz #4194,,,Standard
44,3945,3945/8817,1.251e-13,Common,generative,WizNerdz #44,,,Standard
4154,3946,3946/8817,1.251e-13,Common,generative,WizNerdz #4154,,,Standard
1047,3947,3947/8817,1.253e-13,Common,generative,WizNerdz #1047,,,Standard
7974,3948,3948/8817,1.254e-13,Common,generative,WizNerdz #7974,,,Standard
8248,3949,3949/8817,1.254e-13,Common,generative,WizNerdz #8248,,,Standard
6417,3950,3950/8817,1.255e-13,Common,generative,WizNerdz #6417,,,Standard
6701,3951,3951/8817,1.255e-13,Common,generative,WizNerdz #6701,,,Standard
6307,3952,3952/8817,1.256e-13,Common,generative,WizNerdz #6307,,,Standard
1494,3953,3953/8817,1.256e-13,Common,generative,WizNerdz #1494,,,Standard
6717,3954,3954/8817,1.256e-13,Common,generative,WizNerdz #6717,,,Standard
1544,3955,3955/8817,1.257e-13,Common,generative,WizNerdz #1544,,,Standard
4070,3956,3956/8817,1.258e-13,Common,generative,WizNerdz #4070,,,Standard
8181,3957,3957/8817,1.258e-13,Common,generative,WizNerdz #8181,,,Standard
2906,3958,3958/8817,1.26e-13,Common,generative,WizNerdz #2906,,,Standard
2105,3959,3959/8817,1.26e-13,Common,generative,WizNerdz #2105,,,Standard
1737,3960,3960/8817,1.261e-13,Common,generative,WizNerdz #1737,,,Standard
6617,3961,3961/8817,1.263e-13,Common,generative,WizNerdz #6617,,,Standard
7929,3962,3962/8817,1.266e-13,Common,generative,WizNerdz #7929,,,Standard
1127,3963,3963/8817,1.267e-13,Common,generative,WizNerdz #1127,,,Standard
8133,3964,3964/8817,1.267e-13,Common,generative,WizNerdz #8133,,,Standard
4323,3965,3965/8817,1.27e-13,Common,generative,WizNerdz #4323,,,Standard
1034,3966,3966/8817,1.272e-13,Common,generative,WizNerdz #1034,,,Standard
2286,3967,3967/8817,1.272e-13,Common,generative,WizNerdz #2286,,,Standard
3734,3968,3968/8817,1.273e-13,Common,generative,WizNerdz #3734,,,Standard
5327,3969,3969/8817,1.275e-13,Common,generative,WizNerdz #5327,,,Standard
4206,3970,3970/8817,1.28e-13,Common,generative,WizNerdz #4206,,,Standard
1625,3971,3971/8817,1.28e-13,Common,generative,WizNerdz #1625,,,Standard
2357,3972,3972/8817,1.281e-13,Common,generative,WizNerdz #2357,,,Standard
8110,3973,3973/8817,1.281e-13,Common,generative,WizNerdz #8110,,,Standard
2739,3974,3974/8817,1.282e-13,Common,generative,WizNerdz #2739,,,Standard
4053,3975,3975/8817,1.283e-13,Common,generative,WizNerdz #4053,,,Standard
7525,3976,3976/8817,1.283e-13,Common,generative,WizNerdz #7525,,,Standard
3789,3977,3977/8817,1.286e-13,Common,generative,WizNerdz #3789,,,Standard
7026,3978,3978/8817,1.287e-13,Common,generative,WizNerdz #7026,,,Standard
1004,3979,3979/8817,1.287e-13,Common,generative,WizNerdz #1004,,,Standard
1518,3980,3980/8817,1.288e-13,Common,generative,WizNerdz #1518,,,Standard
802,3981,3981/8817,1.288e-13,Common,generative,WizNerdz #802,,,Standard
3325,3982,3982/8817,1.288e-13,Common,generative,WizNerdz #3325,,,Standard
1522,3983,3983/8817,1.29e-13,Common,generative,WizNerdz #1522,,,Standard
6078,3984,3984/8817,1.29e-13,Common,generative,WizNerdz #6078,,,Standard
7721,3985,3985/8817,1.291e-13,Common,generative,WizNerdz #7721,,,Standard
690,3986,3986/8817,1.294e-13,Common,generative,WizNerdz #690,,,Standard
4227,3987,3987/8817,1.294e-13,Common,generative,WizNerdz #4227,,,Standard
2162,3988,3988/8817,1.294e-13,Common,generative,WizNerdz #2162,,,Standard
5144,3989,3989/8817,1.294e-13,Common,generative,WizNerdz #5144,,,Standard
5956,3990,3990/8817,1.295e-13,Common,generative,WizNerdz #5956,,,Standard
7841,3991,3991/8817,1.297e-13,Common,generative,WizNerdz #7841,,,Standard
202,3992,3992/8817,1.298e-13,Common,generative,WizNerdz #202,,,Standard
2840,3993,3993/8817,1.299e-13,Common,generative,WizNerdz #2840,,,Standard
921,3994,3994/8817,1.299e-13,Common,generative,WizNerdz #921,,,Standard
1219,3995,3995/8817,1.3e-13,Common,generative,WizNerdz #1219,,,Standard
355,3996,3996/8817,1.301e-13,Common,generative,WizNerdz #355,,,Standard
8136,3997,3997/8817,1.302e-13,Common,generative,WizNerdz #8136,,,Standard
1501,3998,3998/8817,1.303e-13,Common,generative,WizNerdz #1501,,,Standard
3951,3999,3999/8817,1.305e-13,Common,generative,WizNerdz #3951,,,Standard
2139,4000,4000/8817,1.305e-13,Common,generative,WizNerdz #2139,,,Standard
1015,4001,4001/8817,1.307e-13,Common,generative,WizNerdz #1015,,,Standard
3525,4002,4002/8817,1.31e-13,Common,generative,WizNerdz #3525,,,Standard
3559,4003,4003/8817,1.315e-13,Common,generative,WizNerdz #3559,,,Standard
5501,4004,4004/8817,1.317e-13,Common,generative,WizNerdz #5501,,,Standard
10,4005,4005/8817,1.318e-13,Common,generative,WizNerdz #10,,,Standard
6403,4006,4006/8817,1.318e-13,Common,generative,WizNerdz #6403,,,Standard
2787,4007,4007/8817,1.32e-13,Common,generative,WizNerdz #2787,,,Standard
6387,4008,4008/8817,1.32e-13,Common,generative,WizNerdz #6387,,,Standard
1824,4009,4009/8817,1.321e-13,Common,generative,WizNerdz #1824,,,Standard
4528,4010,4010/8817,1.322e-13,Common,generative,WizNerdz #4528,,,Standard
7501,4011,4011/8817,1.324e-13,Common,generative,WizNerdz #7501,,,Standard
4697,4012,4012/8817,1.326e-13,Common,generative,WizNerdz #4697,,,Standard
522,4013,4013/8817,1.326e-13,Common,generative,WizNerdz #522,,,Standard
8486,4014,4014/8817,1.327e-13,Common,generative,WizNerdz #8486,,,Standard
7487,4015,4015/8817,1.328e-13,Common,generative,WizNerdz #7487,,,Standard
1000,4016,4016/8817,1.331e-13,Common,generative,WizNerdz #1000,,,Standard
8252,4017,4017/8817,1.333e-13,Common,generative,WizNerdz #8252,,,Standard
5520,4018,4018/8817,1.334e-13,Common,generative,WizNerdz #5520,,,Standard
544,4019,4019/8817,1.335e-13,Common,generative,WizNerdz #544,,,Standard
6161,4020,4020/8817,1.335e-13,Common,generative,WizNerdz #6161,,,Standard
7758,4021,4021/8817,1.335e-13,Common,generative,WizNerdz #7758,,,Standard
4968,4022,4022/8817,1.343e-13,Common,generative,WizNerdz #4968,,,Standard
2285,4023,4023/8817,1.345e-13,Common,generative,WizNerdz #2285,,,Standard
8031,4024,4024/8817,1.346e-13,Common,generative,WizNerdz #8031,,,Standard
677,4025,4025/8817,1.348e-13,Common,generative,WizNerdz #677,,,Standard
4239,4026,4026/8817,1.348e-13,Common,generative,WizNerdz #4239,,,Standard
1353,4027,4027/8817,1.348e-13,Common,generative,WizNerdz #1353,,,Standard
2336,4028,4028/8817,1.35e-13,Common,generative,WizNerdz #2336,,,Standard
1396,4029,4029/8817,1.351e-13,Common,generative,WizNerdz #1396,,,Standard
6827,4030,4030/8817,1.352e-13,Common,generative,WizNerdz #6827,,,Standard
2979,4031,4031/8817,1.354e-13,Common,generative,WizNerdz #2979,,,Standard
5507,4032,4032/8817,1.354e-13,Common,generative,WizNerdz #5507,,,Standard
6868,4033,4033/8817,1.357e-13,Common,generative,WizNerdz #6868,,,Standard
2960,4034,4034/8817,1.357e-13,Common,generative,WizNerdz #2960,,,Standard
433,4035,4035/8817,1.358e-13,Common,generative,WizNerdz #433,,,Standard
5186,4036,4036/8817,1.359e-13,Common,generative,WizNerdz #5186,,,Standard
5774,4037,4037/8817,1.36e-13,Common,generative,WizNerdz #5774,,,Standard
2604,4038,4038/8817,1.361e-13,Common,generative,WizNerdz #2604,,,Standard
4387,4039,4039/8817,1.361e-13,Common,generative,WizNerdz #4387,,,Standard
7926,4040,4040/8817,1.362e-13,Common,generative,WizNerdz #7926,,,Standard
2558,4041,4041/8817,1.363e-13,Common,generative,WizNerdz #2558,,,Standard
2444,4042,4042/8817,1.364e-13,Common,generative,WizNerdz #2444,,,Standard
4071,4043,4043/8817,1.365e-13,Common,generative,WizNerdz #4071,,,Standard
4416,4044,4044/8817,1.366e-13,Common,generative,WizNerdz #4416,,,Standard
4285,4045,4045/8817,1.367e-13,Common,generative,WizNerdz #4285,,,Standard
8757,4046,4046/8817,1.368e-13,Common,generative,WizNerdz #8757,,,Standard
8723,4047,4047/8817,1.368e-13,Common,generative,WizNerdz #8723,,,Standard
2499,4048,4048/8817,1.372e-13,Common,generative,WizNerdz #2499,,,Standard
354,4049,4049/8817,1.374e-13,Common,generative,WizNerdz #354,,,Standard
5764,4050,4050/8817,1.374e-13,Common,generative,WizNerdz #5764,,,Standard
6313,4051,4051/8817,1.375e-13,Common,generative,WizNerdz #6313,,,Standard
4160,4052,4052/8817,1.375e-13,Common,generative,WizNerdz #4160,,,Standard
2480,4053,4053/8817,1.376e-13,Common,generative,WizNerdz #2480,,,Standard
3027,4054,4054/8817,1.377e-13,Common,generative,WizNerdz #3027,,,Standard
6775,4055,4055/8817,1.377e-13,Common,generative,WizNerdz #6775,,,Standard
5837,4056,4056/8817,1.378e-13,Common,generative,WizNerdz #5837,,,Standard
7601,4057,4057/8817,1.38e-13,Common,generative,WizNerdz #7601,,,Standard
2266,4058,4058/8817,1.386e-13,Common,generative,WizNerdz #2266,,,Standard
6222,4059,4059/8817,1.387e-13,Common,generative,WizNerdz #6222,,,Standard
1943,4060,4060/8817,1.391e-13,Common,generative,WizNerdz #1943,,,Standard
6934,4061,4061/8817,1.391e-13,Common,generative,WizNerdz #6934,,,Standard
3036,4062,4062/8817,1.392e-13,Common,generative,WizNerdz #3036,,,Standard
1190,4063,4063/8817,1.394e-13,Common,generative,WizNerdz #1190,,,Standard
6799,4064,4064/8817,1.395e-13,Common,generative,WizNerdz #6799,,,Standard
3784,4065,4065/8817,1.396e-13,Common,generative,WizNerdz #3784,,,Standard
4754,4066,4066/8817,1.397e-13,Common,generative,WizNerdz #4754,,,Standard
3321,4067,4067/8817,1.4e-13,Common,generative,WizNerdz #3321,,,Standard
1291,4068,4068/8817,1.403e-13,Common,generative,WizNerdz #1291,,,Standard
5090,4069,4069/8817,1.404e-13,Common,generative,WizNerdz #5090,,,Standard
5483,4070,4070/8817,1.404e-13,Common,generative,WizNerdz #5483,,,Standard
6279,4071,4071/8817,1.404e-13,Common,generative,WizNerdz #6279,,,Standard
2579,4072,4072/8817,1.405e-13,Common,generative,WizNerdz #2579,,,Standard
3099,4073,4073/8817,1.406e-13,Common,generative,WizNerdz #3099,,,Standard
7634,4074,4074/8817,1.407e-13,Common,generative,WizNerdz #7634,,,Standard
8545,4075,4075/8817,1.408e-13,Common,generative,WizNerdz #8545,,,Standard
4712,4076,4076/8817,1.412e-13,Common,generative,WizNerdz #4712,,,Standard
7156,4077,4077/8817,1.412e-13,Common,generative,WizNerdz #7156,,,Standard
5755,4078,4078/8817,1.412e-13,Common,generative,WizNerdz #5755,,,Standard
8796,4079,4079/8817,1.414e-13,Common,generative,WizNerdz #8796,,,Standard
6637,4080,4080/8817,1.414e-13,Common,generative,WizNerdz #6637,,,Standard
6283,4081,4081/8817,1.416e-13,Common,generative,WizNerdz #6283,,,Standard
2991,4082,4082/8817,1.42e-13,Common,generative,WizNerdz #2991,,,Standard
1947,4083,4083/8817,1.42e-13,Common,generative,WizNerdz #1947,,,Standard
1964,4084,4084/8817,1.422e-13,Common,generative,WizNerdz #1964,,,Standard
7298,4085,4085/8817,1.422e-13,Common,generative,WizNerdz #7298,,,Standard
4458,4086,4086/8817,1.425e-13,Common,generative,WizNerdz #4458,,,Standard
2794,4087,4087/8817,1.427e-13,Common,generative,WizNerdz #2794,,,Standard
4953,4088,4088/8817,1.427e-13,Common,generative,WizNerdz #4953,,,Standard
7183,4089,4089/8817,1.429e-13,Common,generative,WizNerdz #7183,,,Standard
1222,4090,4090/8817,1.429e-13,Common,generative,WizNerdz #1222,,,Standard
4269,4091,4091/8817,1.43e-13,Common,generative,WizNerdz #4269,,,Standard
1540,4092,4092/8817,1.43e-13,Common,generative,WizNerdz #1540,,,Standard
8480,4093,4093/8817,1.431e-13,Common,generative,WizNerdz #8480,,,Standard
767,4094,4094/8817,1.432e-13,Common,generative,WizNerdz #767,,,Standard
8706,4095,4095/8817,1.436e-13,Common,generative,WizNerdz #8706,,,Standard
4464,4096,4096/8817,1.437e-13,Common,generative,WizNerdz #4464,,,Standard
5710,4097,4097/8817,1.437e-13,Common,generative,WizNerdz #5710,,,Standard
503,4098,4098/8817,1.437e-13,Common,generative,WizNerdz #503,,,Standard
959,4099,4099/8817,1.438e-13,Common,generative,WizNerdz #959,,,Standard
4247,4100,4100/8817,1.439e-13,Common,generative,WizNerdz #4247,,,Standard
1213,4101,4101/8817,1.441e-13,Common,generative,WizNerdz #1213,,,Standard
8850,4102,4102/8817,1.442e-13,Common,generative,WizNerdz #8850,,,Standard
7318,4103,4103/8817,1.444e-13,Common,generative,WizNerdz #7318,,,Standard
5549,4104,4104/8817,1.444e-13,Common,generative,WizNerdz #5549,,,Standard
5087,4105,4105/8817,1.444e-13,Common,generative,WizNerdz #5087,,,Standard
4342,4106,4106/8817,1.444e-13,Common,generative,WizNerdz #4342,,,Standard
6348,4107,4107/8817,1.445e-13,Common,generative,WizNerdz #6348,,,Standard
6274,4108,4108/8817,1.448e-13,Common,generative,WizNerdz #6274,,,Standard
6523,4109,4109/8817,1.449e-13,Common,generative,WizNerdz #6523,,,Standard
5021,4110,4110/8817,1.449e-13,Common,generative,WizNerdz #5021,,,Standard
1805,4111,4111/8817,1.451e-13,Common,generative,WizNerdz #1805,,,Standard
5155,4112,4112/8817,1.455e-13,Common,generative,WizNerdz #5155,,,Standard
2222,4113,4113/8817,1.455e-13,Common,generative,WizNerdz #2222,,,Standard
319,4114,4114/8817,1.456e-13,Common,generative,WizNerdz #319,,,Standard
3140,4115,4115/8817,1.456e-13,Common,generative,WizNerdz #3140,,,Standard
5399,4116,4116/8817,1.456e-13,Common,generative,WizNerdz #5399,,,Standard
6378,4117,4117/8817,1.456e-13,Common,generative,WizNerdz #6378,,,Standard
2087,4118,4118/8817,1.459e-13,Common,generative,WizNerdz #2087,,,Standard
7733,4119,4119/8817,1.459e-13,Common,generative,WizNerdz #7733,,,Standard
6252,4120,4120/8817,1.463e-13,Common,generative,WizNerdz #6252,,,Standard
4780,4121,4121/8817,1.464e-13,Common,generative,WizNerdz #4780,,,Standard
3977,4122,4122/8817,1.466e-13,Common,generative,WizNerdz #3977,,,Standard
3711,4123,4123/8817,1.471e-13,Common,generative,WizNerdz #3711,,,Standard
1440,4124,4124/8817,1.472e-13,Common,generative,WizNerdz #1440,,,Standard
464,4125,4125/8817,1.472e-13,Common,generative,WizNerdz #464,,,Standard
3611,4126,4126/8817,1.472e-13,Common,generative,WizNerdz #3611,,,Standard
654,4127,4127/8817,1.472e-13,Common,generative,WizNerdz #654,,,Standard
4048,4128,4128/8817,1.473e-13,Common,generative,WizNerdz #4048,,,Standard
3468,4129,4129/8817,1.475e-13,Common,generative,WizNerdz #3468,,,Standard
4047,4130,4130/8817,1.475e-13,Common,generative,WizNerdz #4047,,,Standard
7943,4131,4131/8817,1.477e-13,Common,generative,WizNerdz #7943,,,Standard
8769,4132,4132/8817,1.479e-13,Common,generative,WizNerdz #8769,,,Standard
4910,4133,4133/8817,1.479e-13,Common,generative,WizNerdz #4910,,,Standard
5377,4134,4134/8817,1.48e-13,Common,generative,WizNerdz #5377,,,Standard
3338,4135,4135/8817,1.483e-13,Common,generative,WizNerdz #3338,,,Standard
8436,4136,4136/8817,1.485e-13,Common,generative,WizNerdz #8436,,,Standard
780,4137,4137/8817,1.485e-13,Common,generative,WizNerdz #780,,,Standard
8528,4138,4138/8817,1.485e-13,Common,generative,WizNerdz #8528,,,Standard
7255,4139,4139/8817,1.486e-13,Common,generative,WizNerdz #7255,,,Standard
7102,4140,4140/8817,1.49e-13,Common,generative,WizNerdz #7102,,,Standard
3184,4141,4141/8817,1.491e-13,Common,generative,WizNerdz #3184,,,Standard
2337,4142,4142/8817,1.492e-13,Common,generative,WizNerdz #2337,,,Standard
8122,4143,4143/8817,1.492e-13,Common,generative,WizNerdz #8122,,,Standard
2813,4144,4144/8817,1.492e-13,Common,generative,WizNerdz #2813,,,Standard
1723,4145,4145/8817,1.493e-13,Common,generative,WizNerdz #1723,,,Standard
3033,4146,4146/8817,1.495e-13,Common,generative,WizNerdz #3033,,,Standard
1871,4147,4147/8817,1.497e-13,Common,generative,WizNerdz #1871,,,Standard
1940,4148,4148/8817,1.499e-13,Common,generative,WizNerdz #1940,,,Standard
6820,4149,4149/8817,1.5e-13,Common,generative,WizNerdz #6820,,,Standard
7553,4150,4150/8817,1.502e-13,Common,generative,WizNerdz #7553,,,Standard
7272,4151,4151/8817,1.506e-13,Common,generative,WizNerdz #7272,,,Standard
4714,4152,4152/8817,1.509e-13,Common,generative,WizNerdz #4714,,,Standard
561,4153,4153/8817,1.511e-13,Common,generative,WizNerdz #561,,,Standard
7261,4154,4154/8817,1.513e-13,Common,generative,WizNerdz #7261,,,Standard
7074,4155,4155/8817,1.513e-13,Common,generative,WizNerdz #7074,,,Standard
4972,4156,4156/8817,1.515e-13,Common,generative,WizNerdz #4972,,,Standard
1172,4157,4157/8817,1.517e-13,Common,generative,WizNerdz #1172,,,Standard
7704,4158,4158/8817,1.517e-13,Common,generative,WizNerdz #7704,,,Standard
4758,4159,4159/8817,1.518e-13,Common,generative,WizNerdz #4758,,,Standard
7864,4160,4160/8817,1.518e-13,Common,generative,WizNerdz #7864,,,Standard
5512,4161,4161/8817,1.521e-13,Common,generative,WizNerdz #5512,,,Standard
6839,4162,4162/8817,1.521e-13,Common,generative,WizNerdz #6839,,,Standard
2615,4163,4163/8817,1.521e-13,Common,generative,WizNerdz #2615,,,Standard
3669,4164,4164/8817,1.522e-13,Common,generative,WizNerdz #3669,,,Standard
2733,4165,4165/8817,1.524e-13,Common,generative,WizNerdz #2733,,,Standard
3851,4166,4166/8817,1.524e-13,Common,generative,WizNerdz #3851,,,Standard
2356,4167,4167/8817,1.527e-13,Common,generative,WizNerdz #2356,,,Standard
5654,4168,4168/8817,1.527e-13,Common,generative,WizNerdz #5654,,,Standard
932,4169,4169/8817,1.528e-13,Common,generative,WizNerdz #932,,,Standard
4077,4170,4170/8817,1.53e-13,Common,generative,WizNerdz #4077,,,Standard
1468,4171,4171/8817,1.531e-13,Common,generative,WizNerdz #1468,,,Standard
6268,4172,4172/8817,1.531e-13,Common,generative,WizNerdz #6268,,,Standard
4121,4173,4173/8817,1.532e-13,Common,generative,WizNerdz #4121,,,Standard
4881,4174,4174/8817,1.534e-13,Common,generative,WizNerdz #4881,,,Standard
5662,4175,4175/8817,1.535e-13,Common,generative,WizNerdz #5662,,,Standard
17,4176,4176/8817,1.537e-13,Common,generative,WizNerdz #17,,,Standard
6556,4177,4177/8817,1.537e-13,Common,generative,WizNerdz #6556,,,Standard
7065,4178,4178/8817,1.538e-13,Common,generative,WizNerdz #7065,,,Standard
1466,4179,4179/8817,1.538e-13,Common,generative,WizNerdz #1466,,,Standard
3157,4180,4180/8817,1.539e-13,Common,generative,WizNerdz #3157,,,Standard
8788,4181,4181/8817,1.54e-13,Common,generative,WizNerdz #8788,,,Standard
4689,4182,4182/8817,1.541e-13,Common,generative,WizNerdz #4689,,,Standard
5951,4183,4183/8817,1.543e-13,Common,generative,WizNerdz #5951,,,Standard
7150,4184,4184/8817,1.545e-13,Common,generative,WizNerdz #7150,,,Standard
1658,4185,4185/8817,1.546e-13,Common,generative,WizNerdz #1658,,,Standard
2052,4186,4186/8817,1.546e-13,Common,generative,WizNerdz #2052,,,Standard
4207,4187,4187/8817,1.547e-13,Common,generative,WizNerdz #4207,,,Standard
2565,4188,4188/8817,1.549e-13,Common,generative,WizNerdz #2565,,,Standard
6849,4189,4189/8817,1.549e-13,Common,generative,WizNerdz #6849,,,Standard
7395,4190,4190/8817,1.552e-13,Common,generative,WizNerdz #7395,,,Standard
7683,4191,4191/8817,1.556e-13,Common,generative,WizNerdz #7683,,,Standard
7702,4192,4192/8817,1.559e-13,Common,generative,WizNerdz #7702,,,Standard
5455,4193,4193/8817,1.562e-13,Common,generative,WizNerdz #5455,,,Standard
5514,4194,4194/8817,1.567e-13,Common,generative,WizNerdz #5514,,,Standard
4181,4195,4195/8817,1.568e-13,Common,generative,WizNerdz #4181,,,Standard
2434,4196,4196/8817,1.568e-13,Common,generative,WizNerdz #2434,,,Standard
3054,4197,4197/8817,1.569e-13,Common,generative,WizNerdz #3054,,,Standard
3031,4198,4198/8817,1.569e-13,Common,generative,WizNerdz #3031,,,Standard
2602,4199,4199/8817,1.571e-13,Common,generative,WizNerdz #2602,,,Standard
990,4200,4200/8817,1.573e-13,Common,generative,WizNerdz #990,,,Standard
4560,4201,4201/8817,1.575e-13,Common,generative,WizNerdz #4560,,,Standard
4896,4202,4202/8817,1.577e-13,Common,generative,WizNerdz #4896,,,Standard
2622,4203,4203/8817,1.581e-13,Common,generative,WizNerdz #2622,,,Standard
3139,4204,4204/8817,1.581e-13,Common,generative,WizNerdz #3139,,,Standard
8533,4205,4205/8817,1.583e-13,Common,generative,WizNerdz #8533,,,Standard
6951,4206,4206/8817,1.585e-13,Common,generative,WizNerdz #6951,,,Standard
8775,4207,4207/8817,1.585e-13,Common,generative,WizNerdz #8775,,,Standard
7890,4208,4208/8817,1.585e-13,Common,generative,WizNerdz #7890,,,Standard
350,4209,4209/8817,1.589e-13,Common,generative,WizNerdz #350,,,Standard
993,4210,4210/8817,1.591e-13,Common,generative,WizNerdz #993,,,Standard
1374,4211,4211/8817,1.592e-13,Common,generative,WizNerdz #1374,,,Standard
3891,4212,4212/8817,1.594e-13,Common,generative,WizNerdz #3891,,,Standard
4492,4213,4213/8817,1.594e-13,Common,generative,WizNerdz #4492,,,Standard
8717,4214,4214/8817,1.595e-13,Common,generative,WizNerdz #8717,,,Standard
6367,4215,4215/8817,1.596e-13,Common,generative,WizNerdz #6367,,,Standard
2792,4216,4216/8817,1.601e-13,Common,generative,WizNerdz #2792,,,Standard
6361,4217,4217/8817,1.603e-13,Common,generative,WizNerdz #6361,,,Standard
5970,4218,4218/8817,1.605e-13,Common,generative,WizNerdz #5970,,,Standard
3000,4219,4219/8817,1.606e-13,Common,generative,WizNerdz #3000,,,Standard
4271,4220,4220/8817,1.61e-13,Common,generative,WizNerdz #4271,,,Standard
7621,4221,4221/8817,1.61e-13,Common,generative,WizNerdz #7621,,,Standard
1243,4222,4222/8817,1.612e-13,Common,generative,WizNerdz #1243,,,Standard
6381,4223,4223/8817,1.612e-13,Common,generative,WizNerdz #6381,,,Standard
3598,4224,4224/8817,1.612e-13,Common,generative,WizNerdz #3598,,,Standard
1555,4225,4225/8817,1.612e-13,Common,generative,WizNerdz #1555,,,Standard
4564,4226,4226/8817,1.613e-13,Common,generative,WizNerdz #4564,,,Standard
1005,4227,4227/8817,1.614e-13,Common,generative,WizNerdz #1005,,,Standard
4707,4228,4228/8817,1.615e-13,Common,generative,WizNerdz #4707,,,Standard
5670,4229,4229/8817,1.616e-13,Common,generative,WizNerdz #5670,,,Standard
4656,4230,4230/8817,1.616e-13,Common,generative,WizNerdz #4656,,,Standard
2086,4231,4231/8817,1.616e-13,Common,generative,WizNerdz #2086,,,Standard
4646,4232,4232/8817,1.616e-13,Common,generative,WizNerdz #4646,,,Standard
7979,4233,4233/8817,1.616e-13,Common,generative,WizNerdz #7979,,,Standard
4964,4234,4234/8817,1.617e-13,Common,generative,WizNerdz #4964,,,Standard
8759,4235,4235/8817,1.617e-13,Common,generative,WizNerdz #8759,,,Standard
531,4236,4236/8817,1.619e-13,Common,generative,WizNerdz #531,,,Standard
6157,4237,4237/8817,1.62e-13,Common,generative,WizNerdz #6157,,,Standard
5950,4238,4238/8817,1.624e-13,Common,generative,WizNerdz #5950,,,Standard
5266,4239,4239/8817,1.624e-13,Common,generative,WizNerdz #5266,,,Standard
3049,4240,4240/8817,1.626e-13,Common,generative,WizNerdz #3049,,,Standard
7642,4241,4241/8817,1.626e-13,Common,generative,WizNerdz #7642,,,Standard
2837,4242,4242/8817,1.627e-13,Common,generative,WizNerdz #2837,,,Standard
8191,4243,4243/8817,1.628e-13,Common,generative,WizNerdz #8191,,,Standard
4277,4244,4244/8817,1.63e-13,Common,generative,WizNerdz #4277,,,Standard
4296,4245,4245/8817,1.631e-13,Common,generative,WizNerdz #4296,,,Standard
705,4246,4246/8817,1.631e-13,Common,generative,WizNerdz #705,,,Standard
5566,4247,4247/8817,1.633e-13,Common,generative,WizNerdz #5566,,,Standard
4870,4248,4248/8817,1.633e-13,Common,generative,WizNerdz #4870,,,Standard
6933,4249,4249/8817,1.635e-13,Common,generative,WizNerdz #6933,,,Standard
1999,4250,4250/8817,1.637e-13,Common,generative,WizNerdz #1999,,,Standard
4516,4251,4251/8817,1.64e-13,Common,generative,WizNerdz #4516,,,Standard
6881,4252,4252/8817,1.642e-13,Common,generative,WizNerdz #6881,,,Standard
5332,4253,4253/8817,1.643e-13,Common,generative,WizNerdz #5332,,,Standard
2914,4254,4254/8817,1.646e-13,Common,generative,WizNerdz #2914,,,Standard
6425,4255,4255/8817,1.646e-13,Common,generative,WizNerdz #6425,,,Standard
4166,4256,4256/8817,1.646e-13,Common,generative,WizNerdz #4166,,,Standard
2618,4257,4257/8817,1.648e-13,Common,generative,WizNerdz #2618,,,Standard
7204,4258,4258/8817,1.648e-13,Common,generative,WizNerdz #7204,,,Standard
244,4259,4259/8817,1.648e-13,Common,generative,WizNerdz #244,,,Standard
1511,4260,4260/8817,1.65e-13,Common,generative,WizNerdz #1511,,,Standard
3336,4261,4261/8817,1.652e-13,Common,generative,WizNerdz #3336,,,Standard
2705,4262,4262/8817,1.654e-13,Common,generative,WizNerdz #2705,,,Standard
1153,4263,4263/8817,1.654e-13,Common,generative,WizNerdz #1153,,,Standard
8573,4264,4264/8817,1.655e-13,Common,generative,WizNerdz #8573,,,Standard
5891,4265,4265/8817,1.656e-13,Common,generative,WizNerdz #5891,,,Standard
8296,4266,4266/8817,1.657e-13,Common,generative,WizNerdz #8296,,,Standard
8231,4267,4267/8817,1.66e-13,Common,generative,WizNerdz #8231,,,Standard
8579,4268,4268/8817,1.662e-13,Common,generative,WizNerdz #8579,,,Standard
8767,4269,4269/8817,1.664e-13,Common,generative,WizNerdz #8767,,,Standard
4580,4270,4270/8817,1.664e-13,Common,generative,WizNerdz #4580,,,Standard
2751,4271,4271/8817,1.665e-13,Common,generative,WizNerdz #2751,,,Standard
6790,4272,4272/8817,1.672e-13,Common,generative,WizNerdz #6790,,,Standard
8660,4273,4273/8817,1.673e-13,Common,generative,WizNerdz #8660,,,Standard
7276,4274,4274/8817,1.674e-13,Common,generative,WizNerdz #7276,,,Standard
310,4275,4275/8817,1.678e-13,Common,generative,WizNerdz #310,,,Standard
5744,4276,4276/8817,1.679e-13,Common,generative,WizNerdz #5744,,,Standard
8457,4277,4277/8817,1.683e-13,Common,generative,WizNerdz #8457,,,Standard
457,4278,4278/8817,1.685e-13,Common,generative,WizNerdz #457,,,Standard
2948,4279,4279/8817,1.685e-13,Common,generative,WizNerdz #2948,,,Standard
4060,4280,4280/8817,1.685e-13,Common,generative,WizNerdz #4060,,,Standard
6075,4281,4281/8817,1.686e-13,Common,generative,WizNerdz #6075,,,Standard
7464,4282,4282/8817,1.687e-13,Common,generative,WizNerdz #7464,,,Standard
2068,4283,4283/8817,1.687e-13,Common,generative,WizNerdz #2068,,,Standard
991,4284,4284/8817,1.698e-13,Common,generative,WizNerdz #991,,,Standard
6675,4285,4285/8817,1.699e-13,Common,generative,WizNerdz #6675,,,Standard
501,4286,4286/8817,1.699e-13,Common,generative,WizNerdz #501,,,Standard
490,4287,4287/8817,1.699e-13,Common,generative,WizNerdz #490,,,Standard
3234,4288,4288/8817,1.7e-13,Common,generative,WizNerdz #3234,,,Standard
4856,4289,4289/8817,1.703e-13,Common,generative,WizNerdz #4856,,,Standard
6404,4290,4290/8817,1.707e-13,Common,generative,WizNerdz #6404,,,Standard
4894,4291,4291/8817,1.708e-13,Common,generative,WizNerdz #4894,,,Standard
8299,4292,4292/8817,1.709e-13,Common,generative,WizNerdz #8299,,,Standard
1717,4293,4293/8817,1.711e-13,Common,generative,WizNerdz #1717,,,Standard
6360,4294,4294/8817,1.712e-13,Common,generative,WizNerdz #6360,,,Standard
7845,4295,4295/8817,1.714e-13,Common,generative,WizNerdz #7845,,,Standard
6571,4296,4296/8817,1.715e-13,Common,generative,WizNerdz #6571,,,Standard
6449,4297,4297/8817,1.715e-13,Common,generative,WizNerdz #6449,,,Standard
2427,4298,4298/8817,1.715e-13,Common,generative,WizNerdz #2427,,,Standard
8671,4299,4299/8817,1.718e-13,Common,generative,WizNerdz #8671,,,Standard
3719,4300,4300/8817,1.718e-13,Common,generative,WizNerdz #3719,,,Standard
6010,4301,4301/8817,1.718e-13,Common,generative,WizNerdz #6010,,,Standard
3345,4302,4302/8817,1.718e-13,Common,generative,WizNerdz #3345,,,Standard
7990,4303,4303/8817,1.721e-13,Common,generative,WizNerdz #7990,,,Standard
5404,4304,4304/8817,1.725e-13,Common,generative,WizNerdz #5404,,,Standard
3554,4305,4305/8817,1.726e-13,Common,generative,WizNerdz #3554,,,Standard
5247,4306,4306/8817,1.727e-13,Common,generative,WizNerdz #5247,,,Standard
1441,4307,4307/8817,1.727e-13,Common,generative,WizNerdz #1441,,,Standard
4020,4308,4308/8817,1.728e-13,Common,generative,WizNerdz #4020,,,Standard
7336,4309,4309/8817,1.729e-13,Common,generative,WizNerdz #7336,,,Standard
3712,4310,4310/8817,1.73e-13,Common,generative,WizNerdz #3712,,,Standard
8636,4311,4311/8817,1.732e-13,Common,generative,WizNerdz #8636,,,Standard
1547,4312,4312/8817,1.733e-13,Common,generative,WizNerdz #1547,,,Standard
6200,4313,4313/8817,1.733e-13,Common,generative,WizNerdz #6200,,,Standard
2445,4314,4314/8817,1.735e-13,Common,generative,WizNerdz #2445,,,Standard
2059,4315,4315/8817,1.736e-13,Common,generative,WizNerdz #2059,,,Standard
3085,4316,4316/8817,1.737e-13,Common,generative,WizNerdz #3085,,,Standard
153,4317,4317/8817,1.738e-13,Common,generative,WizNerdz #153,,,Standard
4559,4318,4318/8817,1.738e-13,Common,generative,WizNerdz #4559,,,Standard
1598,4319,4319/8817,1.738e-13,Common,generative,WizNerdz #1598,,,Standard
2452,4320,4320/8817,1.74e-13,Common,generative,WizNerdz #2452,,,Standard
1042,4321,4321/8817,1.744e-13,Common,generative,WizNerdz #1042,,,Standard
4683,4322,4322/8817,1.745e-13,Common,generative,WizNerdz #4683,,,Standard
2375,4323,4323/8817,1.748e-13,Common,generative,WizNerdz #2375,,,Standard
2976,4324,4324/8817,1.749e-13,Common,generative,WizNerdz #2976,,,Standard
5801,4325,4325/8817,1.75e-13,Common,generative,WizNerdz #5801,,,Standard
3160,4326,4326/8817,1.75e-13,Common,generative,WizNerdz #3160,,,Standard
1080,4327,4327/8817,1.75e-13,Common,generative,WizNerdz #1080,,,Standard
1032,4328,4328/8817,1.751e-13,Common,generative,WizNerdz #1032,,,Standard
7259,4329,4329/8817,1.753e-13,Common,generative,WizNerdz #7259,,,Standard
2109,4330,4330/8817,1.758e-13,Common,generative,WizNerdz #2109,,,Standard
1387,4331,4331/8817,1.759e-13,Common,generative,WizNerdz #1387,,,Standard
6090,4332,4332/8817,1.761e-13,Common,generative,WizNerdz #6090,,,Standard
1122,4333,4333/8817,1.762e-13,Common,generative,WizNerdz #1122,,,Standard
5078,4334,4334/8817,1.763e-13,Common,generative,WizNerdz #5078,,,Standard
4710,4335,4335/8817,1.765e-13,Common,generative,WizNerdz #4710,,,Standard
2874,4336,4336/8817,1.767e-13,Common,generative,WizNerdz #2874,,,Standard
1128,4337,4337/8817,1.768e-13,Common,generative,WizNerdz #1128,,,Standard
8599,4338,4338/8817,1.768e-13,Common,generative,WizNerdz #8599,,,Standard
2696,4339,4339/8817,1.77e-13,Common,generative,WizNerdz #2696,,,Standard
4168,4340,4340/8817,1.771e-13,Common,generative,WizNerdz #4168,,,Standard
2225,4341,4341/8817,1.774e-13,Common,generative,WizNerdz #2225,,,Standard
4584,4342,4342/8817,1.775e-13,Common,generative,WizNerdz #4584,,,Standard
842,4343,4343/8817,1.776e-13,Common,generative,WizNerdz #842,,,Standard
6634,4344,4344/8817,1.777e-13,Common,generative,WizNerdz #6634,,,Standard
1493,4345,4345/8817,1.778e-13,Common,generative,WizNerdz #1493,,,Standard
7852,4346,4346/8817,1.78e-13,Common,generative,WizNerdz #7852,,,Standard
7363,4347,4347/8817,1.783e-13,Common,generative,WizNerdz #7363,,,Standard
6733,4348,4348/8817,1.784e-13,Common,generative,WizNerdz #6733,,,Standard
7776,4349,4349/8817,1.784e-13,Common,generative,WizNerdz #7776,,,Standard
8352,4350,4350/8817,1.786e-13,Common,generative,WizNerdz #8352,,,Standard
1850,4351,4351/8817,1.787e-13,Common,generative,WizNerdz #1850,,,Standard
2980,4352,4352/8817,1.788e-13,Common,generative,WizNerdz #2980,,,Standard
8674,4353,4353/8817,1.788e-13,Common,generative,WizNerdz #8674,,,Standard
644,4354,4354/8817,1.79e-13,Common,generative,WizNerdz #644,,,Standard
2244,4355,4355/8817,1.794e-13,Common,generative,WizNerdz #2244,,,Standard
8185,4356,4356/8817,1.795e-13,Common,generative,WizNerdz #8185,,,Standard
387,4357,4357/8817,1.797e-13,Common,generative,WizNerdz #387,,,Standard
8041,4358,4358/8817,1.799e-13,Common,generative,WizNerdz #8041,,,Standard
1046,4359,4359/8817,1.799e-13,Common,generative,WizNerdz #1046,,,Standard
6863,4360,4360/8817,1.799e-13,Common,generative,WizNerdz #6863,,,Standard
5562,4361,4361/8817,1.802e-13,Common,generative,WizNerdz #5562,,,Standard
5794,4362,4362/8817,1.802e-13,Common,generative,WizNerdz #5794,,,Standard
7529,4363,4363/8817,1.806e-13,Common,generative,WizNerdz #7529,,,Standard
4622,4364,4364/8817,1.808e-13,Common,generative,WizNerdz #4622,,,Standard
8847,4365,4365/8817,1.808e-13,Common,generative,WizNerdz #8847,,,Standard
8711,4366,4366/8817,1.809e-13,Common,generative,WizNerdz #8711,,,Standard
3201,4367,4367/8817,1.81e-13,Common,generative,WizNerdz #3201,,,Standard
4876,4368,4368/8817,1.811e-13,Common,generative,WizNerdz #4876,,,Standard
344,4369,4369/8817,1.814e-13,Common,generative,WizNerdz #344,,,Standard
2368,4370,4370/8817,1.815e-13,Common,generative,WizNerdz #2368,,,Standard
6416,4371,4371/8817,1.819e-13,Common,generative,WizNerdz #6416,,,Standard
4736,4372,4372/8817,1.822e-13,Common,generative,WizNerdz #4736,,,Standard
4124,4373,4373/8817,1.825e-13,Common,generative,WizNerdz #4124,,,Standard
5322,4374,4374/8817,1.828e-13,Common,generative,WizNerdz #5322,,,Standard
93,4375,4375/8817,1.83e-13,Common,generative,WizNerdz #93,,,Standard
3444,4376,4376/8817,1.832e-13,Common,generative,WizNerdz #3444,,,Standard
6460,4377,4377/8817,1.832e-13,Common,generative,WizNerdz #6460,,,Standard
4735,4378,4378/8817,1.835e-13,Common,generative,WizNerdz #4735,,,Standard
8754,4379,4379/8817,1.835e-13,Common,generative,WizNerdz #8754,,,Standard
6192,4380,4380/8817,1.837e-13,Common,generative,WizNerdz #6192,,,Standard
5391,4381,4381/8817,1.837e-13,Common,generative,WizNerdz #5391,,,Standard
5976,4382,4382/8817,1.838e-13,Common,generative,WizNerdz #5976,,,Standard
7012,4383,4383/8817,1.84e-13,Common,generative,WizNerdz #7012,,,Standard
8304,4384,4384/8817,1.846e-13,Common,generative,WizNerdz #8304,,,Standard
7583,4385,4385/8817,1.847e-13,Common,generative,WizNerdz #7583,,,Standard
2533,4386,4386/8817,1.847e-13,Common,generative,WizNerdz #2533,,,Standard
8460,4387,4387/8817,1.85e-13,Common,generative,WizNerdz #8460,,,Standard
3532,4388,4388/8817,1.851e-13,Common,generative,WizNerdz #3532,,,Standard
8512,4389,4389/8817,1.852e-13,Common,generative,WizNerdz #8512,,,Standard
248,4390,4390/8817,1.857e-13,Common,generative,WizNerdz #248,,,Standard
2643,4391,4391/8817,1.857e-13,Common,generative,WizNerdz #2643,,,Standard
4654,4392,4392/8817,1.861e-13,Common,generative,WizNerdz #4654,,,Standard
7808,4393,4393/8817,1.862e-13,Common,generative,WizNerdz #7808,,,Standard
3698,4394,4394/8817,1.862e-13,Common,generative,WizNerdz #3698,,,Standard
1897,4395,4395/8817,1.863e-13,Common,generative,WizNerdz #1897,,,Standard
4857,4396,4396/8817,1.866e-13,Common,generative,WizNerdz #4857,,,Standard
1657,4397,4397/8817,1.869e-13,Common,generative,WizNerdz #1657,,,Standard
6822,4398,4398/8817,1.869e-13,Common,generative,WizNerdz #6822,,,Standard
7666,4399,4399/8817,1.872e-13,Common,generative,WizNerdz #7666,,,Standard
7434,4400,4400/8817,1.873e-13,Common,generative,WizNerdz #7434,,,Standard
6110,4401,4401/8817,1.874e-13,Common,generative,WizNerdz #6110,,,Standard
2360,4402,4402/8817,1.875e-13,Common,generative,WizNerdz #2360,,,Standard
400,4403,4403/8817,1.877e-13,Common,generative,WizNerdz #400,,,Standard
1617,4404,4404/8817,1.877e-13,Common,generative,WizNerdz #1617,,,Standard
6215,4405,4405/8817,1.877e-13,Common,generative,WizNerdz #6215,,,Standard
8192,4406,4406/8817,1.879e-13,Common,generative,WizNerdz #8192,,,Standard
79,4407,4407/8817,1.879e-13,Common,generative,WizNerdz #79,,,Standard
1782,4408,4408/8817,1.882e-13,Common,generative,WizNerdz #1782,,,Standard
170,4409,4409/8817,1.884e-13,Common,generative,WizNerdz #170,,,Standard
1944,4410,4410/8817,1.885e-13,Common,generative,WizNerdz #1944,,,Standard
5441,4411,4411/8817,1.887e-13,Common,generative,WizNerdz #5441,,,Standard
8199,4412,4412/8817,1.889e-13,Common,generative,WizNerdz #8199,,,Standard
1292,4413,4413/8817,1.893e-13,Common,generative,WizNerdz #1292,,,Standard
1031,4414,4414/8817,1.893e-13,Common,generative,WizNerdz #1031,,,Standard
5024,4415,4415/8817,1.893e-13,Common,generative,WizNerdz #5024,,,Standard
1462,4416,4416/8817,1.895e-13,Common,generative,WizNerdz #1462,,,Standard
4621,4417,4417/8817,1.896e-13,Common,generative,WizNerdz #4621,,,Standard
894,4418,4418/8817,1.896e-13,Common,generative,WizNerdz #894,,,Standard
3253,4419,4419/8817,1.898e-13,Common,generative,WizNerdz #3253,,,Standard
3291,4420,4420/8817,1.899e-13,Common,generative,WizNerdz #3291,,,Standard
5717,4421,4421/8817,1.9e-13,Common,generative,WizNerdz #5717,,,Standard
6603,4422,4422/8817,1.901e-13,Common,generative,WizNerdz #6603,,,Standard
4115,4423,4423/8817,1.902e-13,Common,generative,WizNerdz #4115,,,Standard
449,4424,4424/8817,1.904e-13,Common,generative,WizNerdz #449,,,Standard
6149,4425,4425/8817,1.907e-13,Common,generative,WizNerdz #6149,,,Standard
6044,4426,4426/8817,1.908e-13,Common,generative,WizNerdz #6044,,,Standard
8152,4427,4427/8817,1.911e-13,Common,generative,WizNerdz #8152,,,Standard
5334,4428,4428/8817,1.912e-13,Common,generative,WizNerdz #5334,,,Standard
5043,4429,4429/8817,1.913e-13,Common,generative,WizNerdz #5043,,,Standard
392,4430,4430/8817,1.913e-13,Common,generative,WizNerdz #392,,,Standard
3018,4431,4431/8817,1.92e-13,Common,generative,WizNerdz #3018,,,Standard
3655,4432,4432/8817,1.921e-13,Common,generative,WizNerdz #3655,,,Standard
2194,4433,4433/8817,1.922e-13,Common,generative,WizNerdz #2194,,,Standard
2088,4434,4434/8817,1.923e-13,Common,generative,WizNerdz #2088,,,Standard
8349,4435,4435/8817,1.926e-13,Common,generative,WizNerdz #8349,,,Standard
4073,4436,4436/8817,1.927e-13,Common,generative,WizNerdz #4073,,,Standard
363,4437,4437/8817,1.927e-13,Common,generative,WizNerdz #363,,,Standard
8518,4438,4438/8817,1.928e-13,Common,generative,WizNerdz #8518,,,Standard
4108,4439,4439/8817,1.934e-13,Common,generative,WizNerdz #4108,,,Standard
2379,4440,4440/8817,1.936e-13,Common,generative,WizNerdz #2379,,,Standard
4136,4441,4441/8817,1.939e-13,Common,generative,WizNerdz #4136,,,Standard
926,4442,4442/8817,1.944e-13,Common,generative,WizNerdz #926,,,Standard
5644,4443,4443/8817,1.944e-13,Common,generative,WizNerdz #5644,,,Standard
7904,4444,4444/8817,1.944e-13,Common,generative,WizNerdz #7904,,,Standard
2999,4445,4445/8817,1.945e-13,Common,generative,WizNerdz #2999,,,Standard
8576,4446,4446/8817,1.947e-13,Common,generative,WizNerdz #8576,,,Standard
4721,4447,4447/8817,1.948e-13,Common,generative,WizNerdz #4721,,,Standard
243,4448,4448/8817,1.948e-13,Common,generative,WizNerdz #243,,,Standard
3390,4449,4449/8817,1.949e-13,Common,generative,WizNerdz #3390,,,Standard
7832,4450,4450/8817,1.954e-13,Common,generative,WizNerdz #7832,,,Standard
86,4451,4451/8817,1.956e-13,Common,generative,WizNerdz #86,,,Standard
414,4452,4452/8817,1.959e-13,Common,generative,WizNerdz #414,,,Standard
7016,4453,4453/8817,1.96e-13,Common,generative,WizNerdz #7016,,,Standard
7392,4454,4454/8817,1.966e-13,Common,generative,WizNerdz #7392,,,Standard
3740,4455,4455/8817,1.967e-13,Common,generative,WizNerdz #3740,,,Standard
2884,4456,4456/8817,1.967e-13,Common,generative,WizNerdz #2884,,,Standard
722,4457,4457/8817,1.968e-13,Common,generative,WizNerdz #722,,,Standard
1729,4458,4458/8817,1.97e-13,Common,generative,WizNerdz #1729,,,Standard
5653,4459,4459/8817,1.973e-13,Common,generative,WizNerdz #5653,,,Standard
8243,4460,4460/8817,1.974e-13,Common,generative,WizNerdz #8243,,,Standard
1156,4461,4461/8817,1.975e-13,Common,generative,WizNerdz #1156,,,Standard
6657,4462,4462/8817,1.975e-13,Common,generative,WizNerdz #6657,,,Standard
6152,4463,4463/8817,1.977e-13,Common,generative,WizNerdz #6152,,,Standard
6344,4464,4464/8817,1.979e-13,Common,generative,WizNerdz #6344,,,Standard
3307,4465,4465/8817,1.98e-13,Common,generative,WizNerdz #3307,,,Standard
5686,4466,4466/8817,1.983e-13,Common,generative,WizNerdz #5686,,,Standard
3892,4467,4467/8817,1.986e-13,Common,generative,WizNerdz #3892,,,Standard
7740,4468,4468/8817,1.987e-13,Common,generative,WizNerdz #7740,,,Standard
4746,4469,4469/8817,1.988e-13,Common,generative,WizNerdz #4746,,,Standard
6761,4470,4470/8817,1.988e-13,Common,generative,WizNerdz #6761,,,Standard
2981,4471,4471/8817,1.989e-13,Common,generative,WizNerdz #2981,,,Standard
2723,4472,4472/8817,1.989e-13,Common,generative,WizNerdz #2723,,,Standard
5877,4473,4473/8817,1.99e-13,Common,generative,WizNerdz #5877,,,Standard
341,4474,4474/8817,1.993e-13,Common,generative,WizNerdz #341,,,Standard
6997,4475,4475/8817,1.994e-13,Common,generative,WizNerdz #6997,,,Standard
7131,4476,4476/8817,1.995e-13,Common,generative,WizNerdz #7131,,,Standard
7786,4477,4477/8817,1.996e-13,Common,generative,WizNerdz #7786,,,Standard
8682,4478,4478/8817,1.998e-13,Common,generative,WizNerdz #8682,,,Standard
1958,4479,4479/8817,2e-13,Common,generative,WizNerdz #1958,,,Standard
7370,4480,4480/8817,2e-13,Common,generative,WizNerdz #7370,,,Standard
1987,4481,4481/8817,2.001e-13,Common,generative,WizNerdz #1987,,,Standard
535,4482,4482/8817,2.001e-13,Common,generative,WizNerdz #535,,,Standard
8441,4483,4483/8817,2.003e-13,Common,generative,WizNerdz #8441,,,Standard
7537,4484,4484/8817,2.004e-13,Common,generative,WizNerdz #7537,,,Standard
5893,4485,4485/8817,2.004e-13,Common,generative,WizNerdz #5893,,,Standard
5568,4486,4486/8817,2.005e-13,Common,generative,WizNerdz #5568,,,Standard
8120,4487,4487/8817,2.008e-13,Common,generative,WizNerdz #8120,,,Standard
4035,4488,4488/8817,2.009e-13,Common,generative,WizNerdz #4035,,,Standard
895,4489,4489/8817,2.009e-13,Common,generative,WizNerdz #895,,,Standard
5201,4490,4490/8817,2.013e-13,Common,generative,WizNerdz #5201,,,Standard
6016,4491,4491/8817,2.015e-13,Common,generative,WizNerdz #6016,,,Standard
2747,4492,4492/8817,2.016e-13,Common,generative,WizNerdz #2747,,,Standard
5500,4493,4493/8817,2.017e-13,Common,generative,WizNerdz #5500,,,Standard
3556,4494,4494/8817,2.018e-13,Common,generative,WizNerdz #3556,,,Standard
7837,4495,4495/8817,2.019e-13,Common,generative,WizNerdz #7837,,,Standard
8872,4496,4496/8817,2.02e-13,Common,generative,WizNerdz #8872,,,Standard
1955,4497,4497/8817,2.021e-13,Common,generative,WizNerdz #1955,,,Standard
5494,4498,4498/8817,2.023e-13,Common,generative,WizNerdz #5494,,,Standard
1689,4499,4499/8817,2.025e-13,Common,generative,WizNerdz #1689,,,Standard
7326,4500,4500/8817,2.025e-13,Common,generative,WizNerdz #7326,,,Standard
6336,4501,4501/8817,2.025e-13,Common,generative,WizNerdz #6336,,,Standard
1573,4502,4502/8817,2.028e-13,Common,generative,WizNerdz #1573,,,Standard
7236,4503,4503/8817,2.03e-13,Common,generative,WizNerdz #7236,,,Standard
7458,4504,4504/8817,2.031e-13,Common,generative,WizNerdz #7458,,,Standard
1003,4505,4505/8817,2.031e-13,Common,generative,WizNerdz #1003,,,Standard
3839,4506,4506/8817,2.034e-13,Common,generative,WizNerdz #3839,,,Standard
6751,4507,4507/8817,2.035e-13,Common,generative,WizNerdz #6751,,,Standard
3696,4508,4508/8817,2.035e-13,Common,generative,WizNerdz #3696,,,Standard
6393,4509,4509/8817,2.042e-13,Common,generative,WizNerdz #6393,,,Standard
1266,4510,4510/8817,2.044e-13,Common,generative,WizNerdz #1266,,,Standard
247,4511,4511/8817,2.045e-13,Common,generative,WizNerdz #247,,,Standard
1845,4512,4512/8817,2.045e-13,Common,generative,WizNerdz #1845,,,Standard
2397,4513,4513/8817,2.046e-13,Common,generative,WizNerdz #2397,,,Standard
8592,4514,4514/8817,2.048e-13,Common,generative,WizNerdz #8592,,,Standard
5751,4515,4515/8817,2.048e-13,Common,generative,WizNerdz #5751,,,Standard
1121,4516,4516/8817,2.052e-13,Common,generative,WizNerdz #1121,,,Standard
120,4517,4517/8817,2.053e-13,Common,generative,WizNerdz #120,,,Standard
4608,4518,4518/8817,2.055e-13,Common,generative,WizNerdz #4608,,,Standard
1571,4519,4519/8817,2.056e-13,Common,generative,WizNerdz #1571,,,Standard
3066,4520,4520/8817,2.057e-13,Common,generative,WizNerdz #3066,,,Standard
8462,4521,4521/8817,2.058e-13,Common,generative,WizNerdz #8462,,,Standard
271,4522,4522/8817,2.058e-13,Common,generative,WizNerdz #271,,,Standard
149,4523,4523/8817,2.061e-13,Common,generative,WizNerdz #149,,,Standard
1832,4524,4524/8817,2.062e-13,Common,generative,WizNerdz #1832,,,Standard
443,4525,4525/8817,2.062e-13,Common,generative,WizNerdz #443,,,Standard
942,4526,4526/8817,2.063e-13,Common,generative,WizNerdz #942,,,Standard
7641,4527,4527/8817,2.063e-13,Common,generative,WizNerdz #7641,,,Standard
1342,4528,4528/8817,2.066e-13,Common,generative,WizNerdz #1342,,,Standard
8289,4529,4529/8817,2.066e-13,Common,generative,WizNerdz #8289,,,Standard
3877,4530,4530/8817,2.067e-13,Common,generative,WizNerdz #3877,,,Standard
8017,4531,4531/8817,2.067e-13,Common,generative,WizNerdz #8017,,,Standard
803,4532,4532/8817,2.068e-13,Common,generative,WizNerdz #803,,,Standard
2055,4533,4533/8817,2.069e-13,Common,generative,WizNerdz #2055,,,Standard
4803,4534,4534/8817,2.073e-13,Common,generative,WizNerdz #4803,,,Standard
4614,4535,4535/8817,2.073e-13,Common,generative,WizNerdz #4614,,,Standard
1192,4536,4536/8817,2.073e-13,Common,generative,WizNerdz #1192,,,Standard
8168,4537,4537/8817,2.076e-13,Common,generative,WizNerdz #8168,,,Standard
5244,4538,4538/8817,2.077e-13,Common,generative,WizNerdz #5244,,,Standard
6033,4539,4539/8817,2.079e-13,Common,generative,WizNerdz #6033,,,Standard
2932,4540,4540/8817,2.081e-13,Common,generative,WizNerdz #2932,,,Standard
6797,4541,4541/8817,2.081e-13,Common,generative,WizNerdz #6797,,,Standard
5058,4542,4542/8817,2.082e-13,Common,generative,WizNerdz #5058,,,Standard
3630,4543,4543/8817,2.083e-13,Common,generative,WizNerdz #3630,,,Standard
7011,4544,4544/8817,2.083e-13,Common,generative,WizNerdz #7011,,,Standard
2156,4545,4545/8817,2.083e-13,Common,generative,WizNerdz #2156,,,Standard
2174,4546,4546/8817,2.083e-13,Common,generative,WizNerdz #2174,,,Standard
2608,4547,4547/8817,2.086e-13,Common,generative,WizNerdz #2608,,,Standard
3780,4548,4548/8817,2.088e-13,Common,generative,WizNerdz #3780,,,Standard
4572,4549,4549/8817,2.089e-13,Common,generative,WizNerdz #4572,,,Standard
940,4550,4550/8817,2.096e-13,Common,generative,WizNerdz #940,,,Standard
4517,4551,4551/8817,2.096e-13,Common,generative,WizNerdz #4517,,,Standard
5031,4552,4552/8817,2.102e-13,Common,generative,WizNerdz #5031,,,Standard
3665,4553,4553/8817,2.102e-13,Common,generative,WizNerdz #3665,,,Standard
7386,4554,4554/8817,2.104e-13,Common,generative,WizNerdz #7386,,,Standard
2226,4555,4555/8817,2.106e-13,Common,generative,WizNerdz #2226,,,Standard
6127,4556,4556/8817,2.107e-13,Common,generative,WizNerdz #6127,,,Standard
4454,4557,4557/8817,2.108e-13,Common,generative,WizNerdz #4454,,,Standard
5269,4558,4558/8817,2.114e-13,Common,generative,WizNerdz #5269,,,Standard
4424,4559,4559/8817,2.118e-13,Common,generative,WizNerdz #4424,,,Standard
6162,4560,4560/8817,2.119e-13,Common,generative,WizNerdz #6162,,,Standard
3880,4561,4561/8817,2.121e-13,Common,generative,WizNerdz #3880,,,Standard
7473,4562,4562/8817,2.124e-13,Common,generative,WizNerdz #7473,,,Standard
7325,4563,4563/8817,2.124e-13,Common,generative,WizNerdz #7325,,,Standard
5116,4564,4564/8817,2.124e-13,Common,generative,WizNerdz #5116,,,Standard
6000,4565,4565/8817,2.126e-13,Common,generative,WizNerdz #6000,,,Standard
7696,4566,4566/8817,2.13e-13,Common,generative,WizNerdz #7696,,,Standard
2821,4567,4567/8817,2.131e-13,Common,generative,WizNerdz #2821,,,Standard
572,4568,4568/8817,2.133e-13,Common,generative,WizNerdz #572,,,Standard
1310,4569,4569/8817,2.138e-13,Common,generative,WizNerdz #1310,,,Standard
4366,4570,4570/8817,2.138e-13,Common,generative,WizNerdz #4366,,,Standard
3264,4571,4571/8817,2.142e-13,Common,generative,WizNerdz #3264,,,Standard
3518,4572,4572/8817,2.143e-13,Common,generative,WizNerdz #3518,,,Standard
4486,4573,4573/8817,2.143e-13,Common,generative,WizNerdz #4486,,,Standard
4420,4574,4574/8817,2.143e-13,Common,generative,WizNerdz #4420,,,Standard
1841,4575,4575/8817,2.145e-13,Common,generative,WizNerdz #1841,,,Standard
8062,4576,4576/8817,2.146e-13,Common,generative,WizNerdz #8062,,,Standard
5796,4577,4577/8817,2.147e-13,Common,generative,WizNerdz #5796,,,Standard
1415,4578,4578/8817,2.149e-13,Common,generative,WizNerdz #1415,,,Standard
1601,4579,4579/8817,2.149e-13,Common,generative,WizNerdz #1601,,,Standard
1757,4580,4580/8817,2.15e-13,Common,generative,WizNerdz #1757,,,Standard
3520,4581,4581/8817,2.155e-13,Common,generative,WizNerdz #3520,,,Standard
3840,4582,4582/8817,2.155e-13,Common,generative,WizNerdz #3840,,,Standard
8096,4583,4583/8817,2.155e-13,Common,generative,WizNerdz #8096,,,Standard
8381,4584,4584/8817,2.156e-13,Common,generative,WizNerdz #8381,,,Standard
48,4585,4585/8817,2.16e-13,Common,generative,WizNerdz #48,,,Standard
2393,4586,4586/8817,2.163e-13,Common,generative,WizNerdz #2393,,,Standard
1629,4587,4587/8817,2.165e-13,Common,generative,WizNerdz #1629,,,Standard
920,4588,4588/8817,2.167e-13,Common,generative,WizNerdz #920,,,Standard
6741,4589,4589/8817,2.167e-13,Common,generative,WizNerdz #6741,,,Standard
6499,4590,4590/8817,2.171e-13,Common,generative,WizNerdz #6499,,,Standard
4897,4591,4591/8817,2.172e-13,Common,generative,WizNerdz #4897,,,Standard
2003,4592,4592/8817,2.172e-13,Common,generative,WizNerdz #2003,,,Standard
2446,4593,4593/8817,2.174e-13,Common,generative,WizNerdz #2446,,,Standard
7980,4594,4594/8817,2.174e-13,Common,generative,WizNerdz #7980,,,Standard
8750,4595,4595/8817,2.175e-13,Common,generative,WizNerdz #8750,,,Standard
5871,4596,4596/8817,2.176e-13,Common,generative,WizNerdz #5871,,,Standard
4878,4597,4597/8817,2.179e-13,Common,generative,WizNerdz #4878,,,Standard
2418,4598,4598/8817,2.18e-13,Common,generative,WizNerdz #2418,,,Standard
3677,4599,4599/8817,2.181e-13,Common,generative,WizNerdz #3677,,,Standard
1322,4600,4600/8817,2.184e-13,Common,generative,WizNerdz #1322,,,Standard
6753,4601,4601/8817,2.192e-13,Common,generative,WizNerdz #6753,,,Standard
2372,4602,4602/8817,2.193e-13,Common,generative,WizNerdz #2372,,,Standard
300,4603,4603/8817,2.193e-13,Common,generative,WizNerdz #300,,,Standard
7915,4604,4604/8817,2.195e-13,Common,generative,WizNerdz #7915,,,Standard
3191,4605,4605/8817,2.196e-13,Common,generative,WizNerdz #3191,,,Standard
545,4606,4606/8817,2.197e-13,Common,generative,WizNerdz #545,,,Standard
4769,4607,4607/8817,2.202e-13,Common,generative,WizNerdz #4769,,,Standard
155,4608,4608/8817,2.202e-13,Common,generative,WizNerdz #155,,,Standard
5158,4609,4609/8817,2.203e-13,Common,generative,WizNerdz #5158,,,Standard
1107,4610,4610/8817,2.204e-13,Common,generative,WizNerdz #1107,,,Standard
2975,4611,4611/8817,2.208e-13,Common,generative,WizNerdz #2975,,,Standard
3617,4612,4612/8817,2.209e-13,Common,generative,WizNerdz #3617,,,Standard
6938,4613,4613/8817,2.209e-13,Common,generative,WizNerdz #6938,,,Standard
6670,4614,4614/8817,2.217e-13,Common,generative,WizNerdz #6670,,,Standard
4093,4615,4615/8817,2.219e-13,Common,generative,WizNerdz #4093,,,Standard
1880,4616,4616/8817,2.22e-13,Common,generative,WizNerdz #1880,,,Standard
1825,4617,4617/8817,2.22e-13,Common,generative,WizNerdz #1825,,,Standard
8158,4618,4618/8817,2.221e-13,Common,generative,WizNerdz #8158,,,Standard
2041,4619,4619/8817,2.222e-13,Common,generative,WizNerdz #2041,,,Standard
3874,4620,4620/8817,2.224e-13,Common,generative,WizNerdz #3874,,,Standard
6107,4621,4621/8817,2.225e-13,Common,generative,WizNerdz #6107,,,Standard
6097,4622,4622/8817,2.225e-13,Common,generative,WizNerdz #6097,,,Standard
4954,4623,4623/8817,2.226e-13,Common,generative,WizNerdz #4954,,,Standard
2330,4624,4624/8817,2.226e-13,Common,generative,WizNerdz #2330,,,Standard
6345,4625,4625/8817,2.226e-13,Common,generative,WizNerdz #6345,,,Standard
714,4626,4626/8817,2.229e-13,Common,generative,WizNerdz #714,,,Standard
5656,4627,4627/8817,2.23e-13,Common,generative,WizNerdz #5656,,,Standard
4884,4628,4628/8817,2.23e-13,Common,generative,WizNerdz #4884,,,Standard
602,4629,4629/8817,2.237e-13,Common,generative,WizNerdz #602,,,Standard
7226,4630,4630/8817,2.238e-13,Common,generative,WizNerdz #7226,,,Standard
5709,4631,4631/8817,2.24e-13,Common,generative,WizNerdz #5709,,,Standard
1498,4632,4632/8817,2.247e-13,Common,generative,WizNerdz #1498,,,Standard
6046,4633,4633/8817,2.248e-13,Common,generative,WizNerdz #6046,,,Standard
2683,4634,4634/8817,2.251e-13,Common,generative,WizNerdz #2683,,,Standard
6245,4635,4635/8817,2.252e-13,Common,generative,WizNerdz #6245,,,Standard
3585,4636,4636/8817,2.255e-13,Common,generative,WizNerdz #3585,,,Standard
5136,4637,4637/8817,2.255e-13,Common,generative,WizNerdz #5136,,,Standard
7279,4638,4638/8817,2.256e-13,Common,generative,WizNerdz #7279,,,Standard
6266,4639,4639/8817,2.256e-13,Common,generative,WizNerdz #6266,,,Standard
1476,4640,4640/8817,2.256e-13,Common,generative,WizNerdz #1476,,,Standard
4797,4641,4641/8817,2.258e-13,Common,generative,WizNerdz #4797,,,Standard
3498,4642,4642/8817,2.259e-13,Common,generative,WizNerdz #3498,,,Standard
7885,4643,4643/8817,2.26e-13,Common,generative,WizNerdz #7885,,,Standard
7288,4644,4644/8817,2.262e-13,Common,generative,WizNerdz #7288,,,Standard
2984,4645,4645/8817,2.273e-13,Common,generative,WizNerdz #2984,,,Standard
328,4646,4646/8817,2.278e-13,Common,generative,WizNerdz #328,,,Standard
1200,4647,4647/8817,2.279e-13,Common,generative,WizNerdz #1200,,,Standard
4314,4648,4648/8817,2.279e-13,Common,generative,WizNerdz #4314,,,Standard
4008,4649,4649/8817,2.28e-13,Common,generative,WizNerdz #4008,,,Standard
2925,4650,4650/8817,2.285e-13,Common,generative,WizNerdz #2925,,,Standard
5338,4651,4651/8817,2.286e-13,Common,generative,WizNerdz #5338,,,Standard
4666,4652,4652/8817,2.287e-13,Common,generative,WizNerdz #4666,,,Standard
167,4653,4653/8817,2.288e-13,Common,generative,WizNerdz #167,,,Standard
5521,4654,4654/8817,2.289e-13,Common,generative,WizNerdz #5521,,,Standard
8035,4655,4655/8817,2.294e-13,Common,generative,WizNerdz #8035,,,Standard
5386,4656,4656/8817,2.294e-13,Common,generative,WizNerdz #5386,,,Standard
6552,4657,4657/8817,2.294e-13,Common,generative,WizNerdz #6552,,,Standard
3132,4658,4658/8817,2.298e-13,Common,generative,WizNerdz #3132,,,Standard
2903,4659,4659/8817,2.303e-13,Common,generative,WizNerdz #2903,,,Standard
3185,4660,4660/8817,2.305e-13,Common,generative,WizNerdz #3185,,,Standard
2672,4661,4661/8817,2.307e-13,Common,generative,WizNerdz #2672,,,Standard
6987,4662,4662/8817,2.31e-13,Common,generative,WizNerdz #6987,,,Standard
5492,4663,4663/8817,2.314e-13,Common,generative,WizNerdz #5492,,,Standard
2595,4664,4664/8817,2.319e-13,Common,generative,WizNerdz #2595,,,Standard
6681,4665,4665/8817,2.325e-13,Common,generative,WizNerdz #6681,,,Standard
5232,4666,4666/8817,2.328e-13,Common,generative,WizNerdz #5232,,,Standard
7253,4667,4667/8817,2.33e-13,Common,generative,WizNerdz #7253,,,Standard
6624,4668,4668/8817,2.332e-13,Common,generative,WizNerdz #6624,,,Standard
4789,4669,4669/8817,2.332e-13,Common,generative,WizNerdz #4789,,,Standard
385,4670,4670/8817,2.333e-13,Common,generative,WizNerdz #385,,,Standard
6442,4671,4671/8817,2.333e-13,Common,generative,WizNerdz #6442,,,Standard
809,4672,4672/8817,2.346e-13,Common,generative,WizNerdz #809,,,Standard
2713,4673,4673/8817,2.349e-13,Common,generative,WizNerdz #2713,,,Standard
4725,4674,4674/8817,2.349e-13,Common,generative,WizNerdz #4725,,,Standard
948,4675,4675/8817,2.351e-13,Common,generative,WizNerdz #948,,,Standard
4838,4676,4676/8817,2.353e-13,Common,generative,WizNerdz #4838,,,Standard
7559,4677,4677/8817,2.357e-13,Common,generative,WizNerdz #7559,,,Standard
688,4678,4678/8817,2.36e-13,Common,generative,WizNerdz #688,,,Standard
2204,4679,4679/8817,2.361e-13,Common,generative,WizNerdz #2204,,,Standard
8156,4680,4680/8817,2.361e-13,Common,generative,WizNerdz #8156,,,Standard
4679,4681,4681/8817,2.364e-13,Common,generative,WizNerdz #4679,,,Standard
5355,4682,4682/8817,2.364e-13,Common,generative,WizNerdz #5355,,,Standard
4109,4683,4683/8817,2.364e-13,Common,generative,WizNerdz #4109,,,Standard
525,4684,4684/8817,2.368e-13,Common,generative,WizNerdz #525,,,Standard
2593,4685,4685/8817,2.371e-13,Common,generative,WizNerdz #2593,,,Standard
7618,4686,4686/8817,2.376e-13,Common,generative,WizNerdz #7618,,,Standard
4402,4687,4687/8817,2.376e-13,Common,generative,WizNerdz #4402,,,Standard
5142,4688,4688/8817,2.377e-13,Common,generative,WizNerdz #5142,,,Standard
7751,4689,4689/8817,2.379e-13,Common,generative,WizNerdz #7751,,,Standard
6620,4690,4690/8817,2.389e-13,Common,generative,WizNerdz #6620,,,Standard
1352,4691,4691/8817,2.389e-13,Common,generative,WizNerdz #1352,,,Standard
5607,4692,4692/8817,2.389e-13,Common,generative,WizNerdz #5607,,,Standard
1714,4693,4693/8817,2.392e-13,Common,generative,WizNerdz #1714,,,Standard
1631,4694,4694/8817,2.395e-13,Common,generative,WizNerdz #1631,,,Standard
4887,4695,4695/8817,2.396e-13,Common,generative,WizNerdz #4887,,,Standard
2800,4696,4696/8817,2.396e-13,Common,generative,WizNerdz #2800,,,Standard
8761,4697,4697/8817,2.397e-13,Common,generative,WizNerdz #8761,,,Standard
2634,4698,4698/8817,2.397e-13,Common,generative,WizNerdz #2634,,,Standard
3790,4699,4699/8817,2.399e-13,Common,generative,WizNerdz #3790,,,Standard
5920,4700,4700/8817,2.399e-13,Common,generative,WizNerdz #5920,,,Standard
8807,4701,4701/8817,2.4e-13,Common,generative,WizNerdz #8807,,,Standard
3754,4702,4702/8817,2.4e-13,Common,generative,WizNerdz #3754,,,Standard
2635,4703,4703/8817,2.4e-13,Common,generative,WizNerdz #2635,,,Standard
368,4704,4704/8817,2.401e-13,Common,generative,WizNerdz #368,,,Standard
6126,4705,4705/8817,2.402e-13,Common,generative,WizNerdz #6126,,,Standard
8508,4706,4706/8817,2.403e-13,Common,generative,WizNerdz #8508,,,Standard
1281,4707,4707/8817,2.404e-13,Common,generative,WizNerdz #1281,,,Standard
2924,4708,4708/8817,2.404e-13,Common,generative,WizNerdz #2924,,,Standard
4901,4709,4709/8817,2.405e-13,Common,generative,WizNerdz #4901,,,Standard
5066,4710,4710/8817,2.407e-13,Common,generative,WizNerdz #5066,,,Standard
8453,4711,4711/8817,2.408e-13,Common,generative,WizNerdz #8453,,,Standard
5849,4712,4712/8817,2.409e-13,Common,generative,WizNerdz #5849,,,Standard
5106,4713,4713/8817,2.409e-13,Common,generative,WizNerdz #5106,,,Standard
6866,4714,4714/8817,2.409e-13,Common,generative,WizNerdz #6866,,,Standard
3635,4715,4715/8817,2.411e-13,Common,generative,WizNerdz #3635,,,Standard
3695,4716,4716/8817,2.413e-13,Common,generative,WizNerdz #3695,,,Standard
416,4717,4717/8817,2.416e-13,Common,generative,WizNerdz #416,,,Standard
5758,4718,4718/8817,2.417e-13,Common,generative,WizNerdz #5758,,,Standard
5615,4719,4719/8817,2.417e-13,Common,generative,WizNerdz #5615,,,Standard
6685,4720,4720/8817,2.418e-13,Common,generative,WizNerdz #6685,,,Standard
1764,4721,4721/8817,2.419e-13,Common,generative,WizNerdz #1764,,,Standard
7232,4722,4722/8817,2.42e-13,Common,generative,WizNerdz #7232,,,Standard
2577,4723,4723/8817,2.421e-13,Common,generative,WizNerdz #2577,,,Standard
6402,4724,4724/8817,2.421e-13,Common,generative,WizNerdz #6402,,,Standard
3593,4725,4725/8817,2.422e-13,Common,generative,WizNerdz #3593,,,Standard
5857,4726,4726/8817,2.425e-13,Common,generative,WizNerdz #5857,,,Standard
3987,4727,4727/8817,2.426e-13,Common,generative,WizNerdz #3987,,,Standard
8539,4728,4728/8817,2.426e-13,Common,generative,WizNerdz #8539,,,Standard
8074,4729,4729/8817,2.426e-13,Common,generative,WizNerdz #8074,,,Standard
6436,4730,4730/8817,2.427e-13,Common,generative,WizNerdz #6436,,,Standard
7971,4731,4731/8817,2.427e-13,Common,generative,WizNerdz #7971,,,Standard
4753,4732,4732/8817,2.429e-13,Common,generative,WizNerdz #4753,,,Standard
6916,4733,4733/8817,2.43e-13,Common,generative,WizNerdz #6916,,,Standard
5810,4734,4734/8817,2.433e-13,Common,generative,WizNerdz #5810,,,Standard
6662,4735,4735/8817,2.434e-13,Common,generative,WizNerdz #6662,,,Standard
4350,4736,4736/8817,2.436e-13,Common,generative,WizNerdz #4350,,,Standard
8294,4737,4737/8817,2.439e-13,Common,generative,WizNerdz #8294,,,Standard
3693,4738,4738/8817,2.44e-13,Common,generative,WizNerdz #3693,,,Standard
5199,4739,4739/8817,2.444e-13,Common,generative,WizNerdz #5199,,,Standard
4658,4740,4740/8817,2.445e-13,Common,generative,WizNerdz #4658,,,Standard
6843,4741,4741/8817,2.447e-13,Common,generative,WizNerdz #6843,,,Standard
1146,4742,4742/8817,2.451e-13,Common,generative,WizNerdz #1146,,,Standard
903,4743,4743/8817,2.451e-13,Common,generative,WizNerdz #903,,,Standard
8022,4744,4744/8817,2.455e-13,Common,generative,WizNerdz #8022,,,Standard
4455,4745,4745/8817,2.456e-13,Common,generative,WizNerdz #4455,,,Standard
3639,4746,4746/8817,2.458e-13,Common,generative,WizNerdz #3639,,,Standard
1062,4747,4747/8817,2.462e-13,Common,generative,WizNerdz #1062,,,Standard
7143,4748,4748/8817,2.464e-13,Common,generative,WizNerdz #7143,,,Standard
4164,4749,4749/8817,2.464e-13,Common,generative,WizNerdz #4164,,,Standard
6155,4750,4750/8817,2.467e-13,Common,generative,WizNerdz #6155,,,Standard
2190,4751,4751/8817,2.477e-13,Common,generative,WizNerdz #2190,,,Standard
7096,4752,4752/8817,2.48e-13,Common,generative,WizNerdz #7096,,,Standard
7724,4753,4753/8817,2.487e-13,Common,generative,WizNerdz #7724,,,Standard
373,4754,4754/8817,2.488e-13,Common,generative,WizNerdz #373,,,Standard
7420,4755,4755/8817,2.49e-13,Common,generative,WizNerdz #7420,,,Standard
1431,4756,4756/8817,2.49e-13,Common,generative,WizNerdz #1431,,,Standard
784,4757,4757/8817,2.492e-13,Common,generative,WizNerdz #784,,,Standard
2160,4758,4758/8817,2.493e-13,Common,generative,WizNerdz #2160,,,Standard
7231,4759,4759/8817,2.493e-13,Common,generative,WizNerdz #7231,,,Standard
6216,4760,4760/8817,2.494e-13,Common,generative,WizNerdz #6216,,,Standard
420,4761,4761/8817,2.496e-13,Common,generative,WizNerdz #420,,,Standard
1287,4762,4762/8817,2.496e-13,Common,generative,WizNerdz #1287,,,Standard
8178,4763,4763/8817,2.499e-13,Common,generative,WizNerdz #8178,,,Standard
3848,4764,4764/8817,2.499e-13,Common,generative,WizNerdz #3848,,,Standard
7283,4765,4765/8817,2.5e-13,Common,generative,WizNerdz #7283,,,Standard
4510,4766,4766/8817,2.501e-13,Common,generative,WizNerdz #4510,,,Standard
246,4767,4767/8817,2.505e-13,Common,generative,WizNerdz #246,,,Standard
7883,4768,4768/8817,2.507e-13,Common,generative,WizNerdz #7883,,,Standard
1979,4769,4769/8817,2.508e-13,Common,generative,WizNerdz #1979,,,Standard
5789,4770,4770/8817,2.508e-13,Common,generative,WizNerdz #5789,,,Standard
5382,4771,4771/8817,2.509e-13,Common,generative,WizNerdz #5382,,,Standard
8287,4772,4772/8817,2.511e-13,Common,generative,WizNerdz #8287,,,Standard
1211,4773,4773/8817,2.512e-13,Common,generative,WizNerdz #1211,,,Standard
3831,4774,4774/8817,2.514e-13,Common,generative,WizNerdz #3831,,,Standard
6895,4775,4775/8817,2.514e-13,Common,generative,WizNerdz #6895,,,Standard
3164,4776,4776/8817,2.516e-13,Common,generative,WizNerdz #3164,,,Standard
819,4777,4777/8817,2.519e-13,Common,generative,WizNerdz #819,,,Standard
6253,4778,4778/8817,2.519e-13,Common,generative,WizNerdz #6253,,,Standard
5532,4779,4779/8817,2.52e-13,Common,generative,WizNerdz #5532,,,Standard
5940,4780,4780/8817,2.52e-13,Common,generative,WizNerdz #5940,,,Standard
1839,4781,4781/8817,2.522e-13,Common,generative,WizNerdz #1839,,,Standard
6899,4782,4782/8817,2.522e-13,Common,generative,WizNerdz #6899,,,Standard
5316,4783,4783/8817,2.524e-13,Common,generative,WizNerdz #5316,,,Standard
8571,4784,4784/8817,2.525e-13,Common,generative,WizNerdz #8571,,,Standard
5372,4785,4785/8817,2.526e-13,Common,generative,WizNerdz #5372,,,Standard
5152,4786,4786/8817,2.528e-13,Common,generative,WizNerdz #5152,,,Standard
724,4787,4787/8817,2.528e-13,Common,generative,WizNerdz #724,,,Standard
1092,4788,4788/8817,2.529e-13,Common,generative,WizNerdz #1092,,,Standard
7457,4789,4789/8817,2.532e-13,Common,generative,WizNerdz #7457,,,Standard
3459,4790,4790/8817,2.534e-13,Common,generative,WizNerdz #3459,,,Standard
4699,4791,4791/8817,2.537e-13,Common,generative,WizNerdz #4699,,,Standard
8339,4792,4792/8817,2.539e-13,Common,generative,WizNerdz #8339,,,Standard
151,4793,4793/8817,2.539e-13,Common,generative,WizNerdz #151,,,Standard
3265,4794,4794/8817,2.539e-13,Common,generative,WizNerdz #3265,,,Standard
8882,4795,4795/8817,2.544e-13,Common,generative,WizNerdz #8882,,,Standard
3841,4796,4796/8817,2.547e-13,Common,generative,WizNerdz #3841,,,Standard
5226,4797,4797/8817,2.548e-13,Common,generative,WizNerdz #5226,,,Standard
4205,4798,4798/8817,2.551e-13,Common,generative,WizNerdz #4205,,,Standard
4173,4799,4799/8817,2.554e-13,Common,generative,WizNerdz #4173,,,Standard
8699,4800,4800/8817,2.555e-13,Common,generative,WizNerdz #8699,,,Standard
5134,4801,4801/8817,2.555e-13,Common,generative,WizNerdz #5134,,,Standard
1299,4802,4802/8817,2.56e-13,Common,generative,WizNerdz #1299,,,Standard
6244,4803,4803/8817,2.561e-13,Common,generative,WizNerdz #6244,,,Standard
1918,4804,4804/8817,2.562e-13,Common,generative,WizNerdz #1918,,,Standard
7861,4805,4805/8817,2.565e-13,Common,generative,WizNerdz #7861,,,Standard
1909,4806,4806/8817,2.566e-13,Common,generative,WizNerdz #1909,,,Standard
6665,4807,4807/8817,2.567e-13,Common,generative,WizNerdz #6665,,,Standard
6260,4808,4808/8817,2.572e-13,Common,generative,WizNerdz #6260,,,Standard
1157,4809,4809/8817,2.578e-13,Common,generative,WizNerdz #1157,,,Standard
7170,4810,4810/8817,2.58e-13,Common,generative,WizNerdz #7170,,,Standard
8535,4811,4811/8817,2.582e-13,Common,generative,WizNerdz #8535,,,Standard
5015,4812,4812/8817,2.584e-13,Common,generative,WizNerdz #5015,,,Standard
6527,4813,4813/8817,2.584e-13,Common,generative,WizNerdz #6527,,,Standard
5148,4814,4814/8817,2.584e-13,Common,generative,WizNerdz #5148,,,Standard
6570,4815,4815/8817,2.587e-13,Common,generative,WizNerdz #6570,,,Standard
4118,4816,4816/8817,2.588e-13,Common,generative,WizNerdz #4118,,,Standard
6163,4817,4817/8817,2.59e-13,Common,generative,WizNerdz #6163,,,Standard
5415,4818,4818/8817,2.59e-13,Common,generative,WizNerdz #5415,,,Standard
5974,4819,4819/8817,2.59e-13,Common,generative,WizNerdz #5974,,,Standard
3244,4820,4820/8817,2.592e-13,Common,generative,WizNerdz #3244,,,Standard
2679,4821,4821/8817,2.6e-13,Common,generative,WizNerdz #2679,,,Standard
3697,4822,4822/8817,2.607e-13,Common,generative,WizNerdz #3697,,,Standard
8822,4823,4823/8817,2.609e-13,Common,generative,WizNerdz #8822,,,Standard
2241,4824,4824/8817,2.614e-13,Common,generative,WizNerdz #2241,,,Standard
5865,4825,4825/8817,2.618e-13,Common,generative,WizNerdz #5865,,,Standard
6724,4826,4826/8817,2.619e-13,Common,generative,WizNerdz #6724,,,Standard
2966,4827,4827/8817,2.623e-13,Common,generative,WizNerdz #2966,,,Standard
8274,4828,4828/8817,2.623e-13,Common,generative,WizNerdz #8274,,,Standard
3809,4829,4829/8817,2.63e-13,Common,generative,WizNerdz #3809,,,Standard
520,4830,4830/8817,2.63e-13,Common,generative,WizNerdz #520,,,Standard
5126,4831,4831/8817,2.63e-13,Common,generative,WizNerdz #5126,,,Standard
5029,4832,4832/8817,2.633e-13,Common,generative,WizNerdz #5029,,,Standard
2099,4833,4833/8817,2.634e-13,Common,generative,WizNerdz #2099,,,Standard
1559,4834,4834/8817,2.634e-13,Common,generative,WizNerdz #1559,,,Standard
3250,4835,4835/8817,2.635e-13,Common,generative,WizNerdz #3250,,,Standard
6079,4836,4836/8817,2.636e-13,Common,generative,WizNerdz #6079,,,Standard
2280,4837,4837/8817,2.638e-13,Common,generative,WizNerdz #2280,,,Standard
6544,4838,4838/8817,2.638e-13,Common,generative,WizNerdz #6544,,,Standard
6409,4839,4839/8817,2.639e-13,Common,generative,WizNerdz #6409,,,Standard
5938,4840,4840/8817,2.639e-13,Common,generative,WizNerdz #5938,,,Standard
650,4841,4841/8817,2.642e-13,Common,generative,WizNerdz #650,,,Standard
2186,4842,4842/8817,2.647e-13,Common,generative,WizNerdz #2186,,,Standard
6950,4843,4843/8817,2.647e-13,Common,generative,WizNerdz #6950,,,Standard
4718,4844,4844/8817,2.647e-13,Common,generative,WizNerdz #4718,,,Standard
689,4845,4845/8817,2.649e-13,Common,generative,WizNerdz #689,,,Standard
6364,4846,4846/8817,2.649e-13,Common,generative,WizNerdz #6364,,,Standard
3905,4847,4847/8817,2.65e-13,Common,generative,WizNerdz #3905,,,Standard
2612,4848,4848/8817,2.653e-13,Common,generative,WizNerdz #2612,,,Standard
7815,4849,4849/8817,2.655e-13,Common,generative,WizNerdz #7815,,,Standard
2844,4850,4850/8817,2.656e-13,Common,generative,WizNerdz #2844,,,Standard
2115,4851,4851/8817,2.656e-13,Common,generative,WizNerdz #2115,,,Standard
7390,4852,4852/8817,2.657e-13,Common,generative,WizNerdz #7390,,,Standard
8607,4853,4853/8817,2.66e-13,Common,generative,WizNerdz #8607,,,Standard
8621,4854,4854/8817,2.662e-13,Common,generative,WizNerdz #8621,,,Standard
8313,4855,4855/8817,2.663e-13,Common,generative,WizNerdz #8313,,,Standard
119,4856,4856/8817,2.664e-13,Common,generative,WizNerdz #119,,,Standard
704,4857,4857/8817,2.668e-13,Common,generative,WizNerdz #704,,,Standard
5965,4858,4858/8817,2.671e-13,Common,generative,WizNerdz #5965,,,Standard
8519,4859,4859/8817,2.672e-13,Common,generative,WizNerdz #8519,,,Standard
5941,4860,4860/8817,2.673e-13,Common,generative,WizNerdz #5941,,,Standard
2224,4861,4861/8817,2.673e-13,Common,generative,WizNerdz #2224,,,Standard
28,4862,4862/8817,2.674e-13,Common,generative,WizNerdz #28,,,Standard
1068,4863,4863/8817,2.674e-13,Common,generative,WizNerdz #1068,,,Standard
6065,4864,4864/8817,2.675e-13,Common,generative,WizNerdz #6065,,,Standard
5096,4865,4865/8817,2.676e-13,Common,generative,WizNerdz #5096,,,Standard
4398,4866,4866/8817,2.678e-13,Common,generative,WizNerdz #4398,,,Standard
6289,4867,4867/8817,2.68e-13,Common,generative,WizNerdz #6289,,,Standard
3582,4868,4868/8817,2.68e-13,Common,generative,WizNerdz #3582,,,Standard
7828,4869,4869/8817,2.681e-13,Common,generative,WizNerdz #7828,,,Standard
5524,4870,4870/8817,2.683e-13,Common,generative,WizNerdz #5524,,,Standard
6689,4871,4871/8817,2.683e-13,Common,generative,WizNerdz #6689,,,Standard
3981,4872,4872/8817,2.686e-13,Common,generative,WizNerdz #3981,,,Standard
401,4873,4873/8817,2.687e-13,Common,generative,WizNerdz #401,,,Standard
4770,4874,4874/8817,2.695e-13,Common,generative,WizNerdz #4770,,,Standard
3594,4875,4875/8817,2.697e-13,Common,generative,WizNerdz #3594,,,Standard
6545,4876,4876/8817,2.705e-13,Common,generative,WizNerdz #6545,,,Standard
2958,4877,4877/8817,2.707e-13,Common,generative,WizNerdz #2958,,,Standard
3106,4878,4878/8817,2.713e-13,Common,generative,WizNerdz #3106,,,Standard
1641,4879,4879/8817,2.715e-13,Common,generative,WizNerdz #1641,,,Standard
5918,4880,4880/8817,2.718e-13,Common,generative,WizNerdz #5918,,,Standard
3883,4881,4881/8817,2.719e-13,Common,generative,WizNerdz #3883,,,Standard
6842,4882,4882/8817,2.719e-13,Common,generative,WizNerdz #6842,,,Standard
8716,4883,4883/8817,2.722e-13,Common,generative,WizNerdz #8716,,,Standard
4762,4884,4884/8817,2.73e-13,Common,generative,WizNerdz #4762,,,Standard
3793,4885,4885/8817,2.731e-13,Common,generative,WizNerdz #3793,,,Standard
29,4886,4886/8817,2.734e-13,Common,generative,WizNerdz #29,,,Standard
806,4887,4887/8817,2.736e-13,Common,generative,WizNerdz #806,,,Standard
3926,4888,4888/8817,2.747e-13,Common,generative,WizNerdz #3926,,,Standard
6584,4889,4889/8817,2.749e-13,Common,generative,WizNerdz #6584,,,Standard
8789,4890,4890/8817,2.753e-13,Common,generative,WizNerdz #8789,,,Standard
8235,4891,4891/8817,2.754e-13,Common,generative,WizNerdz #8235,,,Standard
3053,4892,4892/8817,2.755e-13,Common,generative,WizNerdz #3053,,,Standard
6228,4893,4893/8817,2.755e-13,Common,generative,WizNerdz #6228,,,Standard
3125,4894,4894/8817,2.755e-13,Common,generative,WizNerdz #3125,,,Standard
3566,4895,4895/8817,2.757e-13,Common,generative,WizNerdz #3566,,,Standard
5321,4896,4896/8817,2.761e-13,Common,generative,WizNerdz #5321,,,Standard
5763,4897,4897/8817,2.764e-13,Common,generative,WizNerdz #5763,,,Standard
5235,4898,4898/8817,2.764e-13,Common,generative,WizNerdz #5235,,,Standard
5719,4899,4899/8817,2.765e-13,Common,generative,WizNerdz #5719,,,Standard
3847,4900,4900/8817,2.765e-13,Common,generative,WizNerdz #3847,,,Standard
3014,4901,4901/8817,2.768e-13,Common,generative,WizNerdz #3014,,,Standard
4821,4902,4902/8817,2.77e-13,Common,generative,WizNerdz #4821,,,Standard
2532,4903,4903/8817,2.771e-13,Common,generative,WizNerdz #2532,,,Standard
7505,4904,4904/8817,2.771e-13,Common,generative,WizNerdz #7505,,,Standard
3481,4905,4905/8817,2.775e-13,Common,generative,WizNerdz #3481,,,Standard
324,4906,4906/8817,2.775e-13,Common,generative,WizNerdz #324,,,Standard
3089,4907,4907/8817,2.775e-13,Common,generative,WizNerdz #3089,,,Standard
5613,4908,4908/8817,2.776e-13,Common,generative,WizNerdz #5613,,,Standard
2217,4909,4909/8817,2.777e-13,Common,generative,WizNerdz #2217,,,Standard
3548,4910,4910/8817,2.779e-13,Common,generative,WizNerdz #3548,,,Standard
6392,4911,4911/8817,2.779e-13,Common,generative,WizNerdz #6392,,,Standard
4141,4912,4912/8817,2.781e-13,Common,generative,WizNerdz #4141,,,Standard
4221,4913,4913/8817,2.781e-13,Common,generative,WizNerdz #4221,,,Standard
7085,4914,4914/8817,2.782e-13,Common,generative,WizNerdz #7085,,,Standard
3742,4915,4915/8817,2.783e-13,Common,generative,WizNerdz #3742,,,Standard
929,4916,4916/8817,2.786e-13,Common,generative,WizNerdz #929,,,Standard
630,4917,4917/8817,2.789e-13,Common,generative,WizNerdz #630,,,Standard
7138,4918,4918/8817,2.791e-13,Common,generative,WizNerdz #7138,,,Standard
7771,4919,4919/8817,2.792e-13,Common,generative,WizNerdz #7771,,,Standard
8293,4920,4920/8817,2.792e-13,Common,generative,WizNerdz #8293,,,Standard
7133,4921,4921/8817,2.793e-13,Common,generative,WizNerdz #7133,,,Standard
4708,4922,4922/8817,2.794e-13,Common,generative,WizNerdz #4708,,,Standard
5310,4923,4923/8817,2.795e-13,Common,generative,WizNerdz #5310,,,Standard
3129,4924,4924/8817,2.797e-13,Common,generative,WizNerdz #3129,,,Standard
5797,4925,4925/8817,2.801e-13,Common,generative,WizNerdz #5797,,,Standard
7179,4926,4926/8817,2.801e-13,Common,generative,WizNerdz #7179,,,Standard
4038,4927,4927/8817,2.803e-13,Common,generative,WizNerdz #4038,,,Standard
4260,4928,4928/8817,2.806e-13,Common,generative,WizNerdz #4260,,,Standard
1060,4929,4929/8817,2.81e-13,Common,generative,WizNerdz #1060,,,Standard
2025,4930,4930/8817,2.812e-13,Common,generative,WizNerdz #2025,,,Standard
510,4931,4931/8817,2.814e-13,Common,generative,WizNerdz #510,,,Standard
380,4932,4932/8817,2.816e-13,Common,generative,WizNerdz #380,,,Standard
1891,4933,4933/8817,2.816e-13,Common,generative,WizNerdz #1891,,,Standard
6893,4934,4934/8817,2.819e-13,Common,generative,WizNerdz #6893,,,Standard
1278,4935,4935/8817,2.828e-13,Common,generative,WizNerdz #1278,,,Standard
7440,4936,4936/8817,2.829e-13,Common,generative,WizNerdz #7440,,,Standard
6388,4937,4937/8817,2.83e-13,Common,generative,WizNerdz #6388,,,Standard
2970,4938,4938/8817,2.831e-13,Common,generative,WizNerdz #2970,,,Standard
5122,4939,4939/8817,2.835e-13,Common,generative,WizNerdz #5122,,,Standard
5050,4940,4940/8817,2.835e-13,Common,generative,WizNerdz #5050,,,Standard
8443,4941,4941/8817,2.837e-13,Common,generative,WizNerdz #8443,,,Standard
6599,4942,4942/8817,2.838e-13,Common,generative,WizNerdz #6599,,,Standard
3453,4943,4943/8817,2.839e-13,Common,generative,WizNerdz #3453,,,Standard
8103,4944,4944/8817,2.841e-13,Common,generative,WizNerdz #8103,,,Standard
5817,4945,4945/8817,2.843e-13,Common,generative,WizNerdz #5817,,,Standard
7495,4946,4946/8817,2.848e-13,Common,generative,WizNerdz #7495,,,Standard
4832,4947,4947/8817,2.851e-13,Common,generative,WizNerdz #4832,,,Standard
6801,4948,4948/8817,2.857e-13,Common,generative,WizNerdz #6801,,,Standard
267,4949,4949/8817,2.857e-13,Common,generative,WizNerdz #267,,,Standard
1196,4950,4950/8817,2.861e-13,Common,generative,WizNerdz #1196,,,Standard
6059,4951,4951/8817,2.863e-13,Common,generative,WizNerdz #6059,,,Standard
2295,4952,4952/8817,2.863e-13,Common,generative,WizNerdz #2295,,,Standard
3857,4953,4953/8817,2.868e-13,Common,generative,WizNerdz #3857,,,Standard
882,4954,4954/8817,2.871e-13,Common,generative,WizNerdz #882,,,Standard
6546,4955,4955/8817,2.871e-13,Common,generative,WizNerdz #6546,,,Standard
7794,4956,4956/8817,2.873e-13,Common,generative,WizNerdz #7794,,,Standard
8002,4957,4957/8817,2.876e-13,Common,generative,WizNerdz #8002,,,Standard
7377,4958,4958/8817,2.876e-13,Common,generative,WizNerdz #7377,,,Standard
7620,4959,4959/8817,2.878e-13,Common,generative,WizNerdz #7620,,,Standard
2956,4960,4960/8817,2.878e-13,Common,generative,WizNerdz #2956,,,Standard
7879,4961,4961/8817,2.879e-13,Common,generative,WizNerdz #7879,,,Standard
1252,4962,4962/8817,2.886e-13,Common,generative,WizNerdz #1252,,,Standard
706,4963,4963/8817,2.888e-13,Common,generative,WizNerdz #706,,,Standard
8167,4964,4964/8817,2.888e-13,Common,generative,WizNerdz #8167,,,Standard
5766,4965,4965/8817,2.892e-13,Common,generative,WizNerdz #5766,,,Standard
8760,4966,4966/8817,2.896e-13,Common,generative,WizNerdz #8760,,,Standard
6535,4967,4967/8817,2.9e-13,Common,generative,WizNerdz #6535,,,Standard
4661,4968,4968/8817,2.906e-13,Common,generative,WizNerdz #4661,,,Standard
5177,4969,4969/8817,2.906e-13,Common,generative,WizNerdz #5177,,,Standard
6259,4970,4970/8817,2.907e-13,Common,generative,WizNerdz #6259,,,Standard
5718,4971,4971/8817,2.907e-13,Common,generative,WizNerdz #5718,,,Standard
6610,4972,4972/8817,2.911e-13,Common,generative,WizNerdz #6610,,,Standard
3800,4973,4973/8817,2.911e-13,Common,generative,WizNerdz #3800,,,Standard
1852,4974,4974/8817,2.915e-13,Common,generative,WizNerdz #1852,,,Standard
7871,4975,4975/8817,2.919e-13,Common,generative,WizNerdz #7871,,,Standard
4782,4976,4976/8817,2.919e-13,Common,generative,WizNerdz #4782,,,Standard
4761,4977,4977/8817,2.92e-13,Common,generative,WizNerdz #4761,,,Standard
6564,4978,4978/8817,2.92e-13,Common,generative,WizNerdz #6564,,,Standard
7277,4979,4979/8817,2.921e-13,Common,generative,WizNerdz #7277,,,Standard
3086,4980,4980/8817,2.924e-13,Common,generative,WizNerdz #3086,,,Standard
5018,4981,4981/8817,2.925e-13,Common,generative,WizNerdz #5018,,,Standard
5141,4982,4982/8817,2.929e-13,Common,generative,WizNerdz #5141,,,Standard
807,4983,4983/8817,2.931e-13,Common,generative,WizNerdz #807,,,Standard
8560,4984,4984/8817,2.935e-13,Common,generative,WizNerdz #8560,,,Standard
4765,4985,4985/8817,2.937e-13,Common,generative,WizNerdz #4765,,,Standard
2197,4986,4986/8817,2.938e-13,Common,generative,WizNerdz #2197,,,Standard
1316,4987,4987/8817,2.939e-13,Common,generative,WizNerdz #1316,,,Standard
8422,4988,4988/8817,2.94e-13,Common,generative,WizNerdz #8422,,,Standard
1578,4989,4989/8817,2.94e-13,Common,generative,WizNerdz #1578,,,Standard
5354,4990,4990/8817,2.942e-13,Common,generative,WizNerdz #5354,,,Standard
2944,4991,4991/8817,2.943e-13,Common,generative,WizNerdz #2944,,,Standard
3621,4992,4992/8817,2.944e-13,Common,generative,WizNerdz #3621,,,Standard
6447,4993,4993/8817,2.947e-13,Common,generative,WizNerdz #6447,,,Standard
7227,4994,4994/8817,2.948e-13,Common,generative,WizNerdz #7227,,,Standard
3717,4995,4995/8817,2.952e-13,Common,generative,WizNerdz #3717,,,Standard
2291,4996,4996/8817,2.952e-13,Common,generative,WizNerdz #2291,,,Standard
8068,4997,4997/8817,2.952e-13,Common,generative,WizNerdz #8068,,,Standard
4668,4998,4998/8817,2.952e-13,Common,generative,WizNerdz #4668,,,Standard
3091,4999,4999/8817,2.953e-13,Common,generative,WizNerdz #3091,,,Standard
5112,5000,5000/8817,2.954e-13,Common,generative,WizNerdz #5112,,,Standard
6649,5001,5001/8817,2.955e-13,Common,generative,WizNerdz #6649,,,Standard
3436,5002,5002/8817,2.956e-13,Common,generative,WizNerdz #3436,,,Standard
4709,5003,5003/8817,2.957e-13,Common,generative,WizNerdz #4709,,,Standard
4405,5004,5004/8817,2.961e-13,Common,generative,WizNerdz #4405,,,Standard
122,5005,5005/8817,2.962e-13,Common,generative,WizNerdz #122,,,Standard
3782,5006,5006/8817,2.967e-13,Common,generative,WizNerdz #3782,,,Standard
195,5007,5007/8817,2.971e-13,Common,generative,WizNerdz #195,,,Standard
2485,5008,5008/8817,2.975e-13,Common,generative,WizNerdz #2485,,,Standard
563,5009,5009/8817,2.98e-13,Common,generative,WizNerdz #563,,,Standard
5565,5010,5010/8817,2.983e-13,Common,generative,WizNerdz #5565,,,Standard
6508,5011,5011/8817,2.984e-13,Common,generative,WizNerdz #6508,,,Standard
8423,5012,5012/8817,2.984e-13,Common,generative,WizNerdz #8423,,,Standard
6796,5013,5013/8817,2.995e-13,Common,generative,WizNerdz #6796,,,Standard
2176,5014,5014/8817,3e-13,Common,generative,WizNerdz #2176,,,Standard
5249,5015,5015/8817,3e-13,Common,generative,WizNerdz #5249,,,Standard
641,5016,5016/8817,3.004e-13,Common,generative,WizNerdz #641,,,Standard
8344,5017,5017/8817,3.004e-13,Common,generative,WizNerdz #8344,,,Standard
2470,5018,5018/8817,3.006e-13,Common,generative,WizNerdz #2470,,,Standard
2282,5019,5019/8817,3.01e-13,Common,generative,WizNerdz #2282,,,Standard
4569,5020,5020/8817,3.01e-13,Common,generative,WizNerdz #4569,,,Standard
4958,5021,5021/8817,3.011e-13,Common,generative,WizNerdz #4958,,,Standard
4885,5022,5022/8817,3.011e-13,Common,generative,WizNerdz #4885,,,Standard
3544,5023,5023/8817,3.015e-13,Common,generative,WizNerdz #3544,,,Standard
3660,5024,5024/8817,3.017e-13,Common,generative,WizNerdz #3660,,,Standard
3887,5025,5025/8817,3.018e-13,Common,generative,WizNerdz #3887,,,Standard
4324,5026,5026/8817,3.018e-13,Common,generative,WizNerdz #4324,,,Standard
8537,5027,5027/8817,3.018e-13,Common,generative,WizNerdz #8537,,,Standard
8830,5028,5028/8817,3.019e-13,Common,generative,WizNerdz #8830,,,Standard
8259,5029,5029/8817,3.023e-13,Common,generative,WizNerdz #8259,,,Standard
2769,5030,5030/8817,3.023e-13,Common,generative,WizNerdz #2769,,,Standard
3362,5031,5031/8817,3.026e-13,Common,generative,WizNerdz #3362,,,Standard
8497,5032,5032/8817,3.028e-13,Common,generative,WizNerdz #8497,,,Standard
6543,5033,5033/8817,3.028e-13,Common,generative,WizNerdz #6543,,,Standard
7173,5034,5034/8817,3.029e-13,Common,generative,WizNerdz #7173,,,Standard
4705,5035,5035/8817,3.034e-13,Common,generative,WizNerdz #4705,,,Standard
4111,5036,5036/8817,3.035e-13,Common,generative,WizNerdz #4111,,,Standard
5830,5037,5037/8817,3.04e-13,Common,generative,WizNerdz #5830,,,Standard
4064,5038,5038/8817,3.04e-13,Common,generative,WizNerdz #4064,,,Standard
1442,5039,5039/8817,3.041e-13,Common,generative,WizNerdz #1442,,,Standard
7719,5040,5040/8817,3.043e-13,Common,generative,WizNerdz #7719,,,Standard
1373,5041,5041/8817,3.044e-13,Common,generative,WizNerdz #1373,,,Standard
77,5042,5042/8817,3.044e-13,Common,generative,WizNerdz #77,,,Standard
6331,5043,5043/8817,3.045e-13,Common,generative,WizNerdz #6331,,,Standard
4611,5044,5044/8817,3.047e-13,Common,generative,WizNerdz #4611,,,Standard
6532,5045,5045/8817,3.049e-13,Common,generative,WizNerdz #6532,,,Standard
5971,5046,5046/8817,3.05e-13,Common,generative,WizNerdz #5971,,,Standard
6993,5047,5047/8817,3.05e-13,Common,generative,WizNerdz #6993,,,Standard
5217,5048,5048/8817,3.05e-13,Common,generative,WizNerdz #5217,,,Standard
2007,5049,5049/8817,3.051e-13,Common,generative,WizNerdz #2007,,,Standard
7281,5050,5050/8817,3.054e-13,Common,generative,WizNerdz #7281,,,Standard
1817,5051,5051/8817,3.054e-13,Common,generative,WizNerdz #1817,,,Standard
7659,5052,5052/8817,3.055e-13,Common,generative,WizNerdz #7659,,,Standard
8194,5053,5053/8817,3.06e-13,Common,generative,WizNerdz #8194,,,Standard
6501,5054,5054/8817,3.06e-13,Common,generative,WizNerdz #6501,,,Standard
1621,5055,5055/8817,3.064e-13,Common,generative,WizNerdz #1621,,,Standard
4924,5056,5056/8817,3.064e-13,Common,generative,WizNerdz #4924,,,Standard
3833,5057,5057/8817,3.067e-13,Common,generative,WizNerdz #3833,,,Standard
7476,5058,5058/8817,3.067e-13,Common,generative,WizNerdz #7476,,,Standard
4636,5059,5059/8817,3.071e-13,Common,generative,WizNerdz #4636,,,Standard
5538,5060,5060/8817,3.073e-13,Common,generative,WizNerdz #5538,,,Standard
8697,5061,5061/8817,3.074e-13,Common,generative,WizNerdz #8697,,,Standard
7391,5062,5062/8817,3.077e-13,Common,generative,WizNerdz #7391,,,Standard
1159,5063,5063/8817,3.084e-13,Common,generative,WizNerdz #1159,,,Standard
749,5064,5064/8817,3.085e-13,Common,generative,WizNerdz #749,,,Standard
2318,5065,5065/8817,3.086e-13,Common,generative,WizNerdz #2318,,,Standard
2735,5066,5066/8817,3.09e-13,Common,generative,WizNerdz #2735,,,Standard
5815,5067,5067/8817,3.096e-13,Common,generative,WizNerdz #5815,,,Standard
3496,5068,5068/8817,3.097e-13,Common,generative,WizNerdz #3496,,,Standard
609,5069,5069/8817,3.098e-13,Common,generative,WizNerdz #609,,,Standard
5110,5070,5070/8817,3.102e-13,Common,generative,WizNerdz #5110,,,Standard
3820,5071,5071/8817,3.103e-13,Common,generative,WizNerdz #3820,,,Standard
1376,5072,5072/8817,3.104e-13,Common,generative,WizNerdz #1376,,,Standard
7689,5073,5073/8817,3.104e-13,Common,generative,WizNerdz #7689,,,Standard
2042,5074,5074/8817,3.11e-13,Common,generative,WizNerdz #2042,,,Standard
4627,5075,5075/8817,3.112e-13,Common,generative,WizNerdz #4627,,,Standard
7886,5076,5076/8817,3.114e-13,Common,generative,WizNerdz #7886,,,Standard
6133,5077,5077/8817,3.117e-13,Common,generative,WizNerdz #6133,,,Standard
3279,5078,5078/8817,3.118e-13,Common,generative,WizNerdz #3279,,,Standard
3349,5079,5079/8817,3.12e-13,Common,generative,WizNerdz #3349,,,Standard
621,5080,5080/8817,3.121e-13,Common,generative,WizNerdz #621,,,Standard
7187,5081,5081/8817,3.127e-13,Common,generative,WizNerdz #7187,,,Standard
4179,5082,5082/8817,3.129e-13,Common,generative,WizNerdz #4179,,,Standard
3747,5083,5083/8817,3.131e-13,Common,generative,WizNerdz #3747,,,Standard
969,5084,5084/8817,3.131e-13,Common,generative,WizNerdz #969,,,Standard
2853,5085,5085/8817,3.133e-13,Common,generative,WizNerdz #2853,,,Standard
2898,5086,5086/8817,3.134e-13,Common,generative,WizNerdz #2898,,,Standard
8267,5087,5087/8817,3.136e-13,Common,generative,WizNerdz #8267,,,Standard
3650,5088,5088/8817,3.141e-13,Common,generative,WizNerdz #3650,,,Standard
1801,5089,5089/8817,3.145e-13,Common,generative,WizNerdz #1801,,,Standard
1876,5090,5090/8817,3.152e-13,Common,generative,WizNerdz #1876,,,Standard
8077,5091,5091/8817,3.157e-13,Common,generative,WizNerdz #8077,,,Standard
5783,5092,5092/8817,3.159e-13,Common,generative,WizNerdz #5783,,,Standard
8772,5093,5093/8817,3.159e-13,Common,generative,WizNerdz #8772,,,Standard
2995,5094,5094/8817,3.16e-13,Common,generative,WizNerdz #2995,,,Standard
5461,5095,5095/8817,3.161e-13,Common,generative,WizNerdz #5461,,,Standard
166,5096,5096/8817,3.164e-13,Common,generative,WizNerdz #166,,,Standard
2407,5097,5097/8817,3.165e-13,Common,generative,WizNerdz #2407,,,Standard
5417,5098,5098/8817,3.166e-13,Common,generative,WizNerdz #5417,,,Standard
6739,5099,5099/8817,3.167e-13,Common,generative,WizNerdz #6739,,,Standard
8828,5100,5100/8817,3.168e-13,Common,generative,WizNerdz #8828,,,Standard
1798,5101,5101/8817,3.172e-13,Common,generative,WizNerdz #1798,,,Standard
2031,5102,5102/8817,3.174e-13,Common,generative,WizNerdz #2031,,,Standard
5680,5103,5103/8817,3.174e-13,Common,generative,WizNerdz #5680,,,Standard
6684,5104,5104/8817,3.175e-13,Common,generative,WizNerdz #6684,,,Standard
2783,5105,5105/8817,3.179e-13,Common,generative,WizNerdz #2783,,,Standard
3010,5106,5106/8817,3.181e-13,Common,generative,WizNerdz #3010,,,Standard
3415,5107,5107/8817,3.182e-13,Common,generative,WizNerdz #3415,,,Standard
6764,5108,5108/8817,3.185e-13,Common,generative,WizNerdz #6764,,,Standard
6709,5109,5109/8817,3.188e-13,Common,generative,WizNerdz #6709,,,Standard
3579,5110,5110/8817,3.194e-13,Common,generative,WizNerdz #3579,,,Standard
7042,5111,5111/8817,3.199e-13,Common,generative,WizNerdz #7042,,,Standard
6047,5112,5112/8817,3.2e-13,Common,generative,WizNerdz #6047,,,Standard
4137,5113,5113/8817,3.2e-13,Common,generative,WizNerdz #4137,,,Standard
4316,5114,5114/8817,3.201e-13,Common,generative,WizNerdz #4316,,,Standard
1114,5115,5115/8817,3.202e-13,Common,generative,WizNerdz #1114,,,Standard
2745,5116,5116/8817,3.207e-13,Common,generative,WizNerdz #2745,,,Standard
4222,5117,5117/8817,3.208e-13,Common,generative,WizNerdz #4222,,,Standard
1643,5118,5118/8817,3.21e-13,Common,generative,WizNerdz #1643,,,Standard
3057,5119,5119/8817,3.212e-13,Common,generative,WizNerdz #3057,,,Standard
5255,5120,5120/8817,3.214e-13,Common,generative,WizNerdz #5255,,,Standard
6233,5121,5121/8817,3.214e-13,Common,generative,WizNerdz #6233,,,Standard
631,5122,5122/8817,3.216e-13,Common,generative,WizNerdz #631,,,Standard
8072,5123,5123/8817,3.216e-13,Common,generative,WizNerdz #8072,,,Standard
2730,5124,5124/8817,3.217e-13,Common,generative,WizNerdz #2730,,,Standard
8324,5125,5125/8817,3.217e-13,Common,generative,WizNerdz #8324,,,Standard
1079,5126,5126/8817,3.218e-13,Common,generative,WizNerdz #1079,,,Standard
8551,5127,5127/8817,3.219e-13,Common,generative,WizNerdz #8551,,,Standard
3524,5128,5128/8817,3.224e-13,Common,generative,WizNerdz #3524,,,Standard
6144,5129,5129/8817,3.226e-13,Common,generative,WizNerdz #6144,,,Standard
5754,5130,5130/8817,3.226e-13,Common,generative,WizNerdz #5754,,,Standard
1846,5131,5131/8817,3.227e-13,Common,generative,WizNerdz #1846,,,Standard
6984,5132,5132/8817,3.234e-13,Common,generative,WizNerdz #6984,,,Standard
5637,5133,5133/8817,3.237e-13,Common,generative,WizNerdz #5637,,,Standard
2094,5134,5134/8817,3.238e-13,Common,generative,WizNerdz #2094,,,Standard
8333,5135,5135/8817,3.242e-13,Common,generative,WizNerdz #8333,,,Standard
8616,5136,5136/8817,3.246e-13,Common,generative,WizNerdz #8616,,,Standard
8787,5137,5137/8817,3.251e-13,Common,generative,WizNerdz #8787,,,Standard
4833,5138,5138/8817,3.254e-13,Common,generative,WizNerdz #4833,,,Standard
6045,5139,5139/8817,3.255e-13,Common,generative,WizNerdz #6045,,,Standard
5724,5140,5140/8817,3.257e-13,Common,generative,WizNerdz #5724,,,Standard
3564,5141,5141/8817,3.258e-13,Common,generative,WizNerdz #3564,,,Standard
7991,5142,5142/8817,3.261e-13,Common,generative,WizNerdz #7991,,,Standard
4096,5143,5143/8817,3.264e-13,Common,generative,WizNerdz #4096,,,Standard
3825,5144,5144/8817,3.265e-13,Common,generative,WizNerdz #3825,,,Standard
4883,5145,5145/8817,3.265e-13,Common,generative,WizNerdz #4883,,,Standard
3070,5146,5146/8817,3.265e-13,Common,generative,WizNerdz #3070,,,Standard
4861,5147,5147/8817,3.273e-13,Common,generative,WizNerdz #4861,,,Standard
2699,5148,5148/8817,3.277e-13,Common,generative,WizNerdz #2699,,,Standard
7748,5149,5149/8817,3.278e-13,Common,generative,WizNerdz #7748,,,Standard
6143,5150,5150/8817,3.282e-13,Common,generative,WizNerdz #6143,,,Standard
7613,5151,5151/8817,3.287e-13,Common,generative,WizNerdz #7613,,,Standard
8124,5152,5152/8817,3.288e-13,Common,generative,WizNerdz #8124,,,Standard
1743,5153,5153/8817,3.29e-13,Common,generative,WizNerdz #1743,,,Standard
5993,5154,5154/8817,3.29e-13,Common,generative,WizNerdz #5993,,,Standard
5271,5155,5155/8817,3.29e-13,Common,generative,WizNerdz #5271,,,Standard
3344,5156,5156/8817,3.296e-13,Common,generative,WizNerdz #3344,,,Standard
3231,5157,5157/8817,3.299e-13,Common,generative,WizNerdz #3231,,,Standard
3903,5158,5158/8817,3.308e-13,Common,generative,WizNerdz #3903,,,Standard
82,5159,5159/8817,3.309e-13,Common,generative,WizNerdz #82,,,Standard
7857,5160,5160/8817,3.309e-13,Common,generative,WizNerdz #7857,,,Standard
2543,5161,5161/8817,3.31e-13,Common,generative,WizNerdz #2543,,,Standard
5250,5162,5162/8817,3.313e-13,Common,generative,WizNerdz #5250,,,Standard
600,5163,5163/8817,3.314e-13,Common,generative,WizNerdz #600,,,Standard
8439,5164,5164/8817,3.314e-13,Common,generative,WizNerdz #8439,,,Standard
6562,5165,5165/8817,3.315e-13,Common,generative,WizNerdz #6562,,,Standard
1683,5166,5166/8817,3.315e-13,Common,generative,WizNerdz #1683,,,Standard
18,5167,5167/8817,3.315e-13,Common,generative,WizNerdz #18,,,Standard
8588,5168,5168/8817,3.32e-13,Common,generative,WizNerdz #8588,,,Standard
5912,5169,5169/8817,3.322e-13,Common,generative,WizNerdz #5912,,,Standard
5666,5170,5170/8817,3.323e-13,Common,generative,WizNerdz #5666,,,Standard
8108,5171,5171/8817,3.323e-13,Common,generative,WizNerdz #8108,,,Standard
1903,5172,5172/8817,3.324e-13,Common,generative,WizNerdz #1903,,,Standard
3032,5173,5173/8817,3.325e-13,Common,generative,WizNerdz #3032,,,Standard
8350,5174,5174/8817,3.329e-13,Common,generative,WizNerdz #8350,,,Standard
7494,5175,5175/8817,3.333e-13,Common,generative,WizNerdz #7494,,,Standard
131,5176,5176/8817,3.334e-13,Common,generative,WizNerdz #131,,,Standard
6864,5177,5177/8817,3.334e-13,Common,generative,WizNerdz #6864,,,Standard
934,5178,5178/8817,3.335e-13,Common,generative,WizNerdz #934,,,Standard
6572,5179,5179/8817,3.34e-13,Common,generative,WizNerdz #6572,,,Standard
7223,5180,5180/8817,3.347e-13,Common,generative,WizNerdz #7223,,,Standard
237,5181,5181/8817,3.35e-13,Common,generative,WizNerdz #237,,,Standard
6873,5182,5182/8817,3.351e-13,Common,generative,WizNerdz #6873,,,Standard
8721,5183,5183/8817,3.354e-13,Common,generative,WizNerdz #8721,,,Standard
1284,5184,5184/8817,3.355e-13,Common,generative,WizNerdz #1284,,,Standard
2044,5185,5185/8817,3.355e-13,Common,generative,WizNerdz #2044,,,Standard
2581,5186,5186/8817,3.356e-13,Common,generative,WizNerdz #2581,,,Standard
1731,5187,5187/8817,3.36e-13,Common,generative,WizNerdz #1731,,,Standard
4955,5188,5188/8817,3.366e-13,Common,generative,WizNerdz #4955,,,Standard
2405,5189,5189/8817,3.372e-13,Common,generative,WizNerdz #2405,,,Standard
4816,5190,5190/8817,3.372e-13,Common,generative,WizNerdz #4816,,,Standard
5559,5191,5191/8817,3.373e-13,Common,generative,WizNerdz #5559,,,Standard
2273,5192,5192/8817,3.376e-13,Common,generative,WizNerdz #2273,,,Standard
5041,5193,5193/8817,3.378e-13,Common,generative,WizNerdz #5041,,,Standard
6945,5194,5194/8817,3.382e-13,Common,generative,WizNerdz #6945,,,Standard
8503,5195,5195/8817,3.383e-13,Common,generative,WizNerdz #8503,,,Standard
7273,5196,5196/8817,3.383e-13,Common,generative,WizNerdz #7273,,,Standard
8261,5197,5197/8817,3.386e-13,Common,generative,WizNerdz #8261,,,Standard
8628,5198,5198/8817,3.388e-13,Common,generative,WizNerdz #8628,,,Standard
6836,5199,5199/8817,3.392e-13,Common,generative,WizNerdz #6836,,,Standard
7646,5200,5200/8817,3.399e-13,Common,generative,WizNerdz #7646,,,Standard
1403,5201,5201/8817,3.402e-13,Common,generative,WizNerdz #1403,,,Standard
5628,5202,5202/8817,3.403e-13,Common,generative,WizNerdz #5628,,,Standard
6291,5203,5203/8817,3.406e-13,Common,generative,WizNerdz #6291,,,Standard
915,5204,5204/8817,3.407e-13,Common,generative,WizNerdz #915,,,Standard
874,5205,5205/8817,3.409e-13,Common,generative,WizNerdz #874,,,Standard
1053,5206,5206/8817,3.412e-13,Common,generative,WizNerdz #1053,,,Standard
7216,5207,5207/8817,3.413e-13,Common,generative,WizNerdz #7216,,,Standard
4513,5208,5208/8817,3.414e-13,Common,generative,WizNerdz #4513,,,Standard
6738,5209,5209/8817,3.422e-13,Common,generative,WizNerdz #6738,,,Standard
6609,5210,5210/8817,3.423e-13,Common,generative,WizNerdz #6609,,,Standard
5262,5211,5211/8817,3.424e-13,Common,generative,WizNerdz #5262,,,Standard
3549,5212,5212/8817,3.427e-13,Common,generative,WizNerdz #3549,,,Standard
1023,5213,5213/8817,3.43e-13,Common,generative,WizNerdz #1023,,,Standard
7787,5214,5214/8817,3.432e-13,Common,generative,WizNerdz #7787,,,Standard
85,5215,5215/8817,3.433e-13,Common,generative,WizNerdz #85,,,Standard
8536,5216,5216/8817,3.435e-13,Common,generative,WizNerdz #8536,,,Standard
1993,5217,5217/8817,3.436e-13,Common,generative,WizNerdz #1993,,,Standard
5740,5218,5218/8817,3.446e-13,Common,generative,WizNerdz #5740,,,Standard
1667,5219,5219/8817,3.447e-13,Common,generative,WizNerdz #1667,,,Standard
5258,5220,5220/8817,3.447e-13,Common,generative,WizNerdz #5258,,,Standard
8010,5221,5221/8817,3.449e-13,Common,generative,WizNerdz #8010,,,Standard
5253,5222,5222/8817,3.453e-13,Common,generative,WizNerdz #5253,,,Standard
293,5223,5223/8817,3.453e-13,Common,generative,WizNerdz #293,,,Standard
8623,5224,5224/8817,3.453e-13,Common,generative,WizNerdz #8623,,,Standard
5994,5225,5225/8817,3.453e-13,Common,generative,WizNerdz #5994,,,Standard
3457,5226,5226/8817,3.454e-13,Common,generative,WizNerdz #3457,,,Standard
3167,5227,5227/8817,3.454e-13,Common,generative,WizNerdz #3167,,,Standard
8744,5228,5228/8817,3.455e-13,Common,generative,WizNerdz #8744,,,Standard
8553,5229,5229/8817,3.456e-13,Common,generative,WizNerdz #8553,,,Standard
4057,5230,5230/8817,3.46e-13,Common,generative,WizNerdz #4057,,,Standard
4082,5231,5231/8817,3.466e-13,Common,generative,WizNerdz #4082,,,Standard
2450,5232,5232/8817,3.467e-13,Common,generative,WizNerdz #2450,,,Standard
5285,5233,5233/8817,3.468e-13,Common,generative,WizNerdz #5285,,,Standard
4327,5234,5234/8817,3.47e-13,Common,generative,WizNerdz #4327,,,Standard
6150,5235,5235/8817,3.471e-13,Common,generative,WizNerdz #6150,,,Standard
2491,5236,5236/8817,3.473e-13,Common,generative,WizNerdz #2491,,,Standard
3227,5237,5237/8817,3.473e-13,Common,generative,WizNerdz #3227,,,Standard
3001,5238,5238/8817,3.479e-13,Common,generative,WizNerdz #3001,,,Standard
3672,5239,5239/8817,3.48e-13,Common,generative,WizNerdz #3672,,,Standard
54,5240,5240/8817,3.48e-13,Common,generative,WizNerdz #54,,,Standard
4264,5241,5241/8817,3.482e-13,Common,generative,WizNerdz #4264,,,Standard
5,5242,5242/8817,3.485e-13,Common,generative,WizNerdz #5,,,Standard
1645,5243,5243/8817,3.488e-13,Common,generative,WizNerdz #1645,,,Standard
6750,5244,5244/8817,3.49e-13,Common,generative,WizNerdz #6750,,,Standard
618,5245,5245/8817,3.492e-13,Common,generative,WizNerdz #618,,,Standard
3177,5246,5246/8817,3.494e-13,Common,generative,WizNerdz #3177,,,Standard
4143,5247,5247/8817,3.494e-13,Common,generative,WizNerdz #4143,,,Standard
4519,5248,5248/8817,3.496e-13,Common,generative,WizNerdz #4519,,,Standard
5730,5249,5249/8817,3.497e-13,Common,generative,WizNerdz #5730,,,Standard
3499,5250,5250/8817,3.5e-13,Common,generative,WizNerdz #3499,,,Standard
1992,5251,5251/8817,3.504e-13,Common,generative,WizNerdz #1992,,,Standard
1677,5252,5252/8817,3.506e-13,Common,generative,WizNerdz #1677,,,Standard
8377,5253,5253/8817,3.509e-13,Common,generative,WizNerdz #8377,,,Standard
2341,5254,5254/8817,3.509e-13,Common,generative,WizNerdz #2341,,,Standard
7801,5255,5255/8817,3.511e-13,Common,generative,WizNerdz #7801,,,Standard
8833,5256,5256/8817,3.513e-13,Common,generative,WizNerdz #8833,,,Standard
6318,5257,5257/8817,3.514e-13,Common,generative,WizNerdz #6318,,,Standard
3546,5258,5258/8817,3.518e-13,Common,generative,WizNerdz #3546,,,Standard
6908,5259,5259/8817,3.52e-13,Common,generative,WizNerdz #6908,,,Standard
1574,5260,5260/8817,3.526e-13,Common,generative,WizNerdz #1574,,,Standard
2121,5261,5261/8817,3.531e-13,Common,generative,WizNerdz #2121,,,Standard
7455,5262,5262/8817,3.532e-13,Common,generative,WizNerdz #7455,,,Standard
2123,5263,5263/8817,3.535e-13,Common,generative,WizNerdz #2123,,,Standard
216,5264,5264/8817,3.535e-13,Common,generative,WizNerdz #216,,,Standard
7578,5265,5265/8817,3.537e-13,Common,generative,WizNerdz #7578,,,Standard
3398,5266,5266/8817,3.54e-13,Common,generative,WizNerdz #3398,,,Standard
4695,5267,5267/8817,3.543e-13,Common,generative,WizNerdz #4695,,,Standard
3427,5268,5268/8817,3.545e-13,Common,generative,WizNerdz #3427,,,Standard
3166,5269,5269/8817,3.546e-13,Common,generative,WizNerdz #3166,,,Standard
2420,5270,5270/8817,3.546e-13,Common,generative,WizNerdz #2420,,,Standard
7078,5271,5271/8817,3.55e-13,Common,generative,WizNerdz #7078,,,Standard
8140,5272,5272/8817,3.554e-13,Common,generative,WizNerdz #8140,,,Standard
4981,5273,5273/8817,3.559e-13,Common,generative,WizNerdz #4981,,,Standard
295,5274,5274/8817,3.56e-13,Common,generative,WizNerdz #295,,,Standard
5511,5275,5275/8817,3.561e-13,Common,generative,WizNerdz #5511,,,Standard
3924,5276,5276/8817,3.561e-13,Common,generative,WizNerdz #3924,,,Standard
7977,5277,5277/8817,3.563e-13,Common,generative,WizNerdz #7977,,,Standard
869,5278,5278/8817,3.564e-13,Common,generative,WizNerdz #869,,,Standard
691,5279,5279/8817,3.565e-13,Common,generative,WizNerdz #691,,,Standard
2802,5280,5280/8817,3.566e-13,Common,generative,WizNerdz #2802,,,Standard
2596,5281,5281/8817,3.567e-13,Common,generative,WizNerdz #2596,,,Standard
7732,5282,5282/8817,3.567e-13,Common,generative,WizNerdz #7732,,,Standard
5828,5283,5283/8817,3.572e-13,Common,generative,WizNerdz #5828,,,Standard
2036,5284,5284/8817,3.575e-13,Common,generative,WizNerdz #2036,,,Standard
6112,5285,5285/8817,3.582e-13,Common,generative,WizNerdz #6112,,,Standard
3401,5286,5286/8817,3.585e-13,Common,generative,WizNerdz #3401,,,Standard
7321,5287,5287/8817,3.585e-13,Common,generative,WizNerdz #7321,,,Standard
8440,5288,5288/8817,3.586e-13,Common,generative,WizNerdz #8440,,,Standard
4289,5289,5289/8817,3.587e-13,Common,generative,WizNerdz #4289,,,Standard
7632,5290,5290/8817,3.589e-13,Common,generative,WizNerdz #7632,,,Standard
4653,5291,5291/8817,3.589e-13,Common,generative,WizNerdz #4653,,,Standard
2591,5292,5292/8817,3.593e-13,Common,generative,WizNerdz #2591,,,Standard
3211,5293,5293/8817,3.595e-13,Common,generative,WizNerdz #3211,,,Standard
1323,5294,5294/8817,3.596e-13,Common,generative,WizNerdz #1323,,,Standard
1274,5295,5295/8817,3.596e-13,Common,generative,WizNerdz #1274,,,Standard
7822,5296,5296/8817,3.598e-13,Common,generative,WizNerdz #7822,,,Standard
4050,5297,5297/8817,3.604e-13,Common,generative,WizNerdz #4050,,,Standard
3767,5298,5298/8817,3.605e-13,Common,generative,WizNerdz #3767,,,Standard
6928,5299,5299/8817,3.606e-13,Common,generative,WizNerdz #6928,,,Standard
7195,5300,5300/8817,3.608e-13,Common,generative,WizNerdz #7195,,,Standard
2829,5301,5301/8817,3.608e-13,Common,generative,WizNerdz #2829,,,Standard
8783,5302,5302/8817,3.608e-13,Common,generative,WizNerdz #8783,,,Standard
7061,5303,5303/8817,3.609e-13,Common,generative,WizNerdz #7061,,,Standard
8610,5304,5304/8817,3.613e-13,Common,generative,WizNerdz #8610,,,Standard
1435,5305,5305/8817,3.619e-13,Common,generative,WizNerdz #1435,,,Standard
6811,5306,5306/8817,3.621e-13,Common,generative,WizNerdz #6811,,,Standard
1419,5307,5307/8817,3.621e-13,Common,generative,WizNerdz #1419,,,Standard
5178,5308,5308/8817,3.621e-13,Common,generative,WizNerdz #5178,,,Standard
4535,5309,5309/8817,3.622e-13,Common,generative,WizNerdz #4535,,,Standard
459,5310,5310/8817,3.631e-13,Common,generative,WizNerdz #459,,,Standard
3842,5311,5311/8817,3.632e-13,Common,generative,WizNerdz #3842,,,Standard
8015,5312,5312/8817,3.633e-13,Common,generative,WizNerdz #8015,,,Standard
5210,5313,5313/8817,3.633e-13,Common,generative,WizNerdz #5210,,,Standard
5465,5314,5314/8817,3.634e-13,Common,generative,WizNerdz #5465,,,Standard
1665,5315,5315/8817,3.634e-13,Common,generative,WizNerdz #1665,,,Standard
5864,5316,5316/8817,3.635e-13,Common,generative,WizNerdz #5864,,,Standard
3812,5317,5317/8817,3.635e-13,Common,generative,WizNerdz #3812,,,Standard
980,5318,5318/8817,3.636e-13,Common,generative,WizNerdz #980,,,Standard
8593,5319,5319/8817,3.637e-13,Common,generative,WizNerdz #8593,,,Standard
632,5320,5320/8817,3.639e-13,Common,generative,WizNerdz #632,,,Standard
5880,5321,5321/8817,3.639e-13,Common,generative,WizNerdz #5880,,,Standard
5747,5322,5322/8817,3.64e-13,Common,generative,WizNerdz #5747,,,Standard
5760,5323,5323/8817,3.644e-13,Common,generative,WizNerdz #5760,,,Standard
5360,5324,5324/8817,3.647e-13,Common,generative,WizNerdz #5360,,,Standard
221,5325,5325/8817,3.648e-13,Common,generative,WizNerdz #221,,,Standard
2137,5326,5326/8817,3.649e-13,Common,generative,WizNerdz #2137,,,Standard
7772,5327,5327/8817,3.649e-13,Common,generative,WizNerdz #7772,,,Standard
4287,5328,5328/8817,3.653e-13,Common,generative,WizNerdz #4287,,,Standard
8611,5329,5329/8817,3.653e-13,Common,generative,WizNerdz #8611,,,Standard
5103,5330,5330/8817,3.653e-13,Common,generative,WizNerdz #5103,,,Standard
5035,5331,5331/8817,3.655e-13,Common,generative,WizNerdz #5035,,,Standard
3063,5332,5332/8817,3.656e-13,Common,generative,WizNerdz #3063,,,Standard
2016,5333,5333/8817,3.657e-13,Common,generative,WizNerdz #2016,,,Standard
4442,5334,5334/8817,3.66e-13,Common,generative,WizNerdz #4442,,,Standard
8260,5335,5335/8817,3.662e-13,Common,generative,WizNerdz #8260,,,Standard
361,5336,5336/8817,3.664e-13,Common,generative,WizNerdz #361,,,Standard
8494,5337,5337/8817,3.664e-13,Common,generative,WizNerdz #8494,,,Standard
1027,5338,5338/8817,3.666e-13,Common,generative,WizNerdz #1027,,,Standard
1002,5339,5339/8817,3.669e-13,Common,generative,WizNerdz #1002,,,Standard
90,5340,5340/8817,3.67e-13,Common,generative,WizNerdz #90,,,Standard
5120,5341,5341/8817,3.671e-13,Common,generative,WizNerdz #5120,,,Standard
8630,5342,5342/8817,3.672e-13,Common,generative,WizNerdz #8630,,,Standard
58,5343,5343/8817,3.676e-13,Common,generative,WizNerdz #58,,,Standard
829,5344,5344/8817,3.681e-13,Common,generative,WizNerdz #829,,,Standard
820,5345,5345/8817,3.682e-13,Common,generative,WizNerdz #820,,,Standard
3296,5346,5346/8817,3.686e-13,Common,generative,WizNerdz #3296,,,Standard
3197,5347,5347/8817,3.686e-13,Common,generative,WizNerdz #3197,,,Standard
1984,5348,5348/8817,3.69e-13,Common,generative,WizNerdz #1984,,,Standard
6770,5349,5349/8817,3.691e-13,Common,generative,WizNerdz #6770,,,Standard
5389,5350,5350/8817,3.692e-13,Common,generative,WizNerdz #5389,,,Standard
5052,5351,5351/8817,3.694e-13,Common,generative,WizNerdz #5052,,,Standard
2987,5352,5352/8817,3.698e-13,Common,generative,WizNerdz #2987,,,Standard
8613,5353,5353/8817,3.701e-13,Common,generative,WizNerdz #8613,,,Standard
808,5354,5354/8817,3.707e-13,Common,generative,WizNerdz #808,,,Standard
5543,5355,5355/8817,3.707e-13,Common,generative,WizNerdz #5543,,,Standard
7092,5356,5356/8817,3.709e-13,Common,generative,WizNerdz #7092,,,Standard
6249,5357,5357/8817,3.709e-13,Common,generative,WizNerdz #6249,,,Standard
3700,5358,5358/8817,3.712e-13,Common,generative,WizNerdz #3700,,,Standard
1670,5359,5359/8817,3.717e-13,Common,generative,WizNerdz #1670,,,Standard
8507,5360,5360/8817,3.717e-13,Common,generative,WizNerdz #8507,,,Standard
8116,5361,5361/8817,3.718e-13,Common,generative,WizNerdz #8116,,,Standard
2524,5362,5362/8817,3.723e-13,Common,generative,WizNerdz #2524,,,Standard
3668,5363,5363/8817,3.723e-13,Common,generative,WizNerdz #3668,,,Standard
1288,5364,5364/8817,3.723e-13,Common,generative,WizNerdz #1288,,,Standard
4791,5365,5365/8817,3.725e-13,Common,generative,WizNerdz #4791,,,Standard
2808,5366,5366/8817,3.726e-13,Common,generative,WizNerdz #2808,,,Standard
99,5367,5367/8817,3.73e-13,Common,generative,WizNerdz #99,,,Standard
4427,5368,5368/8817,3.748e-13,Common,generative,WizNerdz #4427,,,Standard
5435,5369,5369/8817,3.751e-13,Common,generative,WizNerdz #5435,,,Standard
1579,5370,5370/8817,3.752e-13,Common,generative,WizNerdz #1579,,,Standard
7825,5371,5371/8817,3.752e-13,Common,generative,WizNerdz #7825,,,Standard
3042,5372,5372/8817,3.753e-13,Common,generative,WizNerdz #3042,,,Standard
3261,5373,5373/8817,3.756e-13,Common,generative,WizNerdz #3261,,,Standard
5323,5374,5374/8817,3.756e-13,Common,generative,WizNerdz #5323,,,Standard
7813,5375,5375/8817,3.759e-13,Common,generative,WizNerdz #7813,,,Standard
5728,5376,5376/8817,3.761e-13,Common,generative,WizNerdz #5728,,,Standard
5192,5377,5377/8817,3.762e-13,Common,generative,WizNerdz #5192,,,Standard
230,5378,5378/8817,3.777e-13,Common,generative,WizNerdz #230,,,Standard
3203,5379,5379/8817,3.78e-13,Common,generative,WizNerdz #3203,,,Standard
794,5380,5380/8817,3.788e-13,Common,generative,WizNerdz #794,,,Standard
7009,5381,5381/8817,3.791e-13,Common,generative,WizNerdz #7009,,,Standard
4284,5382,5382/8817,3.792e-13,Common,generative,WizNerdz #4284,,,Standard
2442,5383,5383/8817,3.793e-13,Common,generative,WizNerdz #2442,,,Standard
5697,5384,5384/8817,3.793e-13,Common,generative,WizNerdz #5697,,,Standard
1691,5385,5385/8817,3.794e-13,Common,generative,WizNerdz #1691,,,Standard
6802,5386,5386/8817,3.799e-13,Common,generative,WizNerdz #6802,,,Standard
5528,5387,5387/8817,3.799e-13,Common,generative,WizNerdz #5528,,,Standard
3368,5388,5388/8817,3.8e-13,Common,generative,WizNerdz #3368,,,Standard
1922,5389,5389/8817,3.802e-13,Common,generative,WizNerdz #1922,,,Standard
5658,5390,5390/8817,3.802e-13,Common,generative,WizNerdz #5658,,,Standard
1576,5391,5391/8817,3.806e-13,Common,generative,WizNerdz #1576,,,Standard
6453,5392,5392/8817,3.808e-13,Common,generative,WizNerdz #6453,,,Standard
2918,5393,5393/8817,3.808e-13,Common,generative,WizNerdz #2918,,,Standard
6713,5394,5394/8817,3.811e-13,Common,generative,WizNerdz #6713,,,Standard
6323,5395,5395/8817,3.819e-13,Common,generative,WizNerdz #6323,,,Standard
753,5396,5396/8817,3.821e-13,Common,generative,WizNerdz #753,,,Standard
1056,5397,5397/8817,3.822e-13,Common,generative,WizNerdz #1056,,,Standard
6777,5398,5398/8817,3.824e-13,Common,generative,WizNerdz #6777,,,Standard
622,5399,5399/8817,3.827e-13,Common,generative,WizNerdz #622,,,Standard
6658,5400,5400/8817,3.828e-13,Common,generative,WizNerdz #6658,,,Standard
8202,5401,5401/8817,3.829e-13,Common,generative,WizNerdz #8202,,,Standard
112,5402,5402/8817,3.829e-13,Common,generative,WizNerdz #112,,,Standard
8666,5403,5403/8817,3.83e-13,Common,generative,WizNerdz #8666,,,Standard
7335,5404,5404/8817,3.837e-13,Common,generative,WizNerdz #7335,,,Standard
3319,5405,5405/8817,3.837e-13,Common,generative,WizNerdz #3319,,,Standard
3379,5406,5406/8817,3.838e-13,Common,generative,WizNerdz #3379,,,Standard
4793,5407,5407/8817,3.845e-13,Common,generative,WizNerdz #4793,,,Standard
7795,5408,5408/8817,3.846e-13,Common,generative,WizNerdz #7795,,,Standard
4212,5409,5409/8817,3.851e-13,Common,generative,WizNerdz #4212,,,Standard
4286,5410,5410/8817,3.858e-13,Common,generative,WizNerdz #4286,,,Standard
914,5411,5411/8817,3.858e-13,Common,generative,WizNerdz #914,,,Standard
5986,5412,5412/8817,3.861e-13,Common,generative,WizNerdz #5986,,,Standard
8797,5413,5413/8817,3.863e-13,Common,generative,WizNerdz #8797,,,Standard
2242,5414,5414/8817,3.866e-13,Common,generative,WizNerdz #2242,,,Standard
7055,5415,5415/8817,3.866e-13,Common,generative,WizNerdz #7055,,,Standard
486,5416,5416/8817,3.867e-13,Common,generative,WizNerdz #486,,,Standard
2910,5417,5417/8817,3.869e-13,Common,generative,WizNerdz #2910,,,Standard
1129,5418,5418/8817,3.878e-13,Common,generative,WizNerdz #1129,,,Standard
7928,5419,5419/8817,3.882e-13,Common,generative,WizNerdz #7928,,,Standard
6412,5420,5420/8817,3.885e-13,Common,generative,WizNerdz #6412,,,Standard
897,5421,5421/8817,3.886e-13,Common,generative,WizNerdz #897,,,Standard
1906,5422,5422/8817,3.887e-13,Common,generative,WizNerdz #1906,,,Standard
5873,5423,5423/8817,3.889e-13,Common,generative,WizNerdz #5873,,,Standard
3378,5424,5424/8817,3.89e-13,Common,generative,WizNerdz #3378,,,Standard
4471,5425,5425/8817,3.901e-13,Common,generative,WizNerdz #4471,,,Standard
6196,5426,5426/8817,3.901e-13,Common,generative,WizNerdz #6196,,,Standard
2181,5427,5427/8817,3.901e-13,Common,generative,WizNerdz #2181,,,Standard
4457,5428,5428/8817,3.901e-13,Common,generative,WizNerdz #4457,,,Standard
6437,5429,5429/8817,3.907e-13,Common,generative,WizNerdz #6437,,,Standard
6027,5430,5430/8817,3.907e-13,Common,generative,WizNerdz #6027,,,Standard
7214,5431,5431/8817,3.908e-13,Common,generative,WizNerdz #7214,,,Standard
2261,5432,5432/8817,3.909e-13,Common,generative,WizNerdz #2261,,,Standard
1680,5433,5433/8817,3.917e-13,Common,generative,WizNerdz #1680,,,Standard
8179,5434,5434/8817,3.919e-13,Common,generative,WizNerdz #8179,,,Standard
2505,5435,5435/8817,3.924e-13,Common,generative,WizNerdz #2505,,,Standard
1411,5436,5436/8817,3.925e-13,Common,generative,WizNerdz #1411,,,Standard
2831,5437,5437/8817,3.928e-13,Common,generative,WizNerdz #2831,,,Standard
3304,5438,5438/8817,3.929e-13,Common,generative,WizNerdz #3304,,,Standard
2946,5439,5439/8817,3.93e-13,Common,generative,WizNerdz #2946,,,Standard
474,5440,5440/8817,3.93e-13,Common,generative,WizNerdz #474,,,Standard
4012,5441,5441/8817,3.933e-13,Common,generative,WizNerdz #4012,,,Standard
6296,5442,5442/8817,3.936e-13,Common,generative,WizNerdz #6296,,,Standard
8007,5443,5443/8817,3.945e-13,Common,generative,WizNerdz #8007,,,Standard
5504,5444,5444/8817,3.95e-13,Common,generative,WizNerdz #5504,,,Standard
998,5445,5445/8817,3.953e-13,Common,generative,WizNerdz #998,,,Standard
5060,5446,5446/8817,3.954e-13,Common,generative,WizNerdz #5060,,,Standard
7057,5447,5447/8817,3.957e-13,Common,generative,WizNerdz #7057,,,Standard
862,5448,5448/8817,3.961e-13,Common,generative,WizNerdz #862,,,Standard
4505,5449,5449/8817,3.963e-13,Common,generative,WizNerdz #4505,,,Standard
117,5450,5450/8817,3.964e-13,Common,generative,WizNerdz #117,,,Standard
5114,5451,5451/8817,3.967e-13,Common,generative,WizNerdz #5114,,,Standard
3766,5452,5452/8817,3.968e-13,Common,generative,WizNerdz #3766,,,Standard
2504,5453,5453/8817,3.97e-13,Common,generative,WizNerdz #2504,,,Standard
1041,5454,5454/8817,3.975e-13,Common,generative,WizNerdz #1041,,,Standard
4529,5455,5455/8817,3.977e-13,Common,generative,WizNerdz #4529,,,Standard
6115,5456,5456/8817,3.983e-13,Common,generative,WizNerdz #6115,,,Standard
4281,5457,5457/8817,3.986e-13,Common,generative,WizNerdz #4281,,,Standard
1115,5458,5458/8817,3.989e-13,Common,generative,WizNerdz #1115,,,Standard
8360,5459,5459/8817,3.989e-13,Common,generative,WizNerdz #8360,,,Standard
7059,5460,5460/8817,3.991e-13,Common,generative,WizNerdz #7059,,,Standard
7467,5461,5461/8817,3.992e-13,Common,generative,WizNerdz #7467,,,Standard
8172,5462,5462/8817,3.994e-13,Common,generative,WizNerdz #8172,,,Standard
4532,5463,5463/8817,3.997e-13,Common,generative,WizNerdz #4532,,,Standard
2240,5464,5464/8817,3.997e-13,Common,generative,WizNerdz #2240,,,Standard
5735,5465,5465/8817,4.002e-13,Common,generative,WizNerdz #5735,,,Standard
6582,5466,5466/8817,4.004e-13,Common,generative,WizNerdz #6582,,,Standard
8756,5467,5467/8817,4.004e-13,Common,generative,WizNerdz #8756,,,Standard
3844,5468,5468/8817,4.009e-13,Common,generative,WizNerdz #3844,,,Standard
6255,5469,5469/8817,4.011e-13,Common,generative,WizNerdz #6255,,,Standard
5228,5470,5470/8817,4.013e-13,Common,generative,WizNerdz #5228,,,Standard
539,5471,5471/8817,4.013e-13,Common,generative,WizNerdz #539,,,Standard
2692,5472,5472/8817,4.014e-13,Common,generative,WizNerdz #2692,,,Standard
6051,5473,5473/8817,4.015e-13,Common,generative,WizNerdz #6051,,,Standard
6936,5474,5474/8817,4.016e-13,Common,generative,WizNerdz #6936,,,Standard
1315,5475,5475/8817,4.016e-13,Common,generative,WizNerdz #1315,,,Standard
5137,5476,5476/8817,4.019e-13,Common,generative,WizNerdz #5137,,,Standard
7952,5477,5477/8817,4.02e-13,Common,generative,WizNerdz #7952,,,Standard
8510,5478,5478/8817,4.025e-13,Common,generative,WizNerdz #8510,,,Standard
7332,5479,5479/8817,4.029e-13,Common,generative,WizNerdz #7332,,,Standard
8432,5480,5480/8817,4.03e-13,Common,generative,WizNerdz #8432,,,Standard
4764,5481,5481/8817,4.031e-13,Common,generative,WizNerdz #4764,,,Standard
5127,5482,5482/8817,4.035e-13,Common,generative,WizNerdz #5127,,,Standard
4948,5483,5483/8817,4.038e-13,Common,generative,WizNerdz #4948,,,Standard
6746,5484,5484/8817,4.04e-13,Common,generative,WizNerdz #6746,,,Standard
1856,5485,5485/8817,4.045e-13,Common,generative,WizNerdz #1856,,,Standard
8268,5486,5486/8817,4.048e-13,Common,generative,WizNerdz #8268,,,Standard
6958,5487,5487/8817,4.049e-13,Common,generative,WizNerdz #6958,,,Standard
719,5488,5488/8817,4.051e-13,Common,generative,WizNerdz #719,,,Standard
5694,5489,5489/8817,4.051e-13,Common,generative,WizNerdz #5694,,,Standard
6471,5490,5490/8817,4.054e-13,Common,generative,WizNerdz #6471,,,Standard
4688,5491,5491/8817,4.055e-13,Common,generative,WizNerdz #4688,,,Standard
6446,5492,5492/8817,4.055e-13,Common,generative,WizNerdz #6446,,,Standard
684,5493,5493/8817,4.059e-13,Common,generative,WizNerdz #684,,,Standard
450,5494,5494/8817,4.063e-13,Common,generative,WizNerdz #450,,,Standard
7265,5495,5495/8817,4.074e-13,Common,generative,WizNerdz #7265,,,Standard
8000,5496,5496/8817,4.081e-13,Common,generative,WizNerdz #8000,,,Standard
323,5497,5497/8817,4.082e-13,Common,generative,WizNerdz #323,,,Standard
4176,5498,5498/8817,4.087e-13,Common,generative,WizNerdz #4176,,,Standard
1534,5499,5499/8817,4.087e-13,Common,generative,WizNerdz #1534,,,Standard
3567,5500,5500/8817,4.09e-13,Common,generative,WizNerdz #3567,,,Standard
5414,5501,5501/8817,4.092e-13,Common,generative,WizNerdz #5414,,,Standard
2850,5502,5502/8817,4.096e-13,Common,generative,WizNerdz #2850,,,Standard
3997,5503,5503/8817,4.099e-13,Common,generative,WizNerdz #3997,,,Standard
2422,5504,5504/8817,4.104e-13,Common,generative,WizNerdz #2422,,,Standard
200,5505,5505/8817,4.112e-13,Common,generative,WizNerdz #200,,,Standard
8869,5506,5506/8817,4.113e-13,Common,generative,WizNerdz #8869,,,Standard
1499,5507,5507/8817,4.113e-13,Common,generative,WizNerdz #1499,,,Standard
6130,5508,5508/8817,4.115e-13,Common,generative,WizNerdz #6130,,,Standard
347,5509,5509/8817,4.115e-13,Common,generative,WizNerdz #347,,,Standard
2046,5510,5510/8817,4.116e-13,Common,generative,WizNerdz #2046,,,Standard
3631,5511,5511/8817,4.116e-13,Common,generative,WizNerdz #3631,,,Standard
651,5512,5512/8817,4.119e-13,Common,generative,WizNerdz #651,,,Standard
4238,5513,5513/8817,4.12e-13,Common,generative,WizNerdz #4238,,,Standard
7999,5514,5514/8817,4.122e-13,Common,generative,WizNerdz #7999,,,Standard
5169,5515,5515/8817,4.126e-13,Common,generative,WizNerdz #5169,,,Standard
5822,5516,5516/8817,4.137e-13,Common,generative,WizNerdz #5822,,,Standard
682,5517,5517/8817,4.139e-13,Common,generative,WizNerdz #682,,,Standard
3843,5518,5518/8817,4.144e-13,Common,generative,WizNerdz #3843,,,Standard
6061,5519,5519/8817,4.148e-13,Common,generative,WizNerdz #6061,,,Standard
8048,5520,5520/8817,4.149e-13,Common,generative,WizNerdz #8048,,,Standard
3956,5521,5521/8817,4.151e-13,Common,generative,WizNerdz #3956,,,Standard
6834,5522,5522/8817,4.155e-13,Common,generative,WizNerdz #6834,,,Standard
7089,5523,5523/8817,4.155e-13,Common,generative,WizNerdz #7089,,,Standard
286,5524,5524/8817,4.158e-13,Common,generative,WizNerdz #286,,,Standard
8173,5525,5525/8817,4.164e-13,Common,generative,WizNerdz #8173,,,Standard
5779,5526,5526/8817,4.164e-13,Common,generative,WizNerdz #5779,,,Standard
6988,5527,5527/8817,4.167e-13,Common,generative,WizNerdz #6988,,,Standard
1590,5528,5528/8817,4.168e-13,Common,generative,WizNerdz #1590,,,Standard
1238,5529,5529/8817,4.17e-13,Common,generative,WizNerdz #1238,,,Standard
7571,5530,5530/8817,4.176e-13,Common,generative,WizNerdz #7571,,,Standard
7557,5531,5531/8817,4.177e-13,Common,generative,WizNerdz #7557,,,Standard
3131,5532,5532/8817,4.188e-13,Common,generative,WizNerdz #3131,,,Standard
662,5533,5533/8817,4.188e-13,Common,generative,WizNerdz #662,,,Standard
316,5534,5534/8817,4.192e-13,Common,generative,WizNerdz #316,,,Standard
1702,5535,5535/8817,4.193e-13,Common,generative,WizNerdz #1702,,,Standard
2854,5536,5536/8817,4.195e-13,Common,generative,WizNerdz #2854,,,Standard
7547,5537,5537/8817,4.196e-13,Common,generative,WizNerdz #7547,,,Standard
2866,5538,5538/8817,4.197e-13,Common,generative,WizNerdz #2866,,,Standard
6391,5539,5539/8817,4.199e-13,Common,generative,WizNerdz #6391,,,Standard
3218,5540,5540/8817,4.203e-13,Common,generative,WizNerdz #3218,,,Standard
5214,5541,5541/8817,4.205e-13,Common,generative,WizNerdz #5214,,,Standard
8221,5542,5542/8817,4.206e-13,Common,generative,WizNerdz #8221,,,Standard
4503,5543,5543/8817,4.209e-13,Common,generative,WizNerdz #4503,,,Standard
8765,5544,5544/8817,4.211e-13,Common,generative,WizNerdz #8765,,,Standard
13,5545,5545/8817,4.216e-13,Common,generative,WizNerdz #13,,,Standard
8419,5546,5546/8817,4.218e-13,Common,generative,WizNerdz #8419,,,Standard
2209,5547,5547/8817,4.227e-13,Common,generative,WizNerdz #2209,,,Standard
6683,5548,5548/8817,4.229e-13,Common,generative,WizNerdz #6683,,,Standard
3441,5549,5549/8817,4.229e-13,Common,generative,WizNerdz #3441,,,Standard
7119,5550,5550/8817,4.231e-13,Common,generative,WizNerdz #7119,,,Standard
791,5551,5551/8817,4.231e-13,Common,generative,WizNerdz #791,,,Standard
7982,5552,5552/8817,4.231e-13,Common,generative,WizNerdz #7982,,,Standard
4724,5553,5553/8817,4.231e-13,Common,generative,WizNerdz #4724,,,Standard
8542,5554,5554/8817,4.233e-13,Common,generative,WizNerdz #8542,,,Standard
6626,5555,5555/8817,4.239e-13,Common,generative,WizNerdz #6626,,,Standard
7365,5556,5556/8817,4.239e-13,Common,generative,WizNerdz #7365,,,Standard
5426,5557,5557/8817,4.245e-13,Common,generative,WizNerdz #5426,,,Standard
4091,5558,5558/8817,4.245e-13,Common,generative,WizNerdz #4091,,,Standard
5472,5559,5559/8817,4.246e-13,Common,generative,WizNerdz #5472,,,Standard
5241,5560,5560/8817,4.252e-13,Common,generative,WizNerdz #5241,,,Standard
2823,5561,5561/8817,4.255e-13,Common,generative,WizNerdz #2823,,,Standard
935,5562,5562/8817,4.257e-13,Common,generative,WizNerdz #935,,,Standard
777,5563,5563/8817,4.261e-13,Common,generative,WizNerdz #777,,,Standard
6469,5564,5564/8817,4.261e-13,Common,generative,WizNerdz #6469,,,Standard
7136,5565,5565/8817,4.262e-13,Common,generative,WizNerdz #7136,,,Standard
8258,5566,5566/8817,4.27e-13,Common,generative,WizNerdz #8258,,,Standard
6122,5567,5567/8817,4.279e-13,Common,generative,WizNerdz #6122,,,Standard
6147,5568,5568/8817,4.281e-13,Common,generative,WizNerdz #6147,,,Standard
769,5569,5569/8817,4.285e-13,Common,generative,WizNerdz #769,,,Standard
179,5570,5570/8817,4.287e-13,Common,generative,WizNerdz #179,,,Standard
6960,5571,5571/8817,4.29e-13,Common,generative,WizNerdz #6960,,,Standard
4188,5572,5572/8817,4.291e-13,Common,generative,WizNerdz #4188,,,Standard
3382,5573,5573/8817,4.293e-13,Common,generative,WizNerdz #3382,,,Standard
3293,5574,5574/8817,4.301e-13,Common,generative,WizNerdz #3293,,,Standard
419,5575,5575/8817,4.306e-13,Common,generative,WizNerdz #419,,,Standard
6002,5576,5576/8817,4.306e-13,Common,generative,WizNerdz #6002,,,Standard
3159,5577,5577/8817,4.307e-13,Common,generative,WizNerdz #3159,,,Standard
3076,5578,5578/8817,4.308e-13,Common,generative,WizNerdz #3076,,,Standard
4899,5579,5579/8817,4.31e-13,Common,generative,WizNerdz #4899,,,Standard
3651,5580,5580/8817,4.312e-13,Common,generative,WizNerdz #3651,,,Standard
3709,5581,5581/8817,4.314e-13,Common,generative,WizNerdz #3709,,,Standard
8430,5582,5582/8817,4.322e-13,Common,generative,WizNerdz #8430,,,Standard
5291,5583,5583/8817,4.323e-13,Common,generative,WizNerdz #5291,,,Standard
7498,5584,5584/8817,4.323e-13,Common,generative,WizNerdz #7498,,,Standard
5802,5585,5585/8817,4.324e-13,Common,generative,WizNerdz #5802,,,Standard
3411,5586,5586/8817,4.328e-13,Common,generative,WizNerdz #3411,,,Standard
798,5587,5587/8817,4.328e-13,Common,generative,WizNerdz #798,,,Standard
4187,5588,5588/8817,4.331e-13,Common,generative,WizNerdz #4187,,,Standard
5921,5589,5589/8817,4.332e-13,Common,generative,WizNerdz #5921,,,Standard
3962,5590,5590/8817,4.341e-13,Common,generative,WizNerdz #3962,,,Standard
5910,5591,5591/8817,4.342e-13,Common,generative,WizNerdz #5910,,,Standard
1020,5592,5592/8817,4.347e-13,Common,generative,WizNerdz #1020,,,Standard
5020,5593,5593/8817,4.352e-13,Common,generative,WizNerdz #5020,,,Standard
3337,5594,5594/8817,4.354e-13,Common,generative,WizNerdz #3337,,,Standard
7882,5595,5595/8817,4.355e-13,Common,generative,WizNerdz #7882,,,Standard
1270,5596,5596/8817,4.357e-13,Common,generative,WizNerdz #1270,,,Standard
6482,5597,5597/8817,4.36e-13,Common,generative,WizNerdz #6482,,,Standard
5901,5598,5598/8817,4.363e-13,Common,generative,WizNerdz #5901,,,Standard
8038,5599,5599/8817,4.367e-13,Common,generative,WizNerdz #8038,,,Standard
7239,5600,5600/8817,4.367e-13,Common,generative,WizNerdz #7239,,,Standard
6613,5601,5601/8817,4.372e-13,Common,generative,WizNerdz #6613,,,Standard
4798,5602,5602/8817,4.372e-13,Common,generative,WizNerdz #4798,,,Standard
5054,5603,5603/8817,4.377e-13,Common,generative,WizNerdz #5054,,,Standard
962,5604,5604/8817,4.38e-13,Common,generative,WizNerdz #962,,,Standard
8524,5605,5605/8817,4.381e-13,Common,generative,WizNerdz #8524,,,Standard
5708,5606,5606/8817,4.391e-13,Common,generative,WizNerdz #5708,,,Standard
2348,5607,5607/8817,4.405e-13,Common,generative,WizNerdz #2348,,,Standard
5660,5608,5608/8817,4.41e-13,Common,generative,WizNerdz #5660,,,Standard
1071,5609,5609/8817,4.417e-13,Common,generative,WizNerdz #1071,,,Standard
6608,5610,5610/8817,4.42e-13,Common,generative,WizNerdz #6608,,,Standard
1477,5611,5611/8817,4.432e-13,Common,generative,WizNerdz #1477,,,Standard
3633,5612,5612/8817,4.437e-13,Common,generative,WizNerdz #3633,,,Standard
7029,5613,5613/8817,4.44e-13,Common,generative,WizNerdz #7029,,,Standard
2230,5614,5614/8817,4.44e-13,Common,generative,WizNerdz #2230,,,Standard
2555,5615,5615/8817,4.447e-13,Common,generative,WizNerdz #2555,,,Standard
6871,5616,5616/8817,4.447e-13,Common,generative,WizNerdz #6871,,,Standard
6108,5617,5617/8817,4.45e-13,Common,generative,WizNerdz #6108,,,Standard
5468,5618,5618/8817,4.471e-13,Common,generative,WizNerdz #5468,,,Standard
7927,5619,5619/8817,4.471e-13,Common,generative,WizNerdz #7927,,,Standard
8067,5620,5620/8817,4.477e-13,Common,generative,WizNerdz #8067,,,Standard
3540,5621,5621/8817,4.482e-13,Common,generative,WizNerdz #3540,,,Standard
6883,5622,5622/8817,4.484e-13,Common,generative,WizNerdz #6883,,,Standard
5270,5623,5623/8817,4.484e-13,Common,generative,WizNerdz #5270,,,Standard
5944,5624,5624/8817,4.486e-13,Common,generative,WizNerdz #5944,,,Standard
574,5625,5625/8817,4.487e-13,Common,generative,WizNerdz #574,,,Standard
2090,5626,5626/8817,4.487e-13,Common,generative,WizNerdz #2090,,,Standard
7834,5627,5627/8817,4.496e-13,Common,generative,WizNerdz #7834,,,Standard
6195,5628,5628/8817,4.496e-13,Common,generative,WizNerdz #6195,,,Standard
494,5629,5629/8817,4.496e-13,Common,generative,WizNerdz #494,,,Standard
1290,5630,5630/8817,4.499e-13,Common,generative,WizNerdz #1290,,,Standard
7763,5631,5631/8817,4.501e-13,Common,generative,WizNerdz #7763,,,Standard
6740,5632,5632/8817,4.501e-13,Common,generative,WizNerdz #6740,,,Standard
6653,5633,5633/8817,4.505e-13,Common,generative,WizNerdz #6653,,,Standard
6368,5634,5634/8817,4.508e-13,Common,generative,WizNerdz #6368,,,Standard
1779,5635,5635/8817,4.513e-13,Common,generative,WizNerdz #1779,,,Standard
6643,5636,5636/8817,4.514e-13,Common,generative,WizNerdz #6643,,,Standard
3537,5637,5637/8817,4.518e-13,Common,generative,WizNerdz #3537,,,Standard
8386,5638,5638/8817,4.519e-13,Common,generative,WizNerdz #8386,,,Standard
6557,5639,5639/8817,4.519e-13,Common,generative,WizNerdz #6557,,,Standard
989,5640,5640/8817,4.525e-13,Common,generative,WizNerdz #989,,,Standard
3737,5641,5641/8817,4.528e-13,Common,generative,WizNerdz #3737,,,Standard
3936,5642,5642/8817,4.529e-13,Common,generative,WizNerdz #3936,,,Standard
1117,5643,5643/8817,4.53e-13,Common,generative,WizNerdz #1117,,,Standard
5772,5644,5644/8817,4.532e-13,Common,generative,WizNerdz #5772,,,Standard
4756,5645,5645/8817,4.544e-13,Common,generative,WizNerdz #4756,,,Standard
7153,5646,5646/8817,4.546e-13,Common,generative,WizNerdz #7153,,,Standard
305,5647,5647/8817,4.549e-13,Common,generative,WizNerdz #305,,,Standard
816,5648,5648/8817,4.551e-13,Common,generative,WizNerdz #816,,,Standard
4984,5649,5649/8817,4.554e-13,Common,generative,WizNerdz #4984,,,Standard
7684,5650,5650/8817,4.555e-13,Common,generative,WizNerdz #7684,,,Standard
6356,5651,5651/8817,4.557e-13,Common,generative,WizNerdz #6356,,,Standard
553,5652,5652/8817,4.558e-13,Common,generative,WizNerdz #553,,,Standard
6136,5653,5653/8817,4.562e-13,Common,generative,WizNerdz #6136,,,Standard
4615,5654,5654/8817,4.564e-13,Common,generative,WizNerdz #4615,,,Standard
1265,5655,5655/8817,4.564e-13,Common,generative,WizNerdz #1265,,,Standard
4086,5656,5656/8817,4.565e-13,Common,generative,WizNerdz #4086,,,Standard
8641,5657,5657/8817,4.566e-13,Common,generative,WizNerdz #8641,,,Standard
8689,5658,5658/8817,4.569e-13,Common,generative,WizNerdz #8689,,,Standard
1530,5659,5659/8817,4.577e-13,Common,generative,WizNerdz #1530,,,Standard
8395,5660,5660/8817,4.585e-13,Common,generative,WizNerdz #8395,,,Standard
4667,5661,5661/8817,4.599e-13,Common,generative,WizNerdz #4667,,,Standard
1469,5662,5662/8817,4.6e-13,Common,generative,WizNerdz #1469,,,Standard
1341,5663,5663/8817,4.601e-13,Common,generative,WizNerdz #1341,,,Standard
6298,5664,5664/8817,4.602e-13,Common,generative,WizNerdz #6298,,,Standard
7305,5665,5665/8817,4.603e-13,Common,generative,WizNerdz #7305,,,Standard
762,5666,5666/8817,4.613e-13,Common,generative,WizNerdz #762,,,Standard
7506,5667,5667/8817,4.618e-13,Common,generative,WizNerdz #7506,,,Standard
5721,5668,5668/8817,4.621e-13,Common,generative,WizNerdz #5721,,,Standard
5973,5669,5669/8817,4.623e-13,Common,generative,WizNerdz #5973,,,Standard
3447,5670,5670/8817,4.623e-13,Common,generative,WizNerdz #3447,,,Standard
5626,5671,5671/8817,4.632e-13,Common,generative,WizNerdz #5626,,,Standard
975,5672,5672/8817,4.634e-13,Common,generative,WizNerdz #975,,,Standard
2300,5673,5673/8817,4.641e-13,Common,generative,WizNerdz #2300,,,Standard
4380,5674,5674/8817,4.642e-13,Common,generative,WizNerdz #4380,,,Standard
5190,5675,5675/8817,4.643e-13,Common,generative,WizNerdz #5190,,,Standard
5687,5676,5676/8817,4.646e-13,Common,generative,WizNerdz #5687,,,Standard
2753,5677,5677/8817,4.647e-13,Common,generative,WizNerdz #2753,,,Standard
8854,5678,5678/8817,4.647e-13,Common,generative,WizNerdz #8854,,,Standard
960,5679,5679/8817,4.652e-13,Common,generative,WizNerdz #960,,,Standard
8201,5680,5680/8817,4.659e-13,Common,generative,WizNerdz #8201,,,Standard
2032,5681,5681/8817,4.659e-13,Common,generative,WizNerdz #2032,,,Standard
6284,5682,5682/8817,4.666e-13,Common,generative,WizNerdz #6284,,,Standard
3308,5683,5683/8817,4.667e-13,Common,generative,WizNerdz #3308,,,Standard
1797,5684,5684/8817,4.669e-13,Common,generative,WizNerdz #1797,,,Standard
7504,5685,5685/8817,4.675e-13,Common,generative,WizNerdz #7504,,,Standard
7036,5686,5686/8817,4.678e-13,Common,generative,WizNerdz #7036,,,Standard
4812,5687,5687/8817,4.68e-13,Common,generative,WizNerdz #4812,,,Standard
1827,5688,5688/8817,4.682e-13,Common,generative,WizNerdz #1827,,,Standard
3886,5689,5689/8817,4.691e-13,Common,generative,WizNerdz #3886,,,Standard
6747,5690,5690/8817,4.697e-13,Common,generative,WizNerdz #6747,,,Standard
6333,5691,5691/8817,4.7e-13,Common,generative,WizNerdz #6333,,,Standard
5482,5692,5692/8817,4.701e-13,Common,generative,WizNerdz #5482,,,Standard
2469,5693,5693/8817,4.701e-13,Common,generative,WizNerdz #2469,,,Standard
196,5694,5694/8817,4.706e-13,Common,generative,WizNerdz #196,,,Standard
8749,5695,5695/8817,4.714e-13,Common,generative,WizNerdz #8749,,,Standard
1329,5696,5696/8817,4.717e-13,Common,generative,WizNerdz #1329,,,Standard
1451,5697,5697/8817,4.717e-13,Common,generative,WizNerdz #1451,,,Standard
2076,5698,5698/8817,4.721e-13,Common,generative,WizNerdz #2076,,,Standard
1893,5699,5699/8817,4.725e-13,Common,generative,WizNerdz #1893,,,Standard
7997,5700,5700/8817,4.729e-13,Common,generative,WizNerdz #7997,,,Standard
5346,5701,5701/8817,4.731e-13,Common,generative,WizNerdz #5346,,,Standard
4862,5702,5702/8817,4.732e-13,Common,generative,WizNerdz #4862,,,Standard
8596,5703,5703/8817,4.732e-13,Common,generative,WizNerdz #8596,,,Standard
754,5704,5704/8817,4.739e-13,Common,generative,WizNerdz #754,,,Standard
3016,5705,5705/8817,4.749e-13,Common,generative,WizNerdz #3016,,,Standard
6394,5706,5706/8817,4.752e-13,Common,generative,WizNerdz #6394,,,Standard
4432,5707,5707/8817,4.755e-13,Common,generative,WizNerdz #4432,,,Standard
2256,5708,5708/8817,4.756e-13,Common,generative,WizNerdz #2256,,,Standard
1709,5709,5709/8817,4.757e-13,Common,generative,WizNerdz #1709,,,Standard
2255,5710,5710/8817,4.759e-13,Common,generative,WizNerdz #2255,,,Standard
2127,5711,5711/8817,4.76e-13,Common,generative,WizNerdz #2127,,,Standard
229,5712,5712/8817,4.761e-13,Common,generative,WizNerdz #229,,,Standard
7428,5713,5713/8817,4.762e-13,Common,generative,WizNerdz #7428,,,Standard
2060,5714,5714/8817,4.774e-13,Common,generative,WizNerdz #2060,,,Standard
7152,5715,5715/8817,4.787e-13,Common,generative,WizNerdz #7152,,,Standard
4747,5716,5716/8817,4.787e-13,Common,generative,WizNerdz #4747,,,Standard
4355,5717,5717/8817,4.795e-13,Common,generative,WizNerdz #4355,,,Standard
7048,5718,5718/8817,4.795e-13,Common,generative,WizNerdz #7048,,,Standard
4703,5719,5719/8817,4.796e-13,Common,generative,WizNerdz #4703,,,Standard
3256,5720,5720/8817,4.799e-13,Common,generative,WizNerdz #3256,,,Standard
7194,5721,5721/8817,4.799e-13,Common,generative,WizNerdz #7194,,,Standard
3998,5722,5722/8817,4.799e-13,Common,generative,WizNerdz #3998,,,Standard
5770,5723,5723/8817,4.802e-13,Common,generative,WizNerdz #5770,,,Standard
3187,5724,5724/8817,4.807e-13,Common,generative,WizNerdz #3187,,,Standard
7451,5725,5725/8817,4.809e-13,Common,generative,WizNerdz #7451,,,Standard
2268,5726,5726/8817,4.81e-13,Common,generative,WizNerdz #2268,,,Standard
3281,5727,5727/8817,4.811e-13,Common,generative,WizNerdz #3281,,,Standard
741,5728,5728/8817,4.812e-13,Common,generative,WizNerdz #741,,,Standard
1978,5729,5729/8817,4.821e-13,Common,generative,WizNerdz #1978,,,Standard
2116,5730,5730/8817,4.823e-13,Common,generative,WizNerdz #2116,,,Standard
810,5731,5731/8817,4.824e-13,Common,generative,WizNerdz #810,,,Standard
7650,5732,5732/8817,4.826e-13,Common,generative,WizNerdz #7650,,,Standard
5700,5733,5733/8817,4.826e-13,Common,generative,WizNerdz #5700,,,Standard
4940,5734,5734/8817,4.828e-13,Common,generative,WizNerdz #4940,,,Standard
4722,5735,5735/8817,4.828e-13,Common,generative,WizNerdz #4722,,,Standard
6034,5736,5736/8817,4.828e-13,Common,generative,WizNerdz #6034,,,Standard
3216,5737,5737/8817,4.831e-13,Common,generative,WizNerdz #3216,,,Standard
6679,5738,5738/8817,4.832e-13,Common,generative,WizNerdz #6679,,,Standard
846,5739,5739/8817,4.836e-13,Common,generative,WizNerdz #846,,,Standard
6677,5740,5740/8817,4.846e-13,Common,generative,WizNerdz #6677,,,Standard
434,5741,5741/8817,4.857e-13,Common,generative,WizNerdz #434,,,Standard
3422,5742,5742/8817,4.857e-13,Common,generative,WizNerdz #3422,,,Standard
6305,5743,5743/8817,4.861e-13,Common,generative,WizNerdz #6305,,,Standard
696,5744,5744/8817,4.871e-13,Common,generative,WizNerdz #696,,,Standard
269,5745,5745/8817,4.882e-13,Common,generative,WizNerdz #269,,,Standard
6458,5746,5746/8817,4.891e-13,Common,generative,WizNerdz #6458,,,Standard
1990,5747,5747/8817,4.896e-13,Common,generative,WizNerdz #1990,,,Standard
3388,5748,5748/8817,4.896e-13,Common,generative,WizNerdz #3388,,,Standard
3229,5749,5749/8817,4.897e-13,Common,generative,WizNerdz #3229,,,Standard
2742,5750,5750/8817,4.898e-13,Common,generative,WizNerdz #2742,,,Standard
5780,5751,5751/8817,4.909e-13,Common,generative,WizNerdz #5780,,,Standard
6491,5752,5752/8817,4.911e-13,Common,generative,WizNerdz #6491,,,Standard
3915,5753,5753/8817,4.913e-13,Common,generative,WizNerdz #3915,,,Standard
1453,5754,5754/8817,4.913e-13,Common,generative,WizNerdz #1453,,,Standard
386,5755,5755/8817,4.914e-13,Common,generative,WizNerdz #386,,,Standard
7313,5756,5756/8817,4.918e-13,Common,generative,WizNerdz #7313,,,Standard
4055,5757,5757/8817,4.926e-13,Common,generative,WizNerdz #4055,,,Standard
5098,5758,5758/8817,4.929e-13,Common,generative,WizNerdz #5098,,,Standard
3088,5759,5759/8817,4.932e-13,Common,generative,WizNerdz #3088,,,Standard
1746,5760,5760/8817,4.934e-13,Common,generative,WizNerdz #1746,,,Standard
4822,5761,5761/8817,4.941e-13,Common,generative,WizNerdz #4822,,,Standard
7314,5762,5762/8817,4.942e-13,Common,generative,WizNerdz #7314,,,Standard
1620,5763,5763/8817,4.951e-13,Common,generative,WizNerdz #1620,,,Standard
5761,5764,5764/8817,4.954e-13,Common,generative,WizNerdz #5761,,,Standard
1230,5765,5765/8817,4.956e-13,Common,generative,WizNerdz #1230,,,Standard
2814,5766,5766/8817,4.959e-13,Common,generative,WizNerdz #2814,,,Standard
7891,5767,5767/8817,4.959e-13,Common,generative,WizNerdz #7891,,,Standard
658,5768,5768/8817,4.96e-13,Common,generative,WizNerdz #658,,,Standard
5790,5769,5769/8817,4.97e-13,Common,generative,WizNerdz #5790,,,Standard
2600,5770,5770/8817,4.971e-13,Common,generative,WizNerdz #2600,,,Standard
3450,5771,5771/8817,4.971e-13,Common,generative,WizNerdz #3450,,,Standard
3023,5772,5772/8817,4.977e-13,Common,generative,WizNerdz #3023,,,Standard
8738,5773,5773/8817,4.981e-13,Common,generative,WizNerdz #8738,,,Standard
2344,5774,5774/8817,4.982e-13,Common,generative,WizNerdz #2344,,,Standard
858,5775,5775/8817,4.982e-13,Common,generative,WizNerdz #858,,,Standard
2462,5776,5776/8817,4.984e-13,Common,generative,WizNerdz #2462,,,Standard
5196,5777,5777/8817,4.987e-13,Common,generative,WizNerdz #5196,,,Standard
731,5778,5778/8817,4.988e-13,Common,generative,WizNerdz #731,,,Standard
3522,5779,5779/8817,4.99e-13,Common,generative,WizNerdz #3522,,,Standard
7474,5780,5780/8817,4.991e-13,Common,generative,WizNerdz #7474,,,Standard
3994,5781,5781/8817,4.996e-13,Common,generative,WizNerdz #3994,,,Standard
1345,5782,5782/8817,4.998e-13,Common,generative,WizNerdz #1345,,,Standard
97,5783,5783/8817,4.999e-13,Common,generative,WizNerdz #97,,,Standard
5445,5784,5784/8817,4.999e-13,Common,generative,WizNerdz #5445,,,Standard
241,5785,5785/8817,5e-13,Common,generative,WizNerdz #241,,,Standard
5485,5786,5786/8817,5.002e-13,Common,generative,WizNerdz #5485,,,Standard
1255,5787,5787/8817,5.002e-13,Common,generative,WizNerdz #1255,,,Standard
888,5788,5788/8817,5.003e-13,Common,generative,WizNerdz #888,,,Standard
3510,5789,5789/8817,5.004e-13,Common,generative,WizNerdz #3510,,,Standard
6628,5790,5790/8817,5.005e-13,Common,generative,WizNerdz #6628,,,Standard
6495,5791,5791/8817,5.006e-13,Common,generative,WizNerdz #6495,,,Standard
6209,5792,5792/8817,5.006e-13,Common,generative,WizNerdz #6209,,,Standard
2768,5793,5793/8817,5.007e-13,Common,generative,WizNerdz #2768,,,Standard
3012,5794,5794/8817,5.007e-13,Common,generative,WizNerdz #3012,,,Standard
4937,5795,5795/8817,5.01e-13,Common,generative,WizNerdz #4937,,,Standard
7304,5796,5796/8817,5.012e-13,Common,generative,WizNerdz #7304,,,Standard
5759,5797,5797/8817,5.02e-13,Common,generative,WizNerdz #5759,,,Standard
7934,5798,5798/8817,5.022e-13,Common,generative,WizNerdz #7934,,,Standard
5701,5799,5799/8817,5.025e-13,Common,generative,WizNerdz #5701,,,Standard
103,5800,5800/8817,5.033e-13,Common,generative,WizNerdz #103,,,Standard
5713,5801,5801/8817,5.035e-13,Common,generative,WizNerdz #5713,,,Standard
7114,5802,5802/8817,5.043e-13,Common,generative,WizNerdz #7114,,,Standard
6551,5803,5803/8817,5.045e-13,Common,generative,WizNerdz #6551,,,Standard
7412,5804,5804/8817,5.051e-13,Common,generative,WizNerdz #7412,,,Standard
7287,5805,5805/8817,5.053e-13,Common,generative,WizNerdz #7287,,,Standard
8132,5806,5806/8817,5.056e-13,Common,generative,WizNerdz #8132,,,Standard
4820,5807,5807/8817,5.057e-13,Common,generative,WizNerdz #4820,,,Standard
1889,5808,5808/8817,5.057e-13,Common,generative,WizNerdz #1889,,,Standard
6300,5809,5809/8817,5.059e-13,Common,generative,WizNerdz #6300,,,Standard
5887,5810,5810/8817,5.066e-13,Common,generative,WizNerdz #5887,,,Standard
5007,5811,5811/8817,5.066e-13,Common,generative,WizNerdz #5007,,,Standard
171,5812,5812/8817,5.067e-13,Common,generative,WizNerdz #171,,,Standard
5742,5813,5813/8817,5.075e-13,Common,generative,WizNerdz #5742,,,Standard
4155,5814,5814/8817,5.08e-13,Common,generative,WizNerdz #4155,,,Standard
6663,5815,5815/8817,5.082e-13,Common,generative,WizNerdz #6663,,,Standard
5448,5816,5816/8817,5.083e-13,Common,generative,WizNerdz #5448,,,Standard
6174,5817,5817/8817,5.087e-13,Common,generative,WizNerdz #6174,,,Standard
7079,5818,5818/8817,5.09e-13,Common,generative,WizNerdz #7079,,,Standard
8071,5819,5819/8817,5.093e-13,Common,generative,WizNerdz #8071,,,Standard
5151,5820,5820/8817,5.093e-13,Common,generative,WizNerdz #5151,,,Standard
6504,5821,5821/8817,5.096e-13,Common,generative,WizNerdz #6504,,,Standard
3560,5822,5822/8817,5.099e-13,Common,generative,WizNerdz #3560,,,Standard
6380,5823,5823/8817,5.101e-13,Common,generative,WizNerdz #6380,,,Standard
2029,5824,5824/8817,5.102e-13,Common,generative,WizNerdz #2029,,,Standard
5401,5825,5825/8817,5.103e-13,Common,generative,WizNerdz #5401,,,Standard
4435,5826,5826/8817,5.111e-13,Common,generative,WizNerdz #4435,,,Standard
2342,5827,5827/8817,5.114e-13,Common,generative,WizNerdz #2342,,,Standard
3971,5828,5828/8817,5.12e-13,Common,generative,WizNerdz #3971,,,Standard
1459,5829,5829/8817,5.12e-13,Common,generative,WizNerdz #1459,,,Standard
2213,5830,5830/8817,5.122e-13,Common,generative,WizNerdz #2213,,,Standard
2277,5831,5831/8817,5.127e-13,Common,generative,WizNerdz #2277,,,Standard
4148,5832,5832/8817,5.127e-13,Common,generative,WizNerdz #4148,,,Standard
5263,5833,5833/8817,5.133e-13,Common,generative,WizNerdz #5263,,,Standard
4030,5834,5834/8817,5.133e-13,Common,generative,WizNerdz #4030,,,Standard
5798,5835,5835/8817,5.135e-13,Common,generative,WizNerdz #5798,,,Standard
7675,5836,5836/8817,5.139e-13,Common,generative,WizNerdz #7675,,,Standard
2072,5837,5837/8817,5.141e-13,Common,generative,WizNerdz #2072,,,Standard
296,5838,5838/8817,5.143e-13,Common,generative,WizNerdz #296,,,Standard
2252,5839,5839/8817,5.144e-13,Common,generative,WizNerdz #2252,,,Standard
1730,5840,5840/8817,5.149e-13,Common,generative,WizNerdz #1730,,,Standard
2182,5841,5841/8817,5.149e-13,Common,generative,WizNerdz #2182,,,Standard
2536,5842,5842/8817,5.15e-13,Common,generative,WizNerdz #2536,,,Standard
6359,5843,5843/8817,5.15e-13,Common,generative,WizNerdz #6359,,,Standard
181,5844,5844/8817,5.151e-13,Common,generative,WizNerdz #181,,,Standard
7619,5845,5845/8817,5.155e-13,Common,generative,WizNerdz #7619,,,Standard
8117,5846,5846/8817,5.155e-13,Common,generative,WizNerdz #8117,,,Standard
2492,5847,5847/8817,5.157e-13,Common,generative,WizNerdz #2492,,,Standard
8391,5848,5848/8817,5.157e-13,Common,generative,WizNerdz #8391,,,Standard
1402,5849,5849/8817,5.157e-13,Common,generative,WizNerdz #1402,,,Standard
3794,5850,5850/8817,5.157e-13,Common,generative,WizNerdz #3794,,,Standard
7312,5851,5851/8817,5.158e-13,Common,generative,WizNerdz #7312,,,Standard
7472,5852,5852/8817,5.161e-13,Common,generative,WizNerdz #7472,,,Standard
8329,5853,5853/8817,5.163e-13,Common,generative,WizNerdz #8329,,,Standard
7058,5854,5854/8817,5.176e-13,Common,generative,WizNerdz #7058,,,Standard
2784,5855,5855/8817,5.177e-13,Common,generative,WizNerdz #2784,,,Standard
4727,5856,5856/8817,5.181e-13,Common,generative,WizNerdz #4727,,,Standard
2135,5857,5857/8817,5.188e-13,Common,generative,WizNerdz #2135,,,Standard
2748,5858,5858/8817,5.192e-13,Common,generative,WizNerdz #2748,,,Standard
2795,5859,5859/8817,5.202e-13,Common,generative,WizNerdz #2795,,,Standard
6383,5860,5860/8817,5.202e-13,Common,generative,WizNerdz #6383,,,Standard
4693,5861,5861/8817,5.208e-13,Common,generative,WizNerdz #4693,,,Standard
617,5862,5862/8817,5.208e-13,Common,generative,WizNerdz #617,,,Standard
3583,5863,5863/8817,5.213e-13,Common,generative,WizNerdz #3583,,,Standard
6030,5864,5864/8817,5.214e-13,Common,generative,WizNerdz #6030,,,Standard
4034,5865,5865/8817,5.217e-13,Common,generative,WizNerdz #4034,,,Standard
8802,5866,5866/8817,5.22e-13,Common,generative,WizNerdz #8802,,,Standard
3174,5867,5867/8817,5.223e-13,Common,generative,WizNerdz #3174,,,Standard
2335,5868,5868/8817,5.225e-13,Common,generative,WizNerdz #2335,,,Standard
2460,5869,5869/8817,5.227e-13,Common,generative,WizNerdz #2460,,,Standard
5330,5870,5870/8817,5.229e-13,Common,generative,WizNerdz #5330,,,Standard
4090,5871,5871/8817,5.229e-13,Common,generative,WizNerdz #4090,,,Standard
4719,5872,5872/8817,5.23e-13,Common,generative,WizNerdz #4719,,,Standard
4228,5873,5873/8817,5.235e-13,Common,generative,WizNerdz #4228,,,Standard
6342,5874,5874/8817,5.239e-13,Common,generative,WizNerdz #6342,,,Standard
3389,5875,5875/8817,5.244e-13,Common,generative,WizNerdz #3389,,,Standard
1052,5876,5876/8817,5.246e-13,Common,generative,WizNerdz #1052,,,Standard
8145,5877,5877/8817,5.248e-13,Common,generative,WizNerdz #8145,,,Standard
8355,5878,5878/8817,5.25e-13,Common,generative,WizNerdz #8355,,,Standard
5427,5879,5879/8817,5.252e-13,Common,generative,WizNerdz #5427,,,Standard
5288,5880,5880/8817,5.254e-13,Common,generative,WizNerdz #5288,,,Standard
2040,5881,5881/8817,5.256e-13,Common,generative,WizNerdz #2040,,,Standard
7109,5882,5882/8817,5.26e-13,Common,generative,WizNerdz #7109,,,Standard
1137,5883,5883/8817,5.263e-13,Common,generative,WizNerdz #1137,,,Standard
8546,5884,5884/8817,5.264e-13,Common,generative,WizNerdz #8546,,,Standard
438,5885,5885/8817,5.267e-13,Common,generative,WizNerdz #438,,,Standard
743,5886,5886/8817,5.269e-13,Common,generative,WizNerdz #743,,,Standard
8249,5887,5887/8817,5.28e-13,Common,generative,WizNerdz #8249,,,Standard
4920,5888,5888/8817,5.286e-13,Common,generative,WizNerdz #4920,,,Standard
7297,5889,5889/8817,5.288e-13,Common,generative,WizNerdz #7297,,,Standard
2477,5890,5890/8817,5.289e-13,Common,generative,WizNerdz #2477,,,Standard
3359,5891,5891/8817,5.292e-13,Common,generative,WizNerdz #3359,,,Standard
176,5892,5892/8817,5.298e-13,Common,generative,WizNerdz #176,,,Standard
2065,5893,5893/8817,5.299e-13,Common,generative,WizNerdz #2065,,,Standard
7830,5894,5894/8817,5.301e-13,Common,generative,WizNerdz #7830,,,Standard
2855,5895,5895/8817,5.308e-13,Common,generative,WizNerdz #2855,,,Standard
8532,5896,5896/8817,5.313e-13,Common,generative,WizNerdz #8532,,,Standard
1112,5897,5897/8817,5.315e-13,Common,generative,WizNerdz #1112,,,Standard
8591,5898,5898/8817,5.316e-13,Common,generative,WizNerdz #8591,,,Standard
3988,5899,5899/8817,5.316e-13,Common,generative,WizNerdz #3988,,,Standard
4430,5900,5900/8817,5.317e-13,Common,generative,WizNerdz #4430,,,Standard
5326,5901,5901/8817,5.318e-13,Common,generative,WizNerdz #5326,,,Standard
7994,5902,5902/8817,5.321e-13,Common,generative,WizNerdz #7994,,,Standard
1860,5903,5903/8817,5.323e-13,Common,generative,WizNerdz #1860,,,Standard
6854,5904,5904/8817,5.326e-13,Common,generative,WizNerdz #6854,,,Standard
4922,5905,5905/8817,5.327e-13,Common,generative,WizNerdz #4922,,,Standard
1311,5906,5906/8817,5.333e-13,Common,generative,WizNerdz #1311,,,Standard
1935,5907,5907/8817,5.335e-13,Common,generative,WizNerdz #1935,,,Standard
832,5908,5908/8817,5.336e-13,Common,generative,WizNerdz #832,,,Standard
6219,5909,5909/8817,5.336e-13,Common,generative,WizNerdz #6219,,,Standard
5038,5910,5910/8817,5.337e-13,Common,generative,WizNerdz #5038,,,Standard
2585,5911,5911/8817,5.342e-13,Common,generative,WizNerdz #2585,,,Standard
1098,5912,5912/8817,5.344e-13,Common,generative,WizNerdz #1098,,,Standard
7843,5913,5913/8817,5.345e-13,Common,generative,WizNerdz #7843,,,Standard
2395,5914,5914/8817,5.349e-13,Common,generative,WizNerdz #2395,,,Standard
8256,5915,5915/8817,5.351e-13,Common,generative,WizNerdz #8256,,,Standard
3858,5916,5916/8817,5.352e-13,Common,generative,WizNerdz #3858,,,Standard
2149,5917,5917/8817,5.363e-13,Common,generative,WizNerdz #2149,,,Standard
4190,5918,5918/8817,5.373e-13,Common,generative,WizNerdz #4190,,,Standard
302,5919,5919/8817,5.376e-13,Common,generative,WizNerdz #302,,,Standard
6271,5920,5920/8817,5.38e-13,Common,generative,WizNerdz #6271,,,Standard
7405,5921,5921/8817,5.381e-13,Common,generative,WizNerdz #7405,,,Standard
7489,5922,5922/8817,5.391e-13,Common,generative,WizNerdz #7489,,,Standard
5665,5923,5923/8817,5.397e-13,Common,generative,WizNerdz #5665,,,Standard
3769,5924,5924/8817,5.406e-13,Common,generative,WizNerdz #3769,,,Standard
6595,5925,5925/8817,5.407e-13,Common,generative,WizNerdz #6595,,,Standard
5720,5926,5926/8817,5.413e-13,Common,generative,WizNerdz #5720,,,Standard
5592,5927,5927/8817,5.413e-13,Common,generative,WizNerdz #5592,,,Standard
297,5928,5928/8817,5.415e-13,Common,generative,WizNerdz #297,,,Standard
1089,5929,5929/8817,5.416e-13,Common,generative,WizNerdz #1089,,,Standard
132,5930,5930/8817,5.416e-13,Common,generative,WizNerdz #132,,,Standard
1783,5931,5931/8817,5.417e-13,Common,generative,WizNerdz #1783,,,Standard
4692,5932,5932/8817,5.419e-13,Common,generative,WizNerdz #4692,,,Standard
6623,5933,5933/8817,5.42e-13,Common,generative,WizNerdz #6623,,,Standard
2401,5934,5934/8817,5.423e-13,Common,generative,WizNerdz #2401,,,Standard
6317,5935,5935/8817,5.425e-13,Common,generative,WizNerdz #6317,,,Standard
3392,5936,5936/8817,5.428e-13,Common,generative,WizNerdz #3392,,,Standard
4548,5937,5937/8817,5.429e-13,Common,generative,WizNerdz #4548,,,Standard
2656,5938,5938/8817,5.43e-13,Common,generative,WizNerdz #2656,,,Standard
5393,5939,5939/8817,5.431e-13,Common,generative,WizNerdz #5393,,,Standard
4993,5940,5940/8817,5.432e-13,Common,generative,WizNerdz #4993,,,Standard
4618,5941,5941/8817,5.433e-13,Common,generative,WizNerdz #4618,,,Standard
7819,5942,5942/8817,5.435e-13,Common,generative,WizNerdz #7819,,,Standard
2183,5943,5943/8817,5.436e-13,Common,generative,WizNerdz #2183,,,Standard
5167,5944,5944/8817,5.438e-13,Common,generative,WizNerdz #5167,,,Standard
2465,5945,5945/8817,5.439e-13,Common,generative,WizNerdz #2465,,,Standard
3145,5946,5946/8817,5.44e-13,Common,generative,WizNerdz #3145,,,Standard
2398,5947,5947/8817,5.443e-13,Common,generative,WizNerdz #2398,,,Standard
8766,5948,5948/8817,5.444e-13,Common,generative,WizNerdz #8766,,,Standard
779,5949,5949/8817,5.446e-13,Common,generative,WizNerdz #779,,,Standard
2002,5950,5950/8817,5.449e-13,Common,generative,WizNerdz #2002,,,Standard
5693,5951,5951/8817,5.455e-13,Common,generative,WizNerdz #5693,,,Standard
2881,5952,5952/8817,5.456e-13,Common,generative,WizNerdz #2881,,,Standard
4739,5953,5953/8817,5.458e-13,Common,generative,WizNerdz #4739,,,Standard
3910,5954,5954/8817,5.469e-13,Common,generative,WizNerdz #3910,,,Standard
4859,5955,5955/8817,5.473e-13,Common,generative,WizNerdz #4859,,,Standard
6723,5956,5956/8817,5.474e-13,Common,generative,WizNerdz #6723,,,Standard
4522,5957,5957/8817,5.477e-13,Common,generative,WizNerdz #4522,,,Standard
2210,5958,5958/8817,5.477e-13,Common,generative,WizNerdz #2210,,,Standard
5635,5959,5959/8817,5.479e-13,Common,generative,WizNerdz #5635,,,Standard
4334,5960,5960/8817,5.481e-13,Common,generative,WizNerdz #4334,,,Standard
2303,5961,5961/8817,5.489e-13,Common,generative,WizNerdz #2303,,,Standard
1389,5962,5962/8817,5.495e-13,Common,generative,WizNerdz #1389,,,Standard
8236,5963,5963/8817,5.496e-13,Common,generative,WizNerdz #8236,,,Standard
3475,5964,5964/8817,5.497e-13,Common,generative,WizNerdz #3475,,,Standard
8024,5965,5965/8817,5.5e-13,Common,generative,WizNerdz #8024,,,Standard
7797,5966,5966/8817,5.506e-13,Common,generative,WizNerdz #7797,,,Standard
2902,5967,5967/8817,5.509e-13,Common,generative,WizNerdz #2902,,,Standard
3504,5968,5968/8817,5.517e-13,Common,generative,WizNerdz #3504,,,Standard
5673,5969,5969/8817,5.518e-13,Common,generative,WizNerdz #5673,,,Standard
2522,5970,5970/8817,5.518e-13,Common,generative,WizNerdz #2522,,,Standard
7791,5971,5971/8817,5.522e-13,Common,generative,WizNerdz #7791,,,Standard
2211,5972,5972/8817,5.523e-13,Common,generative,WizNerdz #2211,,,Standard
6757,5973,5973/8817,5.528e-13,Common,generative,WizNerdz #6757,,,Standard
7549,5974,5974/8817,5.528e-13,Common,generative,WizNerdz #7549,,,Standard
1582,5975,5975/8817,5.532e-13,Common,generative,WizNerdz #1582,,,Standard
8151,5976,5976/8817,5.533e-13,Common,generative,WizNerdz #8151,,,Standard
1264,5977,5977/8817,5.539e-13,Common,generative,WizNerdz #1264,,,Standard
3458,5978,5978/8817,5.544e-13,Common,generative,WizNerdz #3458,,,Standard
4022,5979,5979/8817,5.544e-13,Common,generative,WizNerdz #4022,,,Standard
4302,5980,5980/8817,5.547e-13,Common,generative,WizNerdz #4302,,,Standard
2370,5981,5981/8817,5.548e-13,Common,generative,WizNerdz #2370,,,Standard
4673,5982,5982/8817,5.551e-13,Common,generative,WizNerdz #4673,,,Standard
2428,5983,5983/8817,5.553e-13,Common,generative,WizNerdz #2428,,,Standard
6431,5984,5984/8817,5.555e-13,Common,generative,WizNerdz #6431,,,Standard
2815,5985,5985/8817,5.555e-13,Common,generative,WizNerdz #2815,,,Standard
3606,5986,5986/8817,5.556e-13,Common,generative,WizNerdz #3606,,,Standard
6396,5987,5987/8817,5.559e-13,Common,generative,WizNerdz #6396,,,Standard
2644,5988,5988/8817,5.561e-13,Common,generative,WizNerdz #2644,,,Standard
7343,5989,5989/8817,5.563e-13,Common,generative,WizNerdz #7343,,,Standard
4241,5990,5990/8817,5.573e-13,Common,generative,WizNerdz #4241,,,Standard
4309,5991,5991/8817,5.573e-13,Common,generative,WizNerdz #4309,,,Standard
623,5992,5992/8817,5.58e-13,Common,generative,WizNerdz #623,,,Standard
4726,5993,5993/8817,5.58e-13,Common,generative,WizNerdz #4726,,,Standard
5776,5994,5994/8817,5.58e-13,Common,generative,WizNerdz #5776,,,Standard
5061,5995,5995/8817,5.582e-13,Common,generative,WizNerdz #5061,,,Standard
8208,5996,5996/8817,5.587e-13,Common,generative,WizNerdz #8208,,,Standard
2170,5997,5997/8817,5.587e-13,Common,generative,WizNerdz #2170,,,Standard
4847,5998,5998/8817,5.588e-13,Common,generative,WizNerdz #4847,,,Standard
1160,5999,5999/8817,5.589e-13,Common,generative,WizNerdz #1160,,,Standard
1356,6000,6000/8817,5.591e-13,Common,generative,WizNerdz #1356,,,Standard
1010,6001,6001/8817,5.591e-13,Common,generative,WizNerdz #1010,,,Standard
8211,6002,6002/8817,5.597e-13,Common,generative,WizNerdz #8211,,,Standard
2035,6003,6003/8817,5.605e-13,Common,generative,WizNerdz #2035,,,Standard
1051,6004,6004/8817,5.605e-13,Common,generative,WizNerdz #1051,,,Standard
5506,6005,6005/8817,5.611e-13,Common,generative,WizNerdz #5506,,,Standard
6642,6006,6006/8817,5.612e-13,Common,generative,WizNerdz #6642,,,Standard
4643,6007,6007/8817,5.613e-13,Common,generative,WizNerdz #4643,,,Standard
3222,6008,6008/8817,5.614e-13,Common,generative,WizNerdz #3222,,,Standard
5398,6009,6009/8817,5.62e-13,Common,generative,WizNerdz #5398,,,Standard
2690,6010,6010/8817,5.623e-13,Common,generative,WizNerdz #2690,,,Standard
303,6011,6011/8817,5.634e-13,Common,generative,WizNerdz #303,,,Standard
3173,6012,6012/8817,5.636e-13,Common,generative,WizNerdz #3173,,,Standard
3612,6013,6013/8817,5.636e-13,Common,generative,WizNerdz #3612,,,Standard
668,6014,6014/8817,5.638e-13,Common,generative,WizNerdz #668,,,Standard
8238,6015,6015/8817,5.64e-13,Common,generative,WizNerdz #8238,,,Standard
8297,6016,6016/8817,5.645e-13,Common,generative,WizNerdz #8297,,,Standard
5557,6017,6017/8817,5.645e-13,Common,generative,WizNerdz #5557,,,Standard
4436,6018,6018/8817,5.646e-13,Common,generative,WizNerdz #4436,,,Standard
2314,6019,6019/8817,5.647e-13,Common,generative,WizNerdz #2314,,,Standard
1410,6020,6020/8817,5.649e-13,Common,generative,WizNerdz #1410,,,Standard
593,6021,6021/8817,5.656e-13,Common,generative,WizNerdz #593,,,Standard
643,6022,6022/8817,5.661e-13,Common,generative,WizNerdz #643,,,Standard
5195,6023,6023/8817,5.661e-13,Common,generative,WizNerdz #5195,,,Standard
937,6024,6024/8817,5.663e-13,Common,generative,WizNerdz #937,,,Standard
534,6025,6025/8817,5.663e-13,Common,generative,WizNerdz #534,,,Standard
543,6026,6026/8817,5.668e-13,Common,generative,WizNerdz #543,,,Standard
8618,6027,6027/8817,5.669e-13,Common,generative,WizNerdz #8618,,,Standard
3904,6028,6028/8817,5.671e-13,Common,generative,WizNerdz #3904,,,Standard
390,6029,6029/8817,5.671e-13,Common,generative,WizNerdz #390,,,Standard
8053,6030,6030/8817,5.671e-13,Common,generative,WizNerdz #8053,,,Standard
4384,6031,6031/8817,5.673e-13,Common,generative,WizNerdz #4384,,,Standard
6408,6032,6032/8817,5.674e-13,Common,generative,WizNerdz #6408,,,Standard
3469,6033,6033/8817,5.677e-13,Common,generative,WizNerdz #3469,,,Standard
384,6034,6034/8817,5.677e-13,Common,generative,WizNerdz #384,,,Standard
6159,6035,6035/8817,5.678e-13,Common,generative,WizNerdz #6159,,,Standard
8154,6036,6036/8817,5.682e-13,Common,generative,WizNerdz #8154,,,Standard
8337,6037,6037/8817,5.683e-13,Common,generative,WizNerdz #8337,,,Standard
2365,6038,6038/8817,5.689e-13,Common,generative,WizNerdz #2365,,,Standard
6515,6039,6039/8817,5.692e-13,Common,generative,WizNerdz #6515,,,Standard
4914,6040,6040/8817,5.694e-13,Common,generative,WizNerdz #4914,,,Standard
3004,6041,6041/8817,5.695e-13,Common,generative,WizNerdz #3004,,,Standard
2355,6042,6042/8817,5.701e-13,Common,generative,WizNerdz #2355,,,Standard
669,6043,6043/8817,5.703e-13,Common,generative,WizNerdz #669,,,Standard
693,6044,6044/8817,5.705e-13,Common,generative,WizNerdz #693,,,Standard
7814,6045,6045/8817,5.707e-13,Common,generative,WizNerdz #7814,,,Standard
4406,6046,6046/8817,5.709e-13,Common,generative,WizNerdz #4406,,,Standard
6347,6047,6047/8817,5.712e-13,Common,generative,WizNerdz #6347,,,Standard
6314,6048,6048/8817,5.715e-13,Common,generative,WizNerdz #6314,,,Standard
6448,6049,6049/8817,5.729e-13,Common,generative,WizNerdz #6448,,,Standard
2627,6050,6050/8817,5.732e-13,Common,generative,WizNerdz #2627,,,Standard
1233,6051,6051/8817,5.733e-13,Common,generative,WizNerdz #1233,,,Standard
3862,6052,6052/8817,5.734e-13,Common,generative,WizNerdz #3862,,,Standard
4982,6053,6053/8817,5.742e-13,Common,generative,WizNerdz #4982,,,Standard
8656,6054,6054/8817,5.743e-13,Common,generative,WizNerdz #8656,,,Standard
3402,6055,6055/8817,5.744e-13,Common,generative,WizNerdz #3402,,,Standard
5286,6056,6056/8817,5.746e-13,Common,generative,WizNerdz #5286,,,Standard
1448,6057,6057/8817,5.746e-13,Common,generative,WizNerdz #1448,,,Standard
7693,6058,6058/8817,5.747e-13,Common,generative,WizNerdz #7693,,,Standard
8678,6059,6059/8817,5.749e-13,Common,generative,WizNerdz #8678,,,Standard
4814,6060,6060/8817,5.752e-13,Common,generative,WizNerdz #4814,,,Standard
3944,6061,6061/8817,5.757e-13,Common,generative,WizNerdz #3944,,,Standard
6810,6062,6062/8817,5.762e-13,Common,generative,WizNerdz #6810,,,Standard
5047,6063,6063/8817,5.764e-13,Common,generative,WizNerdz #5047,,,Standard
6640,6064,6064/8817,5.766e-13,Common,generative,WizNerdz #6640,,,Standard
6026,6065,6065/8817,5.768e-13,Common,generative,WizNerdz #6026,,,Standard
410,6066,6066/8817,5.77e-13,Common,generative,WizNerdz #410,,,Standard
6503,6067,6067/8817,5.772e-13,Common,generative,WizNerdz #6503,,,Standard
3808,6068,6068/8817,5.775e-13,Common,generative,WizNerdz #3808,,,Standard
6823,6069,6069/8817,5.777e-13,Common,generative,WizNerdz #6823,,,Standard
2941,6070,6070/8817,5.777e-13,Common,generative,WizNerdz #2941,,,Standard
3079,6071,6071/8817,5.779e-13,Common,generative,WizNerdz #3079,,,Standard
7726,6072,6072/8817,5.782e-13,Common,generative,WizNerdz #7726,,,Standard
7749,6073,6073/8817,5.783e-13,Common,generative,WizNerdz #7749,,,Standard
814,6074,6074/8817,5.784e-13,Common,generative,WizNerdz #814,,,Standard
8509,6075,6075/8817,5.785e-13,Common,generative,WizNerdz #8509,,,Standard
8219,6076,6076/8817,5.786e-13,Common,generative,WizNerdz #8219,,,Standard
8855,6077,6077/8817,5.794e-13,Common,generative,WizNerdz #8855,,,Standard
4218,6078,6078/8817,5.796e-13,Common,generative,WizNerdz #4218,,,Standard
8455,6079,6079/8817,5.797e-13,Common,generative,WizNerdz #8455,,,Standard
1844,6080,6080/8817,5.802e-13,Common,generative,WizNerdz #1844,,,Standard
2431,6081,6081/8817,5.803e-13,Common,generative,WizNerdz #2431,,,Standard
3440,6082,6082/8817,5.805e-13,Common,generative,WizNerdz #3440,,,Standard
6295,6083,6083/8817,5.805e-13,Common,generative,WizNerdz #6295,,,Standard
5929,6084,6084/8817,5.808e-13,Common,generative,WizNerdz #5929,,,Standard
4625,6085,6085/8817,5.808e-13,Common,generative,WizNerdz #4625,,,Standard
7577,6086,6086/8817,5.81e-13,Common,generative,WizNerdz #7577,,,Standard
496,6087,6087/8817,5.812e-13,Common,generative,WizNerdz #496,,,Standard
63,6088,6088/8817,5.822e-13,Common,generative,WizNerdz #63,,,Standard
1240,6089,6089/8817,5.826e-13,Common,generative,WizNerdz #1240,,,Standard
3206,6090,6090/8817,5.835e-13,Common,generative,WizNerdz #3206,,,Standard
3953,6091,6091/8817,5.837e-13,Common,generative,WizNerdz #3953,,,Standard
5067,6092,6092/8817,5.84e-13,Common,generative,WizNerdz #5067,,,Standard
1946,6093,6093/8817,5.853e-13,Common,generative,WizNerdz #1946,,,Standard
8027,6094,6094/8817,5.853e-13,Common,generative,WizNerdz #8027,,,Standard
6630,6095,6095/8817,5.855e-13,Common,generative,WizNerdz #6630,,,Standard
2597,6096,6096/8817,5.872e-13,Common,generative,WizNerdz #2597,,,Standard
1609,6097,6097/8817,5.872e-13,Common,generative,WizNerdz #1609,,,Standard
1433,6098,6098/8817,5.878e-13,Common,generative,WizNerdz #1433,,,Standard
6337,6099,6099/8817,5.879e-13,Common,generative,WizNerdz #6337,,,Standard
5869,6100,6100/8817,5.887e-13,Common,generative,WizNerdz #5869,,,Standard
4112,6101,6101/8817,5.888e-13,Common,generative,WizNerdz #4112,,,Standard
43,6102,6102/8817,5.889e-13,Common,generative,WizNerdz #43,,,Standard
5602,6103,6103/8817,5.897e-13,Common,generative,WizNerdz #5602,,,Standard
7800,6104,6104/8817,5.902e-13,Common,generative,WizNerdz #7800,,,Standard
3474,6105,6105/8817,5.903e-13,Common,generative,WizNerdz #3474,,,Standard
3294,6106,6106/8817,5.906e-13,Common,generative,WizNerdz #3294,,,Standard
5690,6107,6107/8817,5.907e-13,Common,generative,WizNerdz #5690,,,Standard
5410,6108,6108/8817,5.907e-13,Common,generative,WizNerdz #5410,,,Standard
5010,6109,6109/8817,5.91e-13,Common,generative,WizNerdz #5010,,,Standard
3978,6110,6110/8817,5.918e-13,Common,generative,WizNerdz #3978,,,Standard
6375,6111,6111/8817,5.919e-13,Common,generative,WizNerdz #6375,,,Standard
2923,6112,6112/8817,5.922e-13,Common,generative,WizNerdz #2923,,,Standard
5704,6113,6113/8817,5.931e-13,Common,generative,WizNerdz #5704,,,Standard
5462,6114,6114/8817,5.932e-13,Common,generative,WizNerdz #5462,,,Standard
508,6115,6115/8817,5.934e-13,Common,generative,WizNerdz #508,,,Standard
8629,6116,6116/8817,5.947e-13,Common,generative,WizNerdz #8629,,,Standard
6929,6117,6117/8817,5.948e-13,Common,generative,WizNerdz #6929,,,Standard
7584,6118,6118/8817,5.949e-13,Common,generative,WizNerdz #7584,,,Standard
1457,6119,6119/8817,5.95e-13,Common,generative,WizNerdz #1457,,,Standard
1279,6120,6120/8817,5.954e-13,Common,generative,WizNerdz #1279,,,Standard
2684,6121,6121/8817,5.954e-13,Common,generative,WizNerdz #2684,,,Standard
6674,6122,6122/8817,5.961e-13,Common,generative,WizNerdz #6674,,,Standard
6204,6123,6123/8817,5.962e-13,Common,generative,WizNerdz #6204,,,Standard
7449,6124,6124/8817,5.964e-13,Common,generative,WizNerdz #7449,,,Standard
5967,6125,6125/8817,5.967e-13,Common,generative,WizNerdz #5967,,,Standard
1804,6126,6126/8817,5.97e-13,Common,generative,WizNerdz #1804,,,Standard
518,6127,6127/8817,5.971e-13,Common,generative,WizNerdz #518,,,Standard
4300,6128,6128/8817,5.979e-13,Common,generative,WizNerdz #4300,,,Standard
5913,6129,6129/8817,5.986e-13,Common,generative,WizNerdz #5913,,,Standard
190,6130,6130/8817,5.987e-13,Common,generative,WizNerdz #190,,,Standard
6664,6131,6131/8817,5.988e-13,Common,generative,WizNerdz #6664,,,Standard
1131,6132,6132/8817,5.988e-13,Common,generative,WizNerdz #1131,,,Standard
7230,6133,6133/8817,5.988e-13,Common,generative,WizNerdz #7230,,,Standard
3100,6134,6134/8817,5.99e-13,Common,generative,WizNerdz #3100,,,Standard
3373,6135,6135/8817,5.995e-13,Common,generative,WizNerdz #3373,,,Standard
657,6136,6136/8817,6.01e-13,Common,generative,WizNerdz #657,,,Standard
2507,6137,6137/8817,6.012e-13,Common,generative,WizNerdz #2507,,,Standard
8485,6138,6138/8817,6.026e-13,Common,generative,WizNerdz #8485,,,Standard
8826,6139,6139/8817,6.03e-13,Common,generative,WizNerdz #8826,,,Standard
4771,6140,6140/8817,6.036e-13,Common,generative,WizNerdz #4771,,,Standard
5998,6141,6141/8817,6.037e-13,Common,generative,WizNerdz #5998,,,Standard
7586,6142,6142/8817,6.039e-13,Common,generative,WizNerdz #7586,,,Standard
3797,6143,6143/8817,6.047e-13,Common,generative,WizNerdz #3797,,,Standard
4515,6144,6144/8817,6.05e-13,Common,generative,WizNerdz #4515,,,Standard
2839,6145,6145/8817,6.061e-13,Common,generative,WizNerdz #2839,,,Standard
1344,6146,6146/8817,6.064e-13,Common,generative,WizNerdz #1344,,,Standard
448,6147,6147/8817,6.081e-13,Common,generative,WizNerdz #448,,,Standard
1425,6148,6148/8817,6.084e-13,Common,generative,WizNerdz #1425,,,Standard
6358,6149,6149/8817,6.087e-13,Common,generative,WizNerdz #6358,,,Standard
7292,6150,6150/8817,6.089e-13,Common,generative,WizNerdz #7292,,,Standard
4126,6151,6151/8817,6.089e-13,Common,generative,WizNerdz #4126,,,Standard
6040,6152,6152/8817,6.098e-13,Common,generative,WizNerdz #6040,,,Standard
8541,6153,6153/8817,6.101e-13,Common,generative,WizNerdz #8541,,,Standard
7555,6154,6154/8817,6.102e-13,Common,generative,WizNerdz #7555,,,Standard
5396,6155,6155/8817,6.103e-13,Common,generative,WizNerdz #5396,,,Standard
5932,6156,6156/8817,6.104e-13,Common,generative,WizNerdz #5932,,,Standard
6914,6157,6157/8817,6.104e-13,Common,generative,WizNerdz #6914,,,Standard
6903,6158,6158/8817,6.109e-13,Common,generative,WizNerdz #6903,,,Standard
7021,6159,6159/8817,6.11e-13,Common,generative,WizNerdz #7021,,,Standard
972,6160,6160/8817,6.117e-13,Common,generative,WizNerdz #972,,,Standard
2541,6161,6161/8817,6.123e-13,Common,generative,WizNerdz #2541,,,Standard
1919,6162,6162/8817,6.126e-13,Common,generative,WizNerdz #1919,,,Standard
3170,6163,6163/8817,6.128e-13,Common,generative,WizNerdz #3170,,,Standard
5579,6164,6164/8817,6.129e-13,Common,generative,WizNerdz #5579,,,Standard
7770,6165,6165/8817,6.134e-13,Common,generative,WizNerdz #7770,,,Standard
3952,6166,6166/8817,6.145e-13,Common,generative,WizNerdz #3952,,,Standard
5048,6167,6167/8817,6.146e-13,Common,generative,WizNerdz #5048,,,Standard
7743,6168,6168/8817,6.155e-13,Common,generative,WizNerdz #7743,,,Standard
5771,6169,6169/8817,6.157e-13,Common,generative,WizNerdz #5771,,,Standard
5281,6170,6170/8817,6.161e-13,Common,generative,WizNerdz #5281,,,Standard
519,6171,6171/8817,6.163e-13,Common,generative,WizNerdz #519,,,Standard
7930,6172,6172/8817,6.166e-13,Common,generative,WizNerdz #7930,,,Standard
4752,6173,6173/8817,6.167e-13,Common,generative,WizNerdz #4752,,,Standard
1790,6174,6174/8817,6.17e-13,Common,generative,WizNerdz #1790,,,Standard
8458,6175,6175/8817,6.17e-13,Common,generative,WizNerdz #8458,,,Standard
2338,6176,6176/8817,6.176e-13,Common,generative,WizNerdz #2338,,,Standard
2614,6177,6177/8817,6.185e-13,Common,generative,WizNerdz #2614,,,Standard
4790,6178,6178/8817,6.185e-13,Common,generative,WizNerdz #4790,,,Standard
1632,6179,6179/8817,6.187e-13,Common,generative,WizNerdz #1632,,,Standard
1251,6180,6180/8817,6.187e-13,Common,generative,WizNerdz #1251,,,Standard
3276,6181,6181/8817,6.19e-13,Common,generative,WizNerdz #3276,,,Standard
5729,6182,6182/8817,6.194e-13,Common,generative,WizNerdz #5729,,,Standard
2315,6183,6183/8817,6.196e-13,Common,generative,WizNerdz #2315,,,Standard
4275,6184,6184/8817,6.2e-13,Common,generative,WizNerdz #4275,,,Standard
1191,6185,6185/8817,6.204e-13,Common,generative,WizNerdz #1191,,,Standard
4258,6186,6186/8817,6.207e-13,Common,generative,WizNerdz #4258,,,Standard
4578,6187,6187/8817,6.212e-13,Common,generative,WizNerdz #4578,,,Standard
5786,6188,6188/8817,6.213e-13,Common,generative,WizNerdz #5786,,,Standard
1872,6189,6189/8817,6.213e-13,Common,generative,WizNerdz #1872,,,Standard
3557,6190,6190/8817,6.214e-13,Common,generative,WizNerdz #3557,,,Standard
5260,6191,6191/8817,6.216e-13,Common,generative,WizNerdz #5260,,,Standard
6340,6192,6192/8817,6.217e-13,Common,generative,WizNerdz #6340,,,Standard
4508,6193,6193/8817,6.219e-13,Common,generative,WizNerdz #4508,,,Standard
8798,6194,6194/8817,6.219e-13,Common,generative,WizNerdz #8798,,,Standard
2864,6195,6195/8817,6.227e-13,Common,generative,WizNerdz #2864,,,Standard
2917,6196,6196/8817,6.23e-13,Common,generative,WizNerdz #2917,,,Standard
1523,6197,6197/8817,6.231e-13,Common,generative,WizNerdz #1523,,,Standard
992,6198,6198/8817,6.233e-13,Common,generative,WizNerdz #992,,,Standard
3729,6199,6199/8817,6.246e-13,Common,generative,WizNerdz #3729,,,Standard
3681,6200,6200/8817,6.254e-13,Common,generative,WizNerdz #3681,,,Standard
1360,6201,6201/8817,6.256e-13,Common,generative,WizNerdz #1360,,,Standard
456,6202,6202/8817,6.259e-13,Common,generative,WizNerdz #456,,,Standard
7450,6203,6203/8817,6.259e-13,Common,generative,WizNerdz #7450,,,Standard
2005,6204,6204/8817,6.26e-13,Common,generative,WizNerdz #2005,,,Standard
766,6205,6205/8817,6.261e-13,Common,generative,WizNerdz #766,,,Standard
1521,6206,6206/8817,6.267e-13,Common,generative,WizNerdz #1521,,,Standard
4320,6207,6207/8817,6.267e-13,Common,generative,WizNerdz #4320,,,Standard
2922,6208,6208/8817,6.274e-13,Common,generative,WizNerdz #2922,,,Standard
590,6209,6209/8817,6.275e-13,Common,generative,WizNerdz #590,,,Standard
315,6210,6210/8817,6.286e-13,Common,generative,WizNerdz #315,,,Standard
7015,6211,6211/8817,6.286e-13,Common,generative,WizNerdz #7015,,,Standard
5705,6212,6212/8817,6.29e-13,Common,generative,WizNerdz #5705,,,Standard
6994,6213,6213/8817,6.294e-13,Common,generative,WizNerdz #6994,,,Standard
2693,6214,6214/8817,6.296e-13,Common,generative,WizNerdz #2693,,,Standard
3999,6215,6215/8817,6.298e-13,Common,generative,WizNerdz #3999,,,Standard
8651,6216,6216/8817,6.308e-13,Common,generative,WizNerdz #8651,,,Standard
6646,6217,6217/8817,6.309e-13,Common,generative,WizNerdz #6646,,,Standard
1606,6218,6218/8817,6.313e-13,Common,generative,WizNerdz #1606,,,Standard
6285,6219,6219/8817,6.316e-13,Common,generative,WizNerdz #6285,,,Standard
735,6220,6220/8817,6.317e-13,Common,generative,WizNerdz #735,,,Standard
7507,6221,6221/8817,6.317e-13,Common,generative,WizNerdz #7507,,,Standard
6290,6222,6222/8817,6.32e-13,Common,generative,WizNerdz #6290,,,Standard
7519,6223,6223/8817,6.33e-13,Common,generative,WizNerdz #7519,,,Standard
1712,6224,6224/8817,6.337e-13,Common,generative,WizNerdz #1712,,,Standard
7995,6225,6225/8817,6.348e-13,Common,generative,WizNerdz #7995,,,Standard
2757,6226,6226/8817,6.353e-13,Common,generative,WizNerdz #2757,,,Standard
3664,6227,6227/8817,6.358e-13,Common,generative,WizNerdz #3664,,,Standard
3539,6228,6228/8817,6.368e-13,Common,generative,WizNerdz #3539,,,Standard
2476,6229,6229/8817,6.377e-13,Common,generative,WizNerdz #2476,,,Standard
259,6230,6230/8817,6.378e-13,Common,generative,WizNerdz #259,,,Standard
3097,6231,6231/8817,6.383e-13,Common,generative,WizNerdz #3097,,,Standard
4481,6232,6232/8817,6.387e-13,Common,generative,WizNerdz #4481,,,Standard
8212,6233,6233/8817,6.389e-13,Common,generative,WizNerdz #8212,,,Standard
5793,6234,6234/8817,6.404e-13,Common,generative,WizNerdz #5793,,,Standard
8635,6235,6235/8817,6.406e-13,Common,generative,WizNerdz #8635,,,Standard
4596,6236,6236/8817,6.409e-13,Common,generative,WizNerdz #4596,,,Standard
1249,6237,6237/8817,6.41e-13,Common,generative,WizNerdz #1249,,,Standard
4521,6238,6238/8817,6.411e-13,Common,generative,WizNerdz #4521,,,Standard
192,6239,6239/8817,6.413e-13,Common,generative,WizNerdz #192,,,Standard
8638,6240,6240/8817,6.414e-13,Common,generative,WizNerdz #8638,,,Standard
4276,6241,6241/8817,6.42e-13,Common,generative,WizNerdz #4276,,,Standard
1075,6242,6242/8817,6.428e-13,Common,generative,WizNerdz #1075,,,Standard
3005,6243,6243/8817,6.428e-13,Common,generative,WizNerdz #3005,,,Standard
5265,6244,6244/8817,6.43e-13,Common,generative,WizNerdz #5265,,,Standard
8762,6245,6245/8817,6.433e-13,Common,generative,WizNerdz #8762,,,Standard
255,6246,6246/8817,6.434e-13,Common,generative,WizNerdz #255,,,Standard
1656,6247,6247/8817,6.434e-13,Common,generative,WizNerdz #1656,,,Standard
8029,6248,6248/8817,6.436e-13,Common,generative,WizNerdz #8029,,,Standard
856,6249,6249/8817,6.44e-13,Common,generative,WizNerdz #856,,,Standard
4116,6250,6250/8817,6.442e-13,Common,generative,WizNerdz #4116,,,Standard
2439,6251,6251/8817,6.448e-13,Common,generative,WizNerdz #2439,,,Standard
8347,6252,6252/8817,6.451e-13,Common,generative,WizNerdz #8347,,,Standard
2141,6253,6253/8817,6.459e-13,Common,generative,WizNerdz #2141,,,Standard
8570,6254,6254/8817,6.469e-13,Common,generative,WizNerdz #8570,,,Standard
4975,6255,6255/8817,6.474e-13,Common,generative,WizNerdz #4975,,,Standard
625,6256,6256/8817,6.476e-13,Common,generative,WizNerdz #625,,,Standard
5829,6257,6257/8817,6.476e-13,Common,generative,WizNerdz #5829,,,Standard
6625,6258,6258/8817,6.477e-13,Common,generative,WizNerdz #6625,,,Standard
7212,6259,6259/8817,6.477e-13,Common,generative,WizNerdz #7212,,,Standard
799,6260,6260/8817,6.479e-13,Common,generative,WizNerdz #799,,,Standard
1126,6261,6261/8817,6.48e-13,Common,generative,WizNerdz #1126,,,Standard
1483,6262,6262/8817,6.482e-13,Common,generative,WizNerdz #1483,,,Standard
2061,6263,6263/8817,6.494e-13,Common,generative,WizNerdz #2061,,,Standard
1427,6264,6264/8817,6.495e-13,Common,generative,WizNerdz #1427,,,Standard
5473,6265,6265/8817,6.497e-13,Common,generative,WizNerdz #5473,,,Standard
2089,6266,6266/8817,6.507e-13,Common,generative,WizNerdz #2089,,,Standard
493,6267,6267/8817,6.509e-13,Common,generative,WizNerdz #493,,,Standard
8227,6268,6268/8817,6.518e-13,Common,generative,WizNerdz #8227,,,Standard
7764,6269,6269/8817,6.52e-13,Common,generative,WizNerdz #7764,,,Standard
7848,6270,6270/8817,6.52e-13,Common,generative,WizNerdz #7848,,,Standard
6791,6271,6271/8817,6.522e-13,Common,generative,WizNerdz #6791,,,Standard
2043,6272,6272/8817,6.53e-13,Common,generative,WizNerdz #2043,,,Standard
8490,6273,6273/8817,6.535e-13,Common,generative,WizNerdz #8490,,,Standard
5618,6274,6274/8817,6.541e-13,Common,generative,WizNerdz #5618,,,Standard
7755,6275,6275/8817,6.543e-13,Common,generative,WizNerdz #7755,,,Standard
6778,6276,6276/8817,6.546e-13,Common,generative,WizNerdz #6778,,,Standard
1890,6277,6277/8817,6.549e-13,Common,generative,WizNerdz #1890,,,Standard
8594,6278,6278/8817,6.55e-13,Common,generative,WizNerdz #8594,,,Standard
3223,6279,6279/8817,6.56e-13,Common,generative,WizNerdz #3223,,,Standard
8806,6280,6280/8817,6.565e-13,Common,generative,WizNerdz #8806,,,Standard
3600,6281,6281/8817,6.565e-13,Common,generative,WizNerdz #3600,,,Standard
7850,6282,6282/8817,6.566e-13,Common,generative,WizNerdz #7850,,,Standard
2662,6283,6283/8817,6.567e-13,Common,generative,WizNerdz #2662,,,Standard
6611,6284,6284/8817,6.574e-13,Common,generative,WizNerdz #6611,,,Standard
6804,6285,6285/8817,6.578e-13,Common,generative,WizNerdz #6804,,,Standard
5617,6286,6286/8817,6.581e-13,Common,generative,WizNerdz #5617,,,Standard
2358,6287,6287/8817,6.583e-13,Common,generative,WizNerdz #2358,,,Standard
2021,6288,6288/8817,6.584e-13,Common,generative,WizNerdz #2021,,,Standard
5957,6289,6289/8817,6.593e-13,Common,generative,WizNerdz #5957,,,Standard
1808,6290,6290/8817,6.601e-13,Common,generative,WizNerdz #1808,,,Standard
1049,6291,6291/8817,6.61e-13,Common,generative,WizNerdz #1049,,,Standard
3369,6292,6292/8817,6.612e-13,Common,generative,WizNerdz #3369,,,Standard
5979,6293,6293/8817,6.613e-13,Common,generative,WizNerdz #5979,,,Standard
6021,6294,6294/8817,6.629e-13,Common,generative,WizNerdz #6021,,,Standard
7188,6295,6295/8817,6.63e-13,Common,generative,WizNerdz #7188,,,Standard
8484,6296,6296/8817,6.638e-13,Common,generative,WizNerdz #8484,,,Standard
8615,6297,6297/8817,6.641e-13,Common,generative,WizNerdz #8615,,,Standard
7285,6298,6298/8817,6.646e-13,Common,generative,WizNerdz #7285,,,Standard
8139,6299,6299/8817,6.652e-13,Common,generative,WizNerdz #8139,,,Standard
4336,6300,6300/8817,6.653e-13,Common,generative,WizNerdz #4336,,,Standard
2296,6301,6301/8817,6.657e-13,Common,generative,WizNerdz #2296,,,Standard
1174,6302,6302/8817,6.658e-13,Common,generative,WizNerdz #1174,,,Standard
8383,6303,6303/8817,6.66e-13,Common,generative,WizNerdz #8383,,,Standard
2849,6304,6304/8817,6.664e-13,Common,generative,WizNerdz #2849,,,Standard
1744,6305,6305/8817,6.666e-13,Common,generative,WizNerdz #1744,,,Standard
839,6306,6306/8817,6.674e-13,Common,generative,WizNerdz #839,,,Standard
1754,6307,6307/8817,6.675e-13,Common,generative,WizNerdz #1754,,,Standard
1703,6308,6308/8817,6.68e-13,Common,generative,WizNerdz #1703,,,Standard
627,6309,6309/8817,6.683e-13,Common,generative,WizNerdz #627,,,Standard
8590,6310,6310/8817,6.687e-13,Common,generative,WizNerdz #8590,,,Standard
2978,6311,6311/8817,6.689e-13,Common,generative,WizNerdz #2978,,,Standard
4202,6312,6312/8817,6.695e-13,Common,generative,WizNerdz #4202,,,Standard
8799,6313,6313/8817,6.698e-13,Common,generative,WizNerdz #8799,,,Standard
1438,6314,6314/8817,6.7e-13,Common,generative,WizNerdz #1438,,,Standard
1626,6315,6315/8817,6.703e-13,Common,generative,WizNerdz #1626,,,Standard
7554,6316,6316/8817,6.703e-13,Common,generative,WizNerdz #7554,,,Standard
1195,6317,6317/8817,6.704e-13,Common,generative,WizNerdz #1195,,,Standard
4686,6318,6318/8817,6.705e-13,Common,generative,WizNerdz #4686,,,Standard
7677,6319,6319/8817,6.706e-13,Common,generative,WizNerdz #7677,,,Standard
2293,6320,6320/8817,6.706e-13,Common,generative,WizNerdz #2293,,,Standard
1623,6321,6321/8817,6.714e-13,Common,generative,WizNerdz #1623,,,Standard
6148,6322,6322/8817,6.716e-13,Common,generative,WizNerdz #6148,,,Standard
8409,6323,6323/8817,6.718e-13,Common,generative,WizNerdz #8409,,,Standard
782,6324,6324/8817,6.722e-13,Common,generative,WizNerdz #782,,,Standard
1912,6325,6325/8817,6.731e-13,Common,generative,WizNerdz #1912,,,Standard
6304,6326,6326/8817,6.731e-13,Common,generative,WizNerdz #6304,,,Standard
4232,6327,6327/8817,6.733e-13,Common,generative,WizNerdz #4232,,,Standard
2584,6328,6328/8817,6.733e-13,Common,generative,WizNerdz #2584,,,Standard
7664,6329,6329/8817,6.741e-13,Common,generative,WizNerdz #7664,,,Standard
8752,6330,6330/8817,6.742e-13,Common,generative,WizNerdz #8752,,,Standard
978,6331,6331/8817,6.743e-13,Common,generative,WizNerdz #978,,,Standard
3676,6332,6332/8817,6.743e-13,Common,generative,WizNerdz #3676,,,Standard
7887,6333,6333/8817,6.744e-13,Common,generative,WizNerdz #7887,,,Standard
2009,6334,6334/8817,6.75e-13,Common,generative,WizNerdz #2009,,,Standard
3331,6335,6335/8817,6.752e-13,Common,generative,WizNerdz #3331,,,Standard
4122,6336,6336/8817,6.755e-13,Common,generative,WizNerdz #4122,,,Standard
2919,6337,6337/8817,6.756e-13,Common,generative,WizNerdz #2919,,,Standard
3776,6338,6338/8817,6.761e-13,Common,generative,WizNerdz #3776,,,Standard
163,6339,6339/8817,6.767e-13,Common,generative,WizNerdz #163,,,Standard
404,6340,6340/8817,6.768e-13,Common,generative,WizNerdz #404,,,Standard
7493,6341,6341/8817,6.768e-13,Common,generative,WizNerdz #7493,,,Standard
6534,6342,6342/8817,6.768e-13,Common,generative,WizNerdz #6534,,,Standard
4810,6343,6343/8817,6.772e-13,Common,generative,WizNerdz #4810,,,Standard
3586,6344,6344/8817,6.774e-13,Common,generative,WizNerdz #3586,,,Standard
6721,6345,6345/8817,6.776e-13,Common,generative,WizNerdz #6721,,,Standard
3748,6346,6346/8817,6.778e-13,Common,generative,WizNerdz #3748,,,Standard
1581,6347,6347/8817,6.787e-13,Common,generative,WizNerdz #1581,,,Standard
7100,6348,6348/8817,6.799e-13,Common,generative,WizNerdz #7100,,,Standard
3701,6349,6349/8817,6.799e-13,Common,generative,WizNerdz #3701,,,Standard
1926,6350,6350/8817,6.802e-13,Common,generative,WizNerdz #1926,,,Standard
7827,6351,6351/8817,6.804e-13,Common,generative,WizNerdz #7827,,,Standard
6870,6352,6352/8817,6.818e-13,Common,generative,WizNerdz #6870,,,Standard
7202,6353,6353/8817,6.818e-13,Common,generative,WizNerdz #7202,,,Standard
1336,6354,6354/8817,6.819e-13,Common,generative,WizNerdz #1336,,,Standard
6041,6355,6355/8817,6.823e-13,Common,generative,WizNerdz #6041,,,Standard
3649,6356,6356/8817,6.823e-13,Common,generative,WizNerdz #3649,,,Standard
5008,6357,6357/8817,6.83e-13,Common,generative,WizNerdz #5008,,,Standard
5939,6358,6358/8817,6.833e-13,Common,generative,WizNerdz #5939,,,Standard
7862,6359,6359/8817,6.834e-13,Common,generative,WizNerdz #7862,,,Standard
3965,6360,6360/8817,6.835e-13,Common,generative,WizNerdz #3965,,,Standard
4487,6361,6361/8817,6.835e-13,Common,generative,WizNerdz #4487,,,Standard
1997,6362,6362/8817,6.836e-13,Common,generative,WizNerdz #1997,,,Standard
1488,6363,6363/8817,6.852e-13,Common,generative,WizNerdz #1488,,,Standard
467,6364,6364/8817,6.864e-13,Common,generative,WizNerdz #467,,,Standard
3588,6365,6365/8817,6.866e-13,Common,generative,WizNerdz #3588,,,Standard
3305,6366,6366/8817,6.872e-13,Common,generative,WizNerdz #3305,,,Standard
7408,6367,6367/8817,6.872e-13,Common,generative,WizNerdz #7408,,,Standard
5340,6368,6368/8817,6.872e-13,Common,generative,WizNerdz #5340,,,Standard
1038,6369,6369/8817,6.878e-13,Common,generative,WizNerdz #1038,,,Standard
101,6370,6370/8817,6.885e-13,Common,generative,WizNerdz #101,,,Standard
7107,6371,6371/8817,6.891e-13,Common,generative,WizNerdz #7107,,,Standard
758,6372,6372/8817,6.895e-13,Common,generative,WizNerdz #758,,,Standard
2279,6373,6373/8817,6.901e-13,Common,generative,WizNerdz #2279,,,Standard
6175,6374,6374/8817,6.902e-13,Common,generative,WizNerdz #6175,,,Standard
8735,6375,6375/8817,6.911e-13,Common,generative,WizNerdz #8735,,,Standard
2416,6376,6376/8817,6.912e-13,Common,generative,WizNerdz #2416,,,Standard
7655,6377,6377/8817,6.913e-13,Common,generative,WizNerdz #7655,,,Standard
905,6378,6378/8817,6.914e-13,Common,generative,WizNerdz #905,,,Standard
7591,6379,6379/8817,6.915e-13,Common,generative,WizNerdz #7591,,,Standard
4556,6380,6380/8817,6.922e-13,Common,generative,WizNerdz #4556,,,Standard
8691,6381,6381/8817,6.931e-13,Common,generative,WizNerdz #8691,,,Standard
7222,6382,6382/8817,6.935e-13,Common,generative,WizNerdz #7222,,,Standard
4713,6383,6383/8817,6.939e-13,Common,generative,WizNerdz #4713,,,Standard
1949,6384,6384/8817,6.942e-13,Common,generative,WizNerdz #1949,,,Standard
5403,6385,6385/8817,6.945e-13,Common,generative,WizNerdz #5403,,,Standard
3236,6386,6386/8817,6.948e-13,Common,generative,WizNerdz #3236,,,Standard
1831,6387,6387/8817,6.948e-13,Common,generative,WizNerdz #1831,,,Standard
7706,6388,6388/8817,6.949e-13,Common,generative,WizNerdz #7706,,,Standard
1711,6389,6389/8817,6.952e-13,Common,generative,WizNerdz #1711,,,Standard
8247,6390,6390/8817,6.959e-13,Common,generative,WizNerdz #8247,,,Standard
6335,6391,6391/8817,6.96e-13,Common,generative,WizNerdz #6335,,,Standard
8451,6392,6392/8817,6.965e-13,Common,generative,WizNerdz #8451,,,Standard
8163,6393,6393/8817,6.976e-13,Common,generative,WizNerdz #8163,,,Standard
3846,6394,6394/8817,6.978e-13,Common,generative,WizNerdz #3846,,,Standard
1037,6395,6395/8817,6.986e-13,Common,generative,WizNerdz #1037,,,Standard
1022,6396,6396/8817,6.988e-13,Common,generative,WizNerdz #1022,,,Standard
7002,6397,6397/8817,6.998e-13,Common,generative,WizNerdz #7002,,,Standard
3061,6398,6398/8817,7.008e-13,Common,generative,WizNerdz #3061,,,Standard
7715,6399,6399/8817,7.011e-13,Common,generative,WizNerdz #7715,,,Standard
6246,6400,6400/8817,7.015e-13,Common,generative,WizNerdz #6246,,,Standard
1685,6401,6401/8817,7.022e-13,Common,generative,WizNerdz #1685,,,Standard
4593,6402,6402/8817,7.031e-13,Common,generative,WizNerdz #4593,,,Standard
362,6403,6403/8817,7.04e-13,Common,generative,WizNerdz #362,,,Standard
3194,6404,6404/8817,7.048e-13,Common,generative,WizNerdz #3194,,,Standard
4042,6405,6405/8817,7.058e-13,Common,generative,WizNerdz #4042,,,Standard
580,6406,6406/8817,7.059e-13,Common,generative,WizNerdz #580,,,Standard
1908,6407,6407/8817,7.059e-13,Common,generative,WizNerdz #1908,,,Standard
6726,6408,6408/8817,7.065e-13,Common,generative,WizNerdz #6726,,,Standard
4423,6409,6409/8817,7.067e-13,Common,generative,WizNerdz #4423,,,Standard
2496,6410,6410/8817,7.068e-13,Common,generative,WizNerdz #2496,,,Standard
7569,6411,6411/8817,7.07e-13,Common,generative,WizNerdz #7569,,,Standard
5198,6412,6412/8817,7.072e-13,Common,generative,WizNerdz #5198,,,Standard
6100,6413,6413/8817,7.073e-13,Common,generative,WizNerdz #6100,,,Standard
15,6414,6414/8817,7.081e-13,Common,generative,WizNerdz #15,,,Standard
118,6415,6415/8817,7.083e-13,Common,generative,WizNerdz #118,,,Standard
599,6416,6416/8817,7.085e-13,Common,generative,WizNerdz #599,,,Standard
6667,6417,6417/8817,7.085e-13,Common,generative,WizNerdz #6667,,,Standard
6083,6418,6418/8817,7.091e-13,Common,generative,WizNerdz #6083,,,Standard
7238,6419,6419/8817,7.091e-13,Common,generative,WizNerdz #7238,,,Standard
5675,6420,6420/8817,7.096e-13,Common,generative,WizNerdz #5675,,,Standard
2247,6421,6421/8817,7.101e-13,Common,generative,WizNerdz #2247,,,Standard
6492,6422,6422/8817,7.106e-13,Common,generative,WizNerdz #6492,,,Standard
5510,6423,6423/8817,7.107e-13,Common,generative,WizNerdz #5510,,,Standard
1811,6424,6424/8817,7.119e-13,Common,generative,WizNerdz #1811,,,Standard
923,6425,6425/8817,7.123e-13,Common,generative,WizNerdz #923,,,Standard
2385,6426,6426/8817,7.139e-13,Common,generative,WizNerdz #2385,,,Standard
5252,6427,6427/8817,7.143e-13,Common,generative,WizNerdz #5252,,,Standard
812,6428,6428/8817,7.15e-13,Common,generative,WizNerdz #812,,,Standard
4999,6429,6429/8817,7.152e-13,Common,generative,WizNerdz #4999,,,Standard
3759,6430,6430/8817,7.154e-13,Common,generative,WizNerdz #3759,,,Standard
7030,6431,6431/8817,7.157e-13,Common,generative,WizNerdz #7030,,,Standard
5069,6432,6432/8817,7.157e-13,Common,generative,WizNerdz #5069,,,Standard
2698,6433,6433/8817,7.167e-13,Common,generative,WizNerdz #2698,,,Standard
678,6434,6434/8817,7.169e-13,Common,generative,WizNerdz #678,,,Standard
188,6435,6435/8817,7.176e-13,Common,generative,WizNerdz #188,,,Standard
1851,6436,6436/8817,7.178e-13,Common,generative,WizNerdz #1851,,,Standard
4410,6437,6437/8817,7.178e-13,Common,generative,WizNerdz #4410,,,Standard
294,6438,6438/8817,7.193e-13,Common,generative,WizNerdz #294,,,Standard
6238,6439,6439/8817,7.194e-13,Common,generative,WizNerdz #6238,,,Standard
6104,6440,6440/8817,7.198e-13,Common,generative,WizNerdz #6104,,,Standard
2122,6441,6441/8817,7.199e-13,Common,generative,WizNerdz #2122,,,Standard
5540,6442,6442/8817,7.207e-13,Common,generative,WizNerdz #5540,,,Standard
8778,6443,6443/8817,7.225e-13,Common,generative,WizNerdz #8778,,,Standard
8090,6444,6444/8817,7.23e-13,Common,generative,WizNerdz #8090,,,Standard
5816,6445,6445/8817,7.233e-13,Common,generative,WizNerdz #5816,,,Standard
8298,6446,6446/8817,7.237e-13,Common,generative,WizNerdz #8298,,,Standard
6332,6447,6447/8817,7.249e-13,Common,generative,WizNerdz #6332,,,Standard
7973,6448,6448/8817,7.252e-13,Common,generative,WizNerdz #7973,,,Standard
3239,6449,6449/8817,7.255e-13,Common,generative,WizNerdz #3239,,,Standard
4927,6450,6450/8817,7.262e-13,Common,generative,WizNerdz #4927,,,Standard
2207,6451,6451/8817,7.263e-13,Common,generative,WizNerdz #2207,,,Standard
3511,6452,6452/8817,7.266e-13,Common,generative,WizNerdz #3511,,,Standard
951,6453,6453/8817,7.267e-13,Common,generative,WizNerdz #951,,,Standard
2630,6454,6454/8817,7.273e-13,Common,generative,WizNerdz #2630,,,Standard
7402,6455,6455/8817,7.28e-13,Common,generative,WizNerdz #7402,,,Standard
4374,6456,6456/8817,7.296e-13,Common,generative,WizNerdz #4374,,,Standard
262,6457,6457/8817,7.302e-13,Common,generative,WizNerdz #262,,,Standard
4915,6458,6458/8817,7.311e-13,Common,generative,WizNerdz #4915,,,Standard
5175,6459,6459/8817,7.315e-13,Common,generative,WizNerdz #5175,,,Standard
4412,6460,6460/8817,7.317e-13,Common,generative,WizNerdz #4412,,,Standard
7184,6461,6461/8817,7.329e-13,Common,generative,WizNerdz #7184,,,Standard
6659,6462,6462/8817,7.335e-13,Common,generative,WizNerdz #6659,,,Standard
523,6463,6463/8817,7.335e-13,Common,generative,WizNerdz #523,,,Standard
7123,6464,6464/8817,7.336e-13,Common,generative,WizNerdz #7123,,,Standard
6837,6465,6465/8817,7.342e-13,Common,generative,WizNerdz #6837,,,Standard
1383,6466,6466/8817,7.351e-13,Common,generative,WizNerdz #1383,,,Standard
3603,6467,6467/8817,7.353e-13,Common,generative,WizNerdz #3603,,,Standard
7902,6468,6468/8817,7.358e-13,Common,generative,WizNerdz #7902,,,Standard
3135,6469,6469/8817,7.368e-13,Common,generative,WizNerdz #3135,,,Standard
5353,6470,6470/8817,7.369e-13,Common,generative,WizNerdz #5353,,,Standard
831,6471,6471/8817,7.376e-13,Common,generative,WizNerdz #831,,,Standard
2145,6472,6472/8817,7.378e-13,Common,generative,WizNerdz #2145,,,Standard
7426,6473,6473/8817,7.379e-13,Common,generative,WizNerdz #7426,,,Standard
3529,6474,6474/8817,7.391e-13,Common,generative,WizNerdz #3529,,,Standard
4473,6475,6475/8817,7.397e-13,Common,generative,WizNerdz #4473,,,Standard
7906,6476,6476/8817,7.401e-13,Common,generative,WizNerdz #7906,,,Standard
2883,6477,6477/8817,7.402e-13,Common,generative,WizNerdz #2883,,,Standard
7773,6478,6478/8817,7.403e-13,Common,generative,WizNerdz #7773,,,Standard
7360,6479,6479/8817,7.409e-13,Common,generative,WizNerdz #7360,,,Standard
3555,6480,6480/8817,7.416e-13,Common,generative,WizNerdz #3555,,,Standard
1406,6481,6481/8817,7.421e-13,Common,generative,WizNerdz #1406,,,Standard
4633,6482,6482/8817,7.426e-13,Common,generative,WizNerdz #4633,,,Standard
5191,6483,6483/8817,7.427e-13,Common,generative,WizNerdz #5191,,,Standard
2276,6484,6484/8817,7.429e-13,Common,generative,WizNerdz #2276,,,Standard
6435,6485,6485/8817,7.438e-13,Common,generative,WizNerdz #6435,,,Standard
2250,6486,6486/8817,7.442e-13,Common,generative,WizNerdz #2250,,,Standard
5734,6487,6487/8817,7.451e-13,Common,generative,WizNerdz #5734,,,Standard
5347,6488,6488/8817,7.461e-13,Common,generative,WizNerdz #5347,,,Standard
1320,6489,6489/8817,7.465e-13,Common,generative,WizNerdz #1320,,,Standard
3484,6490,6490/8817,7.468e-13,Common,generative,WizNerdz #3484,,,Standard
1760,6491,6491/8817,7.469e-13,Common,generative,WizNerdz #1760,,,Standard
7169,6492,6492/8817,7.475e-13,Common,generative,WizNerdz #7169,,,Standard
1698,6493,6493/8817,7.492e-13,Common,generative,WizNerdz #1698,,,Standard
8205,6494,6494/8817,7.493e-13,Common,generative,WizNerdz #8205,,,Standard
3801,6495,6495/8817,7.495e-13,Common,generative,WizNerdz #3801,,,Standard
191,6496,6496/8817,7.5e-13,Common,generative,WizNerdz #191,,,Standard
8834,6497,6497/8817,7.517e-13,Common,generative,WizNerdz #8834,,,Standard
5844,6498,6498/8817,7.541e-13,Common,generative,WizNerdz #5844,,,Standard
175,6499,6499/8817,7.548e-13,Common,generative,WizNerdz #175,,,Standard
963,6500,6500/8817,7.549e-13,Common,generative,WizNerdz #963,,,Standard
8467,6501,6501/8817,7.55e-13,Common,generative,WizNerdz #8467,,,Standard
8039,6502,6502/8817,7.556e-13,Common,generative,WizNerdz #8039,,,Standard
7278,6503,6503/8817,7.559e-13,Common,generative,WizNerdz #7278,,,Standard
4476,6504,6504/8817,7.569e-13,Common,generative,WizNerdz #4476,,,Standard
3410,6505,6505/8817,7.569e-13,Common,generative,WizNerdz #3410,,,Standard
1784,6506,6506/8817,7.58e-13,Common,generative,WizNerdz #1784,,,Standard
8695,6507,6507/8817,7.592e-13,Common,generative,WizNerdz #8695,,,Standard
7379,6508,6508/8817,7.594e-13,Common,generative,WizNerdz #7379,,,Standard
8758,6509,6509/8817,7.594e-13,Common,generative,WizNerdz #8758,,,Standard
7149,6510,6510/8817,7.597e-13,Common,generative,WizNerdz #7149,,,Standard
3771,6511,6511/8817,7.598e-13,Common,generative,WizNerdz #3771,,,Standard
5712,6512,6512/8817,7.6e-13,Common,generative,WizNerdz #5712,,,Standard
6887,6513,6513/8817,7.6e-13,Common,generative,WizNerdz #6887,,,Standard
6607,6514,6514/8817,7.602e-13,Common,generative,WizNerdz #6607,,,Standard
7820,6515,6515/8817,7.607e-13,Common,generative,WizNerdz #7820,,,Standard
2152,6516,6516/8817,7.614e-13,Common,generative,WizNerdz #2152,,,Standard
7805,6517,6517/8817,7.624e-13,Common,generative,WizNerdz #7805,,,Standard
3272,6518,6518/8817,7.625e-13,Common,generative,WizNerdz #3272,,,Standard
6125,6519,6519/8817,7.632e-13,Common,generative,WizNerdz #6125,,,Standard
1994,6520,6520/8817,7.659e-13,Common,generative,WizNerdz #1994,,,Standard
309,6521,6521/8817,7.66e-13,Common,generative,WizNerdz #309,,,Standard
3386,6522,6522/8817,7.668e-13,Common,generative,WizNerdz #3386,,,Standard
8608,6523,6523/8817,7.669e-13,Common,generative,WizNerdz #8608,,,Standard
1553,6524,6524/8817,7.687e-13,Common,generative,WizNerdz #1553,,,Standard
270,6525,6525/8817,7.692e-13,Common,generative,WizNerdz #270,,,Standard
7983,6526,6526/8817,7.694e-13,Common,generative,WizNerdz #7983,,,Standard
187,6527,6527/8817,7.694e-13,Common,generative,WizNerdz #187,,,Standard
4655,6528,6528/8817,7.7e-13,Common,generative,WizNerdz #4655,,,Standard
8679,6529,6529/8817,7.702e-13,Common,generative,WizNerdz #8679,,,Standard
7160,6530,6530/8817,7.704e-13,Common,generative,WizNerdz #7160,,,Standard
8075,6531,6531/8817,7.708e-13,Common,generative,WizNerdz #8075,,,Standard
3495,6532,6532/8817,7.715e-13,Common,generative,WizNerdz #3495,,,Standard
7510,6533,6533/8817,7.723e-13,Common,generative,WizNerdz #7510,,,Standard
3984,6534,6534/8817,7.735e-13,Common,generative,WizNerdz #3984,,,Standard
7796,6535,6535/8817,7.736e-13,Common,generative,WizNerdz #7796,,,Standard
7041,6536,6536/8817,7.739e-13,Common,generative,WizNerdz #7041,,,Standard
8627,6537,6537/8817,7.742e-13,Common,generative,WizNerdz #8627,,,Standard
5006,6538,6538/8817,7.754e-13,Common,generative,WizNerdz #5006,,,Standard
8427,6539,6539/8817,7.756e-13,Common,generative,WizNerdz #8427,,,Standard
6963,6540,6540/8817,7.758e-13,Common,generative,WizNerdz #6963,,,Standard
3365,6541,6541/8817,7.763e-13,Common,generative,WizNerdz #3365,,,Standard
5146,6542,6542/8817,7.765e-13,Common,generative,WizNerdz #5146,,,Standard
6621,6543,6543/8817,7.767e-13,Common,generative,WizNerdz #6621,,,Standard
1586,6544,6544/8817,7.768e-13,Common,generative,WizNerdz #1586,,,Standard
8817,6545,6545/8817,7.768e-13,Common,generative,WizNerdz #8817,,,Standard
7544,6546,6546/8817,7.768e-13,Common,generative,WizNerdz #7544,,,Standard
4925,6547,6547/8817,7.782e-13,Common,generative,WizNerdz #4925,,,Standard
7246,6548,6548/8817,7.782e-13,Common,generative,WizNerdz #7246,,,Standard
235,6549,6549/8817,7.791e-13,Common,generative,WizNerdz #235,,,Standard
8792,6550,6550/8817,7.792e-13,Common,generative,WizNerdz #8792,,,Standard
5581,6551,6551/8817,7.801e-13,Common,generative,WizNerdz #5581,,,Standard
4716,6552,6552/8817,7.804e-13,Common,generative,WizNerdz #4716,,,Standard
5373,6553,6553/8817,7.809e-13,Common,generative,WizNerdz #5373,,,Standard
1263,6554,6554/8817,7.82e-13,Common,generative,WizNerdz #1263,,,Standard
5716,6555,6555/8817,7.821e-13,Common,generative,WizNerdz #5716,,,Standard
2876,6556,6556/8817,7.823e-13,Common,generative,WizNerdz #2876,,,Standard
5959,6557,6557/8817,7.831e-13,Common,generative,WizNerdz #5959,,,Standard
7873,6558,6558/8817,7.836e-13,Common,generative,WizNerdz #7873,,,Standard
4720,6559,6559/8817,7.838e-13,Common,generative,WizNerdz #4720,,,Standard
7911,6560,6560/8817,7.839e-13,Common,generative,WizNerdz #7911,,,Standard
3980,6561,6561/8817,7.839e-13,Common,generative,WizNerdz #3980,,,Standard
1536,6562,6562/8817,7.839e-13,Common,generative,WizNerdz #1536,,,Standard
2780,6563,6563/8817,7.847e-13,Common,generative,WizNerdz #2780,,,Standard
3950,6564,6564/8817,7.861e-13,Common,generative,WizNerdz #3950,,,Standard
4595,6565,6565/8817,7.861e-13,Common,generative,WizNerdz #4595,,,Standard
4577,6566,6566/8817,7.864e-13,Common,generative,WizNerdz #4577,,,Standard
6091,6567,6567/8817,7.865e-13,Common,generative,WizNerdz #6091,,,Standard
7433,6568,6568/8817,7.867e-13,Common,generative,WizNerdz #7433,,,Standard
4882,6569,6569/8817,7.892e-13,Common,generative,WizNerdz #4882,,,Standard
4557,6570,6570/8817,7.895e-13,Common,generative,WizNerdz #4557,,,Standard
7003,6571,6571/8817,7.896e-13,Common,generative,WizNerdz #7003,,,Standard
665,6572,6572/8817,7.897e-13,Common,generative,WizNerdz #665,,,Standard
7306,6573,6573/8817,7.897e-13,Common,generative,WizNerdz #7306,,,Standard
2015,6574,6574/8817,7.898e-13,Common,generative,WizNerdz #2015,,,Standard
4319,6575,6575/8817,7.903e-13,Common,generative,WizNerdz #4319,,,Standard
526,6576,6576/8817,7.904e-13,Common,generative,WizNerdz #526,,,Standard
2649,6577,6577/8817,7.91e-13,Common,generative,WizNerdz #2649,,,Standard
1224,6578,6578/8817,7.913e-13,Common,generative,WizNerdz #1224,,,Standard
3568,6579,6579/8817,7.914e-13,Common,generative,WizNerdz #3568,,,Standard
4409,6580,6580/8817,7.915e-13,Common,generative,WizNerdz #4409,,,Standard
7545,6581,6581/8817,7.921e-13,Common,generative,WizNerdz #7545,,,Standard
78,6582,6582/8817,7.927e-13,Common,generative,WizNerdz #78,,,Standard
7741,6583,6583/8817,7.929e-13,Common,generative,WizNerdz #7741,,,Standard
5980,6584,6584/8817,7.93e-13,Common,generative,WizNerdz #5980,,,Standard
3889,6585,6585/8817,7.934e-13,Common,generative,WizNerdz #3889,,,Standard
3985,6586,6586/8817,7.944e-13,Common,generative,WizNerdz #3985,,,Standard
8417,6587,6587/8817,7.946e-13,Common,generative,WizNerdz #8417,,,Standard
5714,6588,6588/8817,7.951e-13,Common,generative,WizNerdz #5714,,,Standard
3683,6589,6589/8817,7.957e-13,Common,generative,WizNerdz #3683,,,Standard
1007,6590,6590/8817,7.964e-13,Common,generative,WizNerdz #1007,,,Standard
8511,6591,6591/8817,7.964e-13,Common,generative,WizNerdz #8511,,,Standard
5254,6592,6592/8817,7.965e-13,Common,generative,WizNerdz #5254,,,Standard
4347,6593,6593/8817,7.972e-13,Common,generative,WizNerdz #4347,,,Standard
8595,6594,6594/8817,7.979e-13,Common,generative,WizNerdz #8595,,,Standard
8263,6595,6595/8817,7.988e-13,Common,generative,WizNerdz #8263,,,Standard
4065,6596,6596/8817,7.988e-13,Common,generative,WizNerdz #4065,,,Standard
4729,6597,6597/8817,7.989e-13,Common,generative,WizNerdz #4729,,,Standard
3584,6598,6598/8817,7.996e-13,Common,generative,WizNerdz #3584,,,Standard
4259,6599,6599/8817,7.997e-13,Common,generative,WizNerdz #4259,,,Standard
8816,6600,6600/8817,7.999e-13,Common,generative,WizNerdz #8816,,,Standard
6927,6601,6601/8817,8.001e-13,Common,generative,WizNerdz #6927,,,Standard
3102,6602,6602/8817,8.008e-13,Common,generative,WizNerdz #3102,,,Standard
4799,6603,6603/8817,8.02e-13,Common,generative,WizNerdz #4799,,,Standard
8612,6604,6604/8817,8.037e-13,Common,generative,WizNerdz #8612,,,Standard
3834,6605,6605/8817,8.04e-13,Common,generative,WizNerdz #3834,,,Standard
7780,6606,6606/8817,8.043e-13,Common,generative,WizNerdz #7780,,,Standard
1855,6607,6607/8817,8.043e-13,Common,generative,WizNerdz #1855,,,Standard
7823,6608,6608/8817,8.044e-13,Common,generative,WizNerdz #7823,,,Standard
4912,6609,6609/8817,8.046e-13,Common,generative,WizNerdz #4912,,,Standard
6554,6610,6610/8817,8.047e-13,Common,generative,WizNerdz #6554,,,Standard
6287,6611,6611/8817,8.052e-13,Common,generative,WizNerdz #6287,,,Standard
2553,6612,6612/8817,8.052e-13,Common,generative,WizNerdz #2553,,,Standard
4291,6613,6613/8817,8.059e-13,Common,generative,WizNerdz #4291,,,Standard
4151,6614,6614/8817,8.059e-13,Common,generative,WizNerdz #4151,,,Standard
6957,6615,6615/8817,8.062e-13,Common,generative,WizNerdz #6957,,,Standard
2624,6616,6616/8817,8.063e-13,Common,generative,WizNerdz #2624,,,Standard
5458,6617,6617/8817,8.075e-13,Common,generative,WizNerdz #5458,,,Standard
5550,6618,6618/8817,8.075e-13,Common,generative,WizNerdz #5550,,,Standard
746,6619,6619/8817,8.088e-13,Common,generative,WizNerdz #746,,,Standard
8166,6620,6620/8817,8.089e-13,Common,generative,WizNerdz #8166,,,Standard
559,6621,6621/8817,8.092e-13,Common,generative,WizNerdz #559,,,Standard
3103,6622,6622/8817,8.113e-13,Common,generative,WizNerdz #3103,,,Standard
8658,6623,6623/8817,8.114e-13,Common,generative,WizNerdz #8658,,,Standard
601,6624,6624/8817,8.134e-13,Common,generative,WizNerdz #601,,,Standard
8129,6625,6625/8817,8.135e-13,Common,generative,WizNerdz #8129,,,Standard
4947,6626,6626/8817,8.138e-13,Common,generative,WizNerdz #4947,,,Standard
3418,6627,6627/8817,8.142e-13,Common,generative,WizNerdz #3418,,,Standard
7691,6628,6628/8817,8.145e-13,Common,generative,WizNerdz #7691,,,Standard
4678,6629,6629/8817,8.15e-13,Common,generative,WizNerdz #4678,,,Standard
6792,6630,6630/8817,8.153e-13,Common,generative,WizNerdz #6792,,,Standard
3922,6631,6631/8817,8.164e-13,Common,generative,WizNerdz #3922,,,Standard
8149,6632,6632/8817,8.182e-13,Common,generative,WizNerdz #8149,,,Standard
3919,6633,6633/8817,8.186e-13,Common,generative,WizNerdz #3919,,,Standard
8454,6634,6634/8817,8.196e-13,Common,generative,WizNerdz #8454,,,Standard
6456,6635,6635/8817,8.198e-13,Common,generative,WizNerdz #6456,,,Standard
6519,6636,6636/8817,8.199e-13,Common,generative,WizNerdz #6519,,,Standard
7950,6637,6637/8817,8.2e-13,Common,generative,WizNerdz #7950,,,Standard
2047,6638,6638/8817,8.203e-13,Common,generative,WizNerdz #2047,,,Standard
3046,6639,6639/8817,8.204e-13,Common,generative,WizNerdz #3046,,,Standard
3098,6640,6640/8817,8.209e-13,Common,generative,WizNerdz #3098,,,Standard
8402,6641,6641/8817,8.211e-13,Common,generative,WizNerdz #8402,,,Standard
8126,6642,6642/8817,8.213e-13,Common,generative,WizNerdz #8126,,,Standard
7560,6643,6643/8817,8.22e-13,Common,generative,WizNerdz #7560,,,Standard
130,6644,6644/8817,8.226e-13,Common,generative,WizNerdz #130,,,Standard
7711,6645,6645/8817,8.23e-13,Common,generative,WizNerdz #7711,,,Standard
8277,6646,6646/8817,8.238e-13,Common,generative,WizNerdz #8277,,,Standard
4376,6647,6647/8817,8.255e-13,Common,generative,WizNerdz #4376,,,Standard
2640,6648,6648/8817,8.255e-13,Common,generative,WizNerdz #2640,,,Standard
7250,6649,6649/8817,8.259e-13,Common,generative,WizNerdz #7250,,,Standard
8449,6650,6650/8817,8.263e-13,Common,generative,WizNerdz #8449,,,Standard
2986,6651,6651/8817,8.288e-13,Common,generative,WizNerdz #2986,,,Standard
1113,6652,6652/8817,8.292e-13,Common,generative,WizNerdz #1113,,,Standard
2812,6653,6653/8817,8.297e-13,Common,generative,WizNerdz #2812,,,Standard
2327,6654,6654/8817,8.299e-13,Common,generative,WizNerdz #2327,,,Standard
7486,6655,6655/8817,8.334e-13,Common,generative,WizNerdz #7486,,,Standard
215,6656,6656/8817,8.342e-13,Common,generative,WizNerdz #215,,,Standard
2159,6657,6657/8817,8.355e-13,Common,generative,WizNerdz #2159,,,Standard
4172,6658,6658/8817,8.36e-13,Common,generative,WizNerdz #4172,,,Standard
5128,6659,6659/8817,8.369e-13,Common,generative,WizNerdz #5128,,,Standard
1101,6660,6660/8817,8.372e-13,Common,generative,WizNerdz #1101,,,Standard
1913,6661,6661/8817,8.374e-13,Common,generative,WizNerdz #1913,,,Standard
6338,6662,6662/8817,8.382e-13,Common,generative,WizNerdz #6338,,,Standard
3863,6663,6663/8817,8.383e-13,Common,generative,WizNerdz #3863,,,Standard
3165,6664,6664/8817,8.389e-13,Common,generative,WizNerdz #3165,,,Standard
5812,6665,6665/8817,8.394e-13,Common,generative,WizNerdz #5812,,,Standard
268,6666,6666/8817,8.398e-13,Common,generative,WizNerdz #268,,,Standard
290,6667,6667/8817,8.402e-13,Common,generative,WizNerdz #290,,,Standard
49,6668,6668/8817,8.407e-13,Common,generative,WizNerdz #49,,,Standard
8448,6669,6669/8817,8.409e-13,Common,generative,WizNerdz #8448,,,Standard
1548,6670,6670/8817,8.416e-13,Common,generative,WizNerdz #1548,,,Standard
4849,6671,6671/8817,8.417e-13,Common,generative,WizNerdz #4849,,,Standard
3756,6672,6672/8817,8.419e-13,Common,generative,WizNerdz #3756,,,Standard
5143,6673,6673/8817,8.441e-13,Common,generative,WizNerdz #5143,,,Standard
7894,6674,6674/8817,8.443e-13,Common,generative,WizNerdz #7894,,,Standard
4,6675,6675/8817,8.46e-13,Common,generative,WizNerdz #4,,,Standard
863,6676,6676/8817,8.465e-13,Common,generative,WizNerdz #863,,,Standard
6463,6677,6677/8817,8.47e-13,Common,generative,WizNerdz #6463,,,Standard
6172,6678,6678/8817,8.472e-13,Common,generative,WizNerdz #6172,,,Standard
5498,6679,6679/8817,8.475e-13,Common,generative,WizNerdz #5498,,,Standard
5039,6680,6680/8817,8.479e-13,Common,generative,WizNerdz #5039,,,Standard
8099,6681,6681/8817,8.483e-13,Common,generative,WizNerdz #8099,,,Standard
8408,6682,6682/8817,8.491e-13,Common,generative,WizNerdz #8408,,,Standard
7566,6683,6683/8817,8.497e-13,Common,generative,WizNerdz #7566,,,Standard
5935,6684,6684/8817,8.502e-13,Common,generative,WizNerdz #5935,,,Standard
1030,6685,6685/8817,8.503e-13,Common,generative,WizNerdz #1030,,,Standard
7572,6686,6686/8817,8.512e-13,Common,generative,WizNerdz #7572,,,Standard
597,6687,6687/8817,8.512e-13,Common,generative,WizNerdz #597,,,Standard
5349,6688,6688/8817,8.514e-13,Common,generative,WizNerdz #5349,,,Standard
8704,6689,6689/8817,8.516e-13,Common,generative,WizNerdz #8704,,,Standard
418,6690,6690/8817,8.537e-13,Common,generative,WizNerdz #418,,,Standard
7638,6691,6691/8817,8.539e-13,Common,generative,WizNerdz #7638,,,Standard
5684,6692,6692/8817,8.544e-13,Common,generative,WizNerdz #5684,,,Standard
2073,6693,6693/8817,8.553e-13,Common,generative,WizNerdz #2073,,,Standard
7916,6694,6694/8817,8.557e-13,Common,generative,WizNerdz #7916,,,Standard
6776,6695,6695/8817,8.584e-13,Common,generative,WizNerdz #6776,,,Standard
8684,6696,6696/8817,8.585e-13,Common,generative,WizNerdz #8684,,,Standard
7639,6697,6697/8817,8.591e-13,Common,generative,WizNerdz #7639,,,Standard
8155,6698,6698/8817,8.592e-13,Common,generative,WizNerdz #8155,,,Standard
413,6699,6699/8817,8.626e-13,Common,generative,WizNerdz #413,,,Standard
552,6700,6700/8817,8.636e-13,Common,generative,WizNerdz #552,,,Standard
1416,6701,6701/8817,8.636e-13,Common,generative,WizNerdz #1416,,,Standard
5894,6702,6702/8817,8.637e-13,Common,generative,WizNerdz #5894,,,Standard
7768,6703,6703/8817,8.641e-13,Common,generative,WizNerdz #7768,,,Standard
3513,6704,6704/8817,8.641e-13,Common,generative,WizNerdz #3513,,,Standard
6749,6705,6705/8817,8.651e-13,Common,generative,WizNerdz #6749,,,Standard
6277,6706,6706/8817,8.659e-13,Common,generative,WizNerdz #6277,,,Standard
3330,6707,6707/8817,8.669e-13,Common,generative,WizNerdz #3330,,,Standard
527,6708,6708/8817,8.671e-13,Common,generative,WizNerdz #527,,,Standard
7629,6709,6709/8817,8.674e-13,Common,generative,WizNerdz #7629,,,Standard
1813,6710,6710/8817,8.677e-13,Common,generative,WizNerdz #1813,,,Standard
5150,6711,6711/8817,8.69e-13,Common,generative,WizNerdz #5150,,,Standard
596,6712,6712/8817,8.694e-13,Common,generative,WizNerdz #596,,,Standard
4628,6713,6713/8817,8.715e-13,Common,generative,WizNerdz #4628,,,Standard
134,6714,6714/8817,8.718e-13,Common,generative,WizNerdz #134,,,Standard
6385,6715,6715/8817,8.719e-13,Common,generative,WizNerdz #6385,,,Standard
8863,6716,6716/8817,8.725e-13,Common,generative,WizNerdz #8863,,,Standard
3853,6717,6717/8817,8.732e-13,Common,generative,WizNerdz #3853,,,Standard
8032,6718,6718/8817,8.749e-13,Common,generative,WizNerdz #8032,,,Standard
1061,6719,6719/8817,8.754e-13,Common,generative,WizNerdz #1061,,,Standard
3899,6720,6720/8817,8.769e-13,Common,generative,WizNerdz #3899,,,Standard
7588,6721,6721/8817,8.775e-13,Common,generative,WizNerdz #7588,,,Standard
3115,6722,6722/8817,8.777e-13,Common,generative,WizNerdz #3115,,,Standard
2236,6723,6723/8817,8.798e-13,Common,generative,WizNerdz #2236,,,Standard
8092,6724,6724/8817,8.813e-13,Common,generative,WizNerdz #8092,,,Standard
7909,6725,6725/8817,8.813e-13,Common,generative,WizNerdz #7909,,,Standard
4598,6726,6726/8817,8.813e-13,Common,generative,WizNerdz #4598,,,Standard
8204,6727,6727/8817,8.818e-13,Common,generative,WizNerdz #8204,,,Standard
3367,6728,6728/8817,8.819e-13,Common,generative,WizNerdz #3367,,,Standard
7701,6729,6729/8817,8.845e-13,Common,generative,WizNerdz #7701,,,Standard
2070,6730,6730/8817,8.847e-13,Common,generative,WizNerdz #2070,,,Standard
6783,6731,6731/8817,8.848e-13,Common,generative,WizNerdz #6783,,,Standard
3268,6732,6732/8817,8.852e-13,Common,generative,WizNerdz #3268,,,Standard
428,6733,6733/8817,8.864e-13,Common,generative,WizNerdz #428,,,Standard
7574,6734,6734/8817,8.871e-13,Common,generative,WizNerdz #7574,,,Standard
2804,6735,6735/8817,8.871e-13,Common,generative,WizNerdz #2804,,,Standard
35,6736,6736/8817,8.872e-13,Common,generative,WizNerdz #35,,,Standard
3169,6737,6737/8817,8.878e-13,Common,generative,WizNerdz #3169,,,Standard
8580,6738,6738/8817,8.893e-13,Common,generative,WizNerdz #8580,,,Standard
7783,6739,6739/8817,8.897e-13,Common,generative,WizNerdz #7783,,,Standard
1535,6740,6740/8817,8.9e-13,Common,generative,WizNerdz #1535,,,Standard
3090,6741,6741/8817,8.904e-13,Common,generative,WizNerdz #3090,,,Standard
8587,6742,6742/8817,8.905e-13,Common,generative,WizNerdz #8587,,,Standard
2660,6743,6743/8817,8.908e-13,Common,generative,WizNerdz #2660,,,Standard
2562,6744,6744/8817,8.917e-13,Common,generative,WizNerdz #2562,,,Standard
2486,6745,6745/8817,8.923e-13,Common,generative,WizNerdz #2486,,,Standard
7316,6746,6746/8817,8.945e-13,Common,generative,WizNerdz #7316,,,Standard
4750,6747,6747/8817,8.96e-13,Common,generative,WizNerdz #4750,,,Standard
707,6748,6748/8817,8.97e-13,Common,generative,WizNerdz #707,,,Standard
660,6749,6749/8817,8.97e-13,Common,generative,WizNerdz #660,,,Standard
2912,6750,6750/8817,8.971e-13,Common,generative,WizNerdz #2912,,,Standard
5612,6751,6751/8817,8.984e-13,Common,generative,WizNerdz #5612,,,Standard
2463,6752,6752/8817,8.991e-13,Common,generative,WizNerdz #2463,,,Standard
728,6753,6753/8817,8.995e-13,Common,generative,WizNerdz #728,,,Standard
1217,6754,6754/8817,9.017e-13,Common,generative,WizNerdz #1217,,,Standard
775,6755,6755/8817,9.027e-13,Common,generative,WizNerdz #775,,,Standard
6536,6756,6756/8817,9.029e-13,Common,generative,WizNerdz #6536,,,Standard
1276,6757,6757/8817,9.03e-13,Common,generative,WizNerdz #1276,,,Standard
8050,6758,6758/8817,9.035e-13,Common,generative,WizNerdz #8050,,,Standard
890,6759,6759/8817,9.047e-13,Common,generative,WizNerdz #890,,,Standard
2606,6760,6760/8817,9.048e-13,Common,generative,WizNerdz #2606,,,Standard
852,6761,6761/8817,9.053e-13,Common,generative,WizNerdz #852,,,Standard
7552,6762,6762/8817,9.058e-13,Common,generative,WizNerdz #7552,,,Standard
6309,6763,6763/8817,9.06e-13,Common,generative,WizNerdz #6309,,,Standard
840,6764,6764/8817,9.072e-13,Common,generative,WizNerdz #840,,,Standard
6831,6765,6765/8817,9.079e-13,Common,generative,WizNerdz #6831,,,Standard
6688,6766,6766/8817,9.084e-13,Common,generative,WizNerdz #6688,,,Standard
3113,6767,6767/8817,9.087e-13,Common,generative,WizNerdz #3113,,,Standard
4680,6768,6768/8817,9.096e-13,Common,generative,WizNerdz #4680,,,Standard
1390,6769,6769/8817,9.111e-13,Common,generative,WizNerdz #1390,,,Standard
2695,6770,6770/8817,9.115e-13,Common,generative,WizNerdz #2695,,,Standard
1812,6771,6771/8817,9.117e-13,Common,generative,WizNerdz #1812,,,Standard
7876,6772,6772/8817,9.129e-13,Common,generative,WizNerdz #7876,,,Standard
2743,6773,6773/8817,9.142e-13,Common,generative,WizNerdz #2743,,,Standard
4033,6774,6774/8817,9.148e-13,Common,generative,WizNerdz #4033,,,Standard
8028,6775,6775/8817,9.166e-13,Common,generative,WizNerdz #8028,,,Standard
5888,6776,6776/8817,9.17e-13,Common,generative,WizNerdz #5888,,,Standard
6946,6777,6777/8817,9.174e-13,Common,generative,WizNerdz #6946,,,Standard
7233,6778,6778/8817,9.176e-13,Common,generative,WizNerdz #7233,,,Standard
5188,6779,6779/8817,9.18e-13,Common,generative,WizNerdz #5188,,,Standard
4251,6780,6780/8817,9.181e-13,Common,generative,WizNerdz #4251,,,Standard
1976,6781,6781/8817,9.196e-13,Common,generative,WizNerdz #1976,,,Standard
7502,6782,6782/8817,9.213e-13,Common,generative,WizNerdz #7502,,,Standard
7247,6783,6783/8817,9.242e-13,Common,generative,WizNerdz #7247,,,Standard
1971,6784,6784/8817,9.245e-13,Common,generative,WizNerdz #1971,,,Standard
102,6785,6785/8817,9.246e-13,Common,generative,WizNerdz #102,,,Standard
3640,6786,6786/8817,9.247e-13,Common,generative,WizNerdz #3640,,,Standard
5204,6787,6787/8817,9.251e-13,Common,generative,WizNerdz #5204,,,Standard
2500,6788,6788/8817,9.272e-13,Common,generative,WizNerdz #2500,,,Standard
6874,6789,6789/8817,9.272e-13,Common,generative,WizNerdz #6874,,,Standard
7437,6790,6790/8817,9.288e-13,Common,generative,WizNerdz #7437,,,Standard
7742,6791,6791/8817,9.297e-13,Common,generative,WizNerdz #7742,,,Standard
7985,6792,6792/8817,9.315e-13,Common,generative,WizNerdz #7985,,,Standard
8305,6793,6793/8817,9.317e-13,Common,generative,WizNerdz #8305,,,Standard
5025,6794,6794/8817,9.322e-13,Common,generative,WizNerdz #5025,,,Standard
8245,6795,6795/8817,9.323e-13,Common,generative,WizNerdz #8245,,,Standard
6921,6796,6796/8817,9.324e-13,Common,generative,WizNerdz #6921,,,Standard
3855,6797,6797/8817,9.328e-13,Common,generative,WizNerdz #3855,,,Standard
6263,6798,6798/8817,9.328e-13,Common,generative,WizNerdz #6263,,,Standard
7623,6799,6799/8817,9.333e-13,Common,generative,WizNerdz #7623,,,Standard
3930,6800,6800/8817,9.342e-13,Common,generative,WizNerdz #3930,,,Standard
351,6801,6801/8817,9.346e-13,Common,generative,WizNerdz #351,,,Standard
5324,6802,6802/8817,9.358e-13,Common,generative,WizNerdz #5324,,,Standard
5851,6803,6803/8817,9.36e-13,Common,generative,WizNerdz #5851,,,Standard
7860,6804,6804/8817,9.364e-13,Common,generative,WizNerdz #7860,,,Standard
3482,6805,6805/8817,9.381e-13,Common,generative,WizNerdz #3482,,,Standard
1596,6806,6806/8817,9.402e-13,Common,generative,WizNerdz #1596,,,Standard
1250,6807,6807/8817,9.409e-13,Common,generative,WizNerdz #1250,,,Standard
1676,6808,6808/8817,9.412e-13,Common,generative,WizNerdz #1676,,,Standard
8849,6809,6809/8817,9.414e-13,Common,generative,WizNerdz #8849,,,Standard
6276,6810,6810/8817,9.415e-13,Common,generative,WizNerdz #6276,,,Standard
7167,6811,6811/8817,9.425e-13,Common,generative,WizNerdz #7167,,,Standard
3814,6812,6812/8817,9.427e-13,Common,generative,WizNerdz #3814,,,Standard
7165,6813,6813/8817,9.44e-13,Common,generative,WizNerdz #7165,,,Standard
7307,6814,6814/8817,9.44e-13,Common,generative,WizNerdz #7307,,,Standard
3351,6815,6815/8817,9.443e-13,Common,generative,WizNerdz #3351,,,Standard
1280,6816,6816/8817,9.447e-13,Common,generative,WizNerdz #1280,,,Standard
7280,6817,6817/8817,9.463e-13,Common,generative,WizNerdz #7280,,,Standard
6486,6818,6818/8817,9.463e-13,Common,generative,WizNerdz #6486,,,Standard
6487,6819,6819/8817,9.465e-13,Common,generative,WizNerdz #6487,,,Standard
4610,6820,6820/8817,9.468e-13,Common,generative,WizNerdz #4610,,,Standard
2212,6821,6821/8817,9.474e-13,Common,generative,WizNerdz #2212,,,Standard
1496,6822,6822/8817,9.474e-13,Common,generative,WizNerdz #1496,,,Standard
52,6823,6823/8817,9.481e-13,Common,generative,WizNerdz #52,,,Standard
87,6824,6824/8817,9.494e-13,Common,generative,WizNerdz #87,,,Standard
5053,6825,6825/8817,9.498e-13,Common,generative,WizNerdz #5053,,,Standard
8107,6826,6826/8817,9.5e-13,Common,generative,WizNerdz #8107,,,Standard
3357,6827,6827/8817,9.505e-13,Common,generative,WizNerdz #3357,,,Standard
671,6828,6828/8817,9.505e-13,Common,generative,WizNerdz #671,,,Standard
4246,6829,6829/8817,9.507e-13,Common,generative,WizNerdz #4246,,,Standard
7328,6830,6830/8817,9.519e-13,Common,generative,WizNerdz #7328,,,Standard
160,6831,6831/8817,9.531e-13,Common,generative,WizNerdz #160,,,Standard
7268,6832,6832/8817,9.56e-13,Common,generative,WizNerdz #7268,,,Standard
2283,6833,6833/8817,9.57e-13,Common,generative,WizNerdz #2283,,,Standard
5664,6834,6834/8817,9.572e-13,Common,generative,WizNerdz #5664,,,Standard
4629,6835,6835/8817,9.573e-13,Common,generative,WizNerdz #4629,,,Standard
3976,6836,6836/8817,9.589e-13,Common,generative,WizNerdz #3976,,,Standard
6135,6837,6837/8817,9.59e-13,Common,generative,WizNerdz #6135,,,Standard
6315,6838,6838/8817,9.591e-13,Common,generative,WizNerdz #6315,,,Standard
6109,6839,6839/8817,9.607e-13,Common,generative,WizNerdz #6109,,,Standard
56,6840,6840/8817,9.614e-13,Common,generative,WizNerdz #56,,,Standard
6483,6841,6841/8817,9.615e-13,Common,generative,WizNerdz #6483,,,Standard
8819,6842,6842/8817,9.623e-13,Common,generative,WizNerdz #8819,,,Standard
4499,6843,6843/8817,9.63e-13,Common,generative,WizNerdz #4499,,,Standard
7567,6844,6844/8817,9.635e-13,Common,generative,WizNerdz #7567,,,Standard
3391,6845,6845/8817,9.647e-13,Common,generative,WizNerdz #3391,,,Standard
729,6846,6846/8817,9.688e-13,Common,generative,WizNerdz #729,,,Standard
8653,6847,6847/8817,9.691e-13,Common,generative,WizNerdz #8653,,,Standard
2386,6848,6848/8817,9.692e-13,Common,generative,WizNerdz #2386,,,Standard
4563,6849,6849/8817,9.697e-13,Common,generative,WizNerdz #4563,,,Standard
5624,6850,6850/8817,9.709e-13,Common,generative,WizNerdz #5624,,,Standard
1662,6851,6851/8817,9.712e-13,Common,generative,WizNerdz #1662,,,Standard
2258,6852,6852/8817,9.719e-13,Common,generative,WizNerdz #2258,,,Standard
3993,6853,6853/8817,9.725e-13,Common,generative,WizNerdz #3993,,,Standard
8575,6854,6854/8817,9.766e-13,Common,generative,WizNerdz #8575,,,Standard
4808,6855,6855/8817,9.771e-13,Common,generative,WizNerdz #4808,,,Standard
6282,6856,6856/8817,9.773e-13,Common,generative,WizNerdz #6282,,,Standard
4890,6857,6857/8817,9.775e-13,Common,generative,WizNerdz #4890,,,Standard
8037,6858,6858/8817,9.783e-13,Common,generative,WizNerdz #8037,,,Standard
7580,6859,6859/8817,9.787e-13,Common,generative,WizNerdz #7580,,,Standard
298,6860,6860/8817,9.795e-13,Common,generative,WizNerdz #298,,,Standard
8637,6861,6861/8817,9.81e-13,Common,generative,WizNerdz #8637,,,Standard
6236,6862,6862/8817,9.815e-13,Common,generative,WizNerdz #6236,,,Standard
7066,6863,6863/8817,9.818e-13,Common,generative,WizNerdz #7066,,,Standard
757,6864,6864/8817,9.822e-13,Common,generative,WizNerdz #757,,,Standard
664,6865,6865/8817,9.842e-13,Common,generative,WizNerdz #664,,,Standard
1171,6866,6866/8817,9.842e-13,Common,generative,WizNerdz #1171,,,Standard
1099,6867,6867/8817,9.853e-13,Common,generative,WizNerdz #1099,,,Standard
5629,6868,6868/8817,9.86e-13,Common,generative,WizNerdz #5629,,,Standard
5339,6869,6869/8817,9.865e-13,Common,generative,WizNerdz #5339,,,Standard
2113,6870,6870/8817,9.866e-13,Common,generative,WizNerdz #2113,,,Standard
1708,6871,6871/8817,9.871e-13,Common,generative,WizNerdz #1708,,,Standard
876,6872,6872/8817,9.888e-13,Common,generative,WizNerdz #876,,,Standard
8400,6873,6873/8817,9.902e-13,Common,generative,WizNerdz #8400,,,Standard
3207,6874,6874/8817,9.903e-13,Common,generative,WizNerdz #3207,,,Standard
252,6875,6875/8817,9.911e-13,Common,generative,WizNerdz #252,,,Standard
231,6876,6876/8817,9.921e-13,Common,generative,WizNerdz #231,,,Standard
6017,6877,6877/8817,9.936e-13,Common,generative,WizNerdz #6017,,,Standard
4651,6878,6878/8817,9.94e-13,Common,generative,WizNerdz #4651,,,Standard
7191,6879,6879/8817,9.946e-13,Common,generative,WizNerdz #7191,,,Standard
2841,6880,6880/8817,9.948e-13,Common,generative,WizNerdz #2841,,,Standard
5094,6881,6881/8817,9.948e-13,Common,generative,WizNerdz #5094,,,Standard
6076,6882,6882/8817,9.955e-13,Common,generative,WizNerdz #6076,,,Standard
595,6883,6883/8817,9.971e-13,Common,generative,WizNerdz #595,,,Standard
5147,6884,6884/8817,9.974e-13,Common,generative,WizNerdz #5147,,,Standard
4542,6885,6885/8817,9.985e-13,Common,generative,WizNerdz #4542,,,Standard
7836,6886,6886/8817,9.989e-13,Common,generative,WizNerdz #7836,,,Standard
2493,6887,6887/8817,9.99e-13,Common,generative,WizNerdz #2493,,,Standard
3416,6888,6888/8817,1e-12,Common,generative,WizNerdz #3416,,,Standard
2161,6889,6889/8817,1.0002e-12,Common,generative,WizNerdz #2161,,,Standard
5831,6890,6890/8817,1.0002e-12,Common,generative,WizNerdz #5831,,,Standard
6468,6891,6891/8817,1.0008e-12,Common,generative,WizNerdz #6468,,,Standard
2962,6892,6892/8817,1.001e-12,Common,generative,WizNerdz #2962,,,Standard
6042,6893,6893/8817,1.0013e-12,Common,generative,WizNerdz #6042,,,Standard
1794,6894,6894/8817,1.0016e-12,Common,generative,WizNerdz #1794,,,Standard
6756,6895,6895/8817,1.0046e-12,Common,generative,WizNerdz #6756,,,Standard
7737,6896,6896/8817,1.0046e-12,Common,generative,WizNerdz #7737,,,Standard
5153,6897,6897/8817,1.0065e-12,Common,generative,WizNerdz #5153,,,Standard
6186,6898,6898/8817,1.0068e-12,Common,generative,WizNerdz #6186,,,Standard
6262,6899,6899/8817,1.0069e-12,Common,generative,WizNerdz #6262,,,Standard
4943,6900,6900/8817,1.0083e-12,Common,generative,WizNerdz #4943,,,Standard
6991,6901,6901/8817,1.0093e-12,Common,generative,WizNerdz #6991,,,Standard
8302,6902,6902/8817,1.0099e-12,Common,generative,WizNerdz #8302,,,Standard
4133,6903,6903/8817,1.0119e-12,Common,generative,WizNerdz #4133,,,Standard
797,6904,6904/8817,1.0122e-12,Common,generative,WizNerdz #797,,,Standard
5832,6905,6905/8817,1.0124e-12,Common,generative,WizNerdz #5832,,,Standard
5059,6906,6906/8817,1.0137e-12,Common,generative,WizNerdz #5059,,,Standard
144,6907,6907/8817,1.0141e-12,Common,generative,WizNerdz #144,,,Standard
565,6908,6908/8817,1.015e-12,Common,generative,WizNerdz #565,,,Standard
3238,6909,6909/8817,1.0157e-12,Common,generative,WizNerdz #3238,,,Standard
7556,6910,6910/8817,1.0165e-12,Common,generative,WizNerdz #7556,,,Standard
3003,6911,6911/8817,1.0171e-12,Common,generative,WizNerdz #3003,,,Standard
2603,6912,6912/8817,1.0172e-12,Common,generative,WizNerdz #2603,,,Standard
6510,6913,6913/8817,1.0181e-12,Common,generative,WizNerdz #6510,,,Standard
1719,6914,6914/8817,1.0186e-12,Common,generative,WizNerdz #1719,,,Standard
5659,6915,6915/8817,1.0189e-12,Common,generative,WizNerdz #5659,,,Standard
864,6916,6916/8817,1.0199e-12,Common,generative,WizNerdz #864,,,Standard
2196,6917,6917/8817,1.02e-12,Common,generative,WizNerdz #2196,,,Standard
3182,6918,6918/8817,1.0204e-12,Common,generative,WizNerdz #3182,,,Standard
5667,6919,6919/8817,1.0209e-12,Common,generative,WizNerdz #5667,,,Standard
7598,6920,6920/8817,1.0211e-12,Common,generative,WizNerdz #7598,,,Standard
3381,6921,6921/8817,1.0214e-12,Common,generative,WizNerdz #3381,,,Standard
1331,6922,6922/8817,1.022e-12,Common,generative,WizNerdz #1331,,,Standard
6429,6923,6923/8817,1.0224e-12,Common,generative,WizNerdz #6429,,,Standard
5063,6924,6924/8817,1.0227e-12,Common,generative,WizNerdz #5063,,,Standard
6604,6925,6925/8817,1.0245e-12,Common,generative,WizNerdz #6604,,,Standard
6053,6926,6926/8817,1.0279e-12,Common,generative,WizNerdz #6053,,,Standard
1605,6927,6927/8817,1.0283e-12,Common,generative,WizNerdz #1605,,,Standard
4306,6928,6928/8817,1.0287e-12,Common,generative,WizNerdz #4306,,,Standard
7565,6929,6929/8817,1.0293e-12,Common,generative,WizNerdz #7565,,,Standard
7667,6930,6930/8817,1.0309e-12,Common,generative,WizNerdz #7667,,,Standard
3765,6931,6931/8817,1.0317e-12,Common,generative,WizNerdz #3765,,,Standard
2433,6932,6932/8817,1.032e-12,Common,generative,WizNerdz #2433,,,Standard
5872,6933,6933/8817,1.0326e-12,Common,generative,WizNerdz #5872,,,Standard
2909,6934,6934/8817,1.0328e-12,Common,generative,WizNerdz #2909,,,Standard
5991,6935,6935/8817,1.0342e-12,Common,generative,WizNerdz #5991,,,Standard
8361,6936,6936/8817,1.0344e-12,Common,generative,WizNerdz #8361,,,Standard
656,6937,6937/8817,1.0349e-12,Common,generative,WizNerdz #656,,,Standard
5620,6938,6938/8817,1.035e-12,Common,generative,WizNerdz #5620,,,Standard
6329,6939,6939/8817,1.037e-12,Common,generative,WizNerdz #6329,,,Standard
4278,6940,6940/8817,1.0373e-12,Common,generative,WizNerdz #4278,,,Standard
2048,6941,6941/8817,1.0384e-12,Common,generative,WizNerdz #2048,,,Standard
5622,6942,6942/8817,1.0397e-12,Common,generative,WizNerdz #5622,,,Standard
5523,6943,6943/8817,1.0429e-12,Common,generative,WizNerdz #5523,,,Standard
5688,6944,6944/8817,1.0434e-12,Common,generative,WizNerdz #5688,,,Standard
3597,6945,6945/8817,1.0449e-12,Common,generative,WizNerdz #3597,,,Standard
5287,6946,6946/8817,1.0454e-12,Common,generative,WizNerdz #5287,,,Standard
4425,6947,6947/8817,1.0456e-12,Common,generative,WizNerdz #4425,,,Standard
4414,6948,6948/8817,1.0461e-12,Common,generative,WizNerdz #4414,,,Standard
3803,6949,6949/8817,1.0477e-12,Common,generative,WizNerdz #3803,,,Standard
8781,6950,6950/8817,1.0478e-12,Common,generative,WizNerdz #8781,,,Standard
638,6951,6951/8817,1.0487e-12,Common,generative,WizNerdz #638,,,Standard
5576,6952,6952/8817,1.0489e-12,Common,generative,WizNerdz #5576,,,Standard
3807,6953,6953/8817,1.0491e-12,Common,generative,WizNerdz #3807,,,Standard
3816,6954,6954/8817,1.0525e-12,Common,generative,WizNerdz #3816,,,Standard
3921,6955,6955/8817,1.0528e-12,Common,generative,WizNerdz #3921,,,Standard
795,6956,6956/8817,1.053e-12,Common,generative,WizNerdz #795,,,Standard
228,6957,6957/8817,1.0535e-12,Common,generative,WizNerdz #228,,,Standard
4110,6958,6958/8817,1.055e-12,Common,generative,WizNerdz #4110,,,Standard
2235,6959,6959/8817,1.0562e-12,Common,generative,WizNerdz #2235,,,Standard
912,6960,6960/8817,1.0566e-12,Common,generative,WizNerdz #912,,,Standard
2302,6961,6961/8817,1.0575e-12,Common,generative,WizNerdz #2302,,,Standard
2027,6962,6962/8817,1.0578e-12,Common,generative,WizNerdz #2027,,,Standard
5886,6963,6963/8817,1.0581e-12,Common,generative,WizNerdz #5886,,,Standard
7315,6964,6964/8817,1.0584e-12,Common,generative,WizNerdz #7315,,,Standard
2563,6965,6965/8817,1.0588e-12,Common,generative,WizNerdz #2563,,,Standard
4772,6966,6966/8817,1.0589e-12,Common,generative,WizNerdz #4772,,,Standard
8424,6967,6967/8817,1.059e-12,Common,generative,WizNerdz #8424,,,Standard
455,6968,6968/8817,1.0593e-12,Common,generative,WizNerdz #455,,,Standard
282,6969,6969/8817,1.0603e-12,Common,generative,WizNerdz #282,,,Standard
5145,6970,6970/8817,1.0607e-12,Common,generative,WizNerdz #5145,,,Standard
4472,6971,6971/8817,1.0615e-12,Common,generative,WizNerdz #4472,,,Standard
7710,6972,6972/8817,1.0615e-12,Common,generative,WizNerdz #7710,,,Standard
1669,6973,6973/8817,1.0616e-12,Common,generative,WizNerdz #1669,,,Standard
7376,6974,6974/8817,1.0619e-12,Common,generative,WizNerdz #7376,,,Standard
8065,6975,6975/8817,1.0622e-12,Common,generative,WizNerdz #8065,,,Standard
5833,6976,6976/8817,1.0638e-12,Common,generative,WizNerdz #5833,,,Standard
8354,6977,6977/8817,1.0652e-12,Common,generative,WizNerdz #8354,,,Standard
7880,6978,6978/8817,1.0668e-12,Common,generative,WizNerdz #7880,,,Standard
8714,6979,6979/8817,1.0684e-12,Common,generative,WizNerdz #8714,,,Standard
22,6980,6980/8817,1.0711e-12,Common,generative,WizNerdz #22,,,Standard
5852,6981,6981/8817,1.0716e-12,Common,generative,WizNerdz #5852,,,Standard
6116,6982,6982/8817,1.0716e-12,Common,generative,WizNerdz #6116,,,Standard
1096,6983,6983/8817,1.0716e-12,Common,generative,WizNerdz #1096,,,Standard
3875,6984,6984/8817,1.0743e-12,Common,generative,WizNerdz #3875,,,Standard
1361,6985,6985/8817,1.0744e-12,Common,generative,WizNerdz #1361,,,Standard
7663,6986,6986/8817,1.0748e-12,Common,generative,WizNerdz #7663,,,Standard
8047,6987,6987/8817,1.075e-12,Common,generative,WizNerdz #8047,,,Standard
1380,6988,6988/8817,1.0751e-12,Common,generative,WizNerdz #1380,,,Standard
3240,6989,6989/8817,1.0755e-12,Common,generative,WizNerdz #3240,,,Standard
7626,6990,6990/8817,1.0761e-12,Common,generative,WizNerdz #7626,,,Standard
7988,6991,6991/8817,1.077e-12,Common,generative,WizNerdz #7988,,,Standard
3642,6992,6992/8817,1.0785e-12,Common,generative,WizNerdz #3642,,,Standard
1533,6993,6993/8817,1.0787e-12,Common,generative,WizNerdz #1533,,,Standard
3045,6994,6994/8817,1.079e-12,Common,generative,WizNerdz #3045,,,Standard
25,6995,6995/8817,1.0791e-12,Common,generative,WizNerdz #25,,,Standard
1600,6996,6996/8817,1.0796e-12,Common,generative,WizNerdz #1600,,,Standard
6362,6997,6997/8817,1.0806e-12,Common,generative,WizNerdz #6362,,,Standard
4032,6998,6998/8817,1.0837e-12,Common,generative,WizNerdz #4032,,,Standard
4400,6999,6999/8817,1.0843e-12,Common,generative,WizNerdz #4400,,,Standard
4951,7000,7000/8817,1.0858e-12,Common,generative,WizNerdz #4951,,,Standard
2605,7001,7001/8817,1.0858e-12,Common,generative,WizNerdz #2605,,,Standard
1302,7002,7002/8817,1.0859e-12,Common,generative,WizNerdz #1302,,,Standard
8295,7003,7003/8817,1.087e-12,Common,generative,WizNerdz #8295,,,Standard
2132,7004,7004/8817,1.0873e-12,Common,generative,WizNerdz #2132,,,Standard
2167,7005,7005/8817,1.0893e-12,Common,generative,WizNerdz #2167,,,Standard
6119,7006,7006/8817,1.0895e-12,Common,generative,WizNerdz #6119,,,Standard
2489,7007,7007/8817,1.0909e-12,Common,generative,WizNerdz #2489,,,Standard
8348,7008,7008/8817,1.092e-12,Common,generative,WizNerdz #8348,,,Standard
4630,7009,7009/8817,1.092e-12,Common,generative,WizNerdz #4630,,,Standard
3885,7010,7010/8817,1.0932e-12,Common,generative,WizNerdz #3885,,,Standard
5238,7011,7011/8817,1.0936e-12,Common,generative,WizNerdz #5238,,,Standard
2172,7012,7012/8817,1.0942e-12,Common,generative,WizNerdz #2172,,,Standard
8773,7013,7013/8817,1.0948e-12,Common,generative,WizNerdz #8773,,,Standard
7716,7014,7014/8817,1.095e-12,Common,generative,WizNerdz #7716,,,Standard
2938,7015,7015/8817,1.095e-12,Common,generative,WizNerdz #2938,,,Standard
3901,7016,7016/8817,1.0955e-12,Common,generative,WizNerdz #3901,,,Standard
3214,7017,7017/8817,1.097e-12,Common,generative,WizNerdz #3214,,,Standard
4066,7018,7018/8817,1.0971e-12,Common,generative,WizNerdz #4066,,,Standard
5907,7019,7019/8817,1.1004e-12,Common,generative,WizNerdz #5907,,,Standard
5835,7020,7020/8817,1.1009e-12,Common,generative,WizNerdz #5835,,,Standard
2781,7021,7021/8817,1.1026e-12,Common,generative,WizNerdz #2781,,,Standard
4665,7022,7022/8817,1.1045e-12,Common,generative,WizNerdz #4665,,,Standard
8428,7023,7023/8817,1.1054e-12,Common,generative,WizNerdz #8428,,,Standard
8734,7024,7024/8817,1.1058e-12,Common,generative,WizNerdz #8734,,,Standard
2527,7025,7025/8817,1.1071e-12,Common,generative,WizNerdz #2527,,,Standard
4795,7026,7026/8817,1.1074e-12,Common,generative,WizNerdz #4795,,,Standard
1567,7027,7027/8817,1.1079e-12,Common,generative,WizNerdz #1567,,,Standard
6037,7028,7028/8817,1.1087e-12,Common,generative,WizNerdz #6037,,,Standard
3205,7029,7029/8817,1.1087e-12,Common,generative,WizNerdz #3205,,,Standard
8164,7030,7030/8817,1.109e-12,Common,generative,WizNerdz #8164,,,Standard
877,7031,7031/8817,1.1093e-12,Common,generative,WizNerdz #877,,,Standard
2013,7032,7032/8817,1.1102e-12,Common,generative,WizNerdz #2013,,,Standard
8708,7033,7033/8817,1.1102e-12,Common,generative,WizNerdz #8708,,,Standard
8051,7034,7034/8817,1.1112e-12,Common,generative,WizNerdz #8051,,,Standard
7660,7035,7035/8817,1.1122e-12,Common,generative,WizNerdz #7660,,,Standard
4916,7036,7036/8817,1.1126e-12,Common,generative,WizNerdz #4916,,,Standard
4328,7037,7037/8817,1.1127e-12,Common,generative,WizNerdz #4328,,,Standard
5164,7038,7038/8817,1.1128e-12,Common,generative,WizNerdz #5164,,,Standard
2373,7039,7039/8817,1.113e-12,Common,generative,WizNerdz #2373,,,Standard
564,7040,7040/8817,1.1132e-12,Common,generative,WizNerdz #564,,,Standard
7692,7041,7041/8817,1.1133e-12,Common,generative,WizNerdz #7692,,,Standard
6706,7042,7042/8817,1.1167e-12,Common,generative,WizNerdz #6706,,,Standard
8737,7043,7043/8817,1.1181e-12,Common,generative,WizNerdz #8737,,,Standard
6540,7044,7044/8817,1.1209e-12,Common,generative,WizNerdz #6540,,,Standard
8153,7045,7045/8817,1.1216e-12,Common,generative,WizNerdz #8153,,,Standard
1308,7046,7046/8817,1.1226e-12,Common,generative,WizNerdz #1308,,,Standard
6069,7047,7047/8817,1.1262e-12,Common,generative,WizNerdz #6069,,,Standard
8232,7048,7048/8817,1.127e-12,Common,generative,WizNerdz #8232,,,Standard
3094,7049,7049/8817,1.1279e-12,Common,generative,WizNerdz #3094,,,Standard
2824,7050,7050/8817,1.1292e-12,Common,generative,WizNerdz #2824,,,Standard
1580,7051,7051/8817,1.1297e-12,Common,generative,WizNerdz #1580,,,Standard
204,7052,7052/8817,1.1317e-12,Common,generative,WizNerdz #204,,,Standard
1953,7053,7053/8817,1.1336e-12,Common,generative,WizNerdz #1953,,,Standard
8725,7054,7054/8817,1.1337e-12,Common,generative,WizNerdz #8725,,,Standard
5988,7055,7055/8817,1.1339e-12,Common,generative,WizNerdz #5988,,,Standard
8147,7056,7056/8817,1.1347e-12,Common,generative,WizNerdz #8147,,,Standard
3552,7057,7057/8817,1.1367e-12,Common,generative,WizNerdz #3552,,,Standard
4583,7058,7058/8817,1.138e-12,Common,generative,WizNerdz #4583,,,Standard
5466,7059,7059/8817,1.1383e-12,Common,generative,WizNerdz #5466,,,Standard
715,7060,7060/8817,1.1394e-12,Common,generative,WizNerdz #715,,,Standard
2067,7061,7061/8817,1.1398e-12,Common,generative,WizNerdz #2067,,,Standard
6694,7062,7062/8817,1.1399e-12,Common,generative,WizNerdz #6694,,,Standard
3251,7063,7063/8817,1.1408e-12,Common,generative,WizNerdz #3251,,,Standard
11,7064,7064/8817,1.1415e-12,Common,generative,WizNerdz #11,,,Standard
893,7065,7065/8817,1.1435e-12,Common,generative,WizNerdz #893,,,Standard
4256,7066,7066/8817,1.1437e-12,Common,generative,WizNerdz #4256,,,Standard
8547,7067,7067/8817,1.1442e-12,Common,generative,WizNerdz #8547,,,Standard
4236,7068,7068/8817,1.1467e-12,Common,generative,WizNerdz #4236,,,Standard
5866,7069,7069/8817,1.1469e-12,Common,generative,WizNerdz #5866,,,Standard
2820,7070,7070/8817,1.1481e-12,Common,generative,WizNerdz #2820,,,Standard
5336,7071,7071/8817,1.1516e-12,Common,generative,WizNerdz #5336,,,Standard
2380,7072,7072/8817,1.1533e-12,Common,generative,WizNerdz #2380,,,Standard
7043,7073,7073/8817,1.1552e-12,Common,generative,WizNerdz #7043,,,Standard
1929,7074,7074/8817,1.1568e-12,Common,generative,WizNerdz #1929,,,Standard
39,7075,7075/8817,1.157e-12,Common,generative,WizNerdz #39,,,Standard
201,7076,7076/8817,1.1576e-12,Common,generative,WizNerdz #201,,,Standard
5381,7077,7077/8817,1.1589e-12,Common,generative,WizNerdz #5381,,,Standard
5573,7078,7078/8817,1.1596e-12,Common,generative,WizNerdz #5573,,,Standard
8779,7079,7079/8817,1.1598e-12,Common,generative,WizNerdz #8779,,,Standard
3673,7080,7080/8817,1.1602e-12,Common,generative,WizNerdz #3673,,,Standard
2359,7081,7081/8817,1.1606e-12,Common,generative,WizNerdz #2359,,,Standard
1967,7082,7082/8817,1.1607e-12,Common,generative,WizNerdz #1967,,,Standard
6850,7083,7083/8817,1.1607e-12,Common,generative,WizNerdz #6850,,,Standard
711,7084,7084/8817,1.1617e-12,Common,generative,WizNerdz #711,,,Standard
7407,7085,7085/8817,1.1618e-12,Common,generative,WizNerdz #7407,,,Standard
4731,7086,7086/8817,1.1656e-12,Common,generative,WizNerdz #4731,,,Standard
536,7087,7087/8817,1.1662e-12,Common,generative,WizNerdz #536,,,Standard
6369,7088,7088/8817,1.1669e-12,Common,generative,WizNerdz #6369,,,Standard
2017,7089,7089/8817,1.1684e-12,Common,generative,WizNerdz #2017,,,Standard
2521,7090,7090/8817,1.169e-12,Common,generative,WizNerdz #2521,,,Standard
2609,7091,7091/8817,1.1695e-12,Common,generative,WizNerdz #2609,,,Standard
3838,7092,7092/8817,1.1696e-12,Common,generative,WizNerdz #3838,,,Standard
4417,7093,7093/8817,1.1715e-12,Common,generative,WizNerdz #4417,,,Standard
3685,7094,7094/8817,1.1723e-12,Common,generative,WizNerdz #3685,,,Standard
8188,7095,7095/8817,1.1739e-12,Common,generative,WizNerdz #8188,,,Standard
8606,7096,7096/8817,1.1767e-12,Common,generative,WizNerdz #8606,,,Standard
7924,7097,7097/8817,1.1772e-12,Common,generative,WizNerdz #7924,,,Standard
4028,7098,7098/8817,1.1773e-12,Common,generative,WizNerdz #4028,,,Standard
4745,7099,7099/8817,1.1773e-12,Common,generative,WizNerdz #4745,,,Standard
7338,7100,7100/8817,1.1802e-12,Common,generative,WizNerdz #7338,,,Standard
3882,7101,7101/8817,1.1803e-12,Common,generative,WizNerdz #3882,,,Standard
8654,7102,7102/8817,1.1824e-12,Common,generative,WizNerdz #8654,,,Standard
5827,7103,7103/8817,1.1829e-12,Common,generative,WizNerdz #5827,,,Standard
3149,7104,7104/8817,1.1832e-12,Common,generative,WizNerdz #3149,,,Standard
6580,7105,7105/8817,1.1838e-12,Common,generative,WizNerdz #6580,,,Standard
6518,7106,7106/8817,1.1861e-12,Common,generative,WizNerdz #6518,,,Standard
6354,7107,7107/8817,1.1863e-12,Common,generative,WizNerdz #6354,,,Standard
129,7108,7108/8817,1.1864e-12,Common,generative,WizNerdz #129,,,Standard
3626,7109,7109/8817,1.1868e-12,Common,generative,WizNerdz #3626,,,Standard
7290,7110,7110/8817,1.1871e-12,Common,generative,WizNerdz #7290,,,Standard
3290,7111,7111/8817,1.1879e-12,Common,generative,WizNerdz #3290,,,Standard
6521,7112,7112/8817,1.1892e-12,Common,generative,WizNerdz #6521,,,Standard
7596,7113,7113/8817,1.1899e-12,Common,generative,WizNerdz #7596,,,Standard
2861,7114,7114/8817,1.191e-12,Common,generative,WizNerdz #2861,,,Standard
8346,7115,7115/8817,1.192e-12,Common,generative,WizNerdz #8346,,,Standard
5840,7116,7116/8817,1.1938e-12,Common,generative,WizNerdz #5840,,,Standard
7965,7117,7117/8817,1.1949e-12,Common,generative,WizNerdz #7965,,,Standard
3958,7118,7118/8817,1.1966e-12,Common,generative,WizNerdz #3958,,,Standard
2886,7119,7119/8817,1.1973e-12,Common,generative,WizNerdz #2886,,,Standard
4290,7120,7120/8817,1.1977e-12,Common,generative,WizNerdz #4290,,,Standard
6288,7121,7121/8817,1.1983e-12,Common,generative,WizNerdz #6288,,,Standard
6366,7122,7122/8817,1.1984e-12,Common,generative,WizNerdz #6366,,,Standard
8724,7123,7123/8817,1.1986e-12,Common,generative,WizNerdz #8724,,,Standard
7477,7124,7124/8817,1.2007e-12,Common,generative,WizNerdz #7477,,,Standard
7017,7125,7125/8817,1.2009e-12,Common,generative,WizNerdz #7017,,,Standard
7134,7126,7126/8817,1.2023e-12,Common,generative,WizNerdz #7134,,,Standard
492,7127,7127/8817,1.204e-12,Common,generative,WizNerdz #492,,,Standard
8447,7128,7128/8817,1.2043e-12,Common,generative,WizNerdz #8447,,,Standard
7992,7129,7129/8817,1.207e-12,Common,generative,WizNerdz #7992,,,Standard
3735,7130,7130/8817,1.2087e-12,Common,generative,WizNerdz #3735,,,Standard
1742,7131,7131/8817,1.2091e-12,Common,generative,WizNerdz #1742,,,Standard
8841,7132,7132/8817,1.2099e-12,Common,generative,WizNerdz #8841,,,Standard
2989,7133,7133/8817,1.2106e-12,Common,generative,WizNerdz #2989,,,Standard
287,7134,7134/8817,1.2113e-12,Common,generative,WizNerdz #287,,,Standard
2908,7135,7135/8817,1.2124e-12,Common,generative,WizNerdz #2908,,,Standard
1186,7136,7136/8817,1.2149e-12,Common,generative,WizNerdz #1186,,,Standard
955,7137,7137/8817,1.2175e-12,Common,generative,WizNerdz #955,,,Standard
3497,7138,7138/8817,1.2177e-12,Common,generative,WizNerdz #3497,,,Standard
8702,7139,7139/8817,1.218e-12,Common,generative,WizNerdz #8702,,,Standard
8109,7140,7140/8817,1.2192e-12,Common,generative,WizNerdz #8109,,,Standard
5674,7141,7141/8817,1.2211e-12,Common,generative,WizNerdz #5674,,,Standard
7496,7142,7142/8817,1.2226e-12,Common,generative,WizNerdz #7496,,,Standard
7530,7143,7143/8817,1.225e-12,Common,generative,WizNerdz #7530,,,Standard
1434,7144,7144/8817,1.2291e-12,Common,generative,WizNerdz #1434,,,Standard
3062,7145,7145/8817,1.2322e-12,Common,generative,WizNerdz #3062,,,Standard
8811,7146,7146/8817,1.2322e-12,Common,generative,WizNerdz #8811,,,Standard
7964,7147,7147/8817,1.2342e-12,Common,generative,WizNerdz #7964,,,Standard
532,7148,7148/8817,1.2346e-12,Common,generative,WizNerdz #532,,,Standard
2272,7149,7149/8817,1.2361e-12,Common,generative,WizNerdz #2272,,,Standard
1981,7150,7150/8817,1.2366e-12,Common,generative,WizNerdz #1981,,,Standard
2982,7151,7151/8817,1.2375e-12,Common,generative,WizNerdz #2982,,,Standard
5154,7152,7152/8817,1.2389e-12,Common,generative,WizNerdz #5154,,,Standard
6759,7153,7153/8817,1.2413e-12,Common,generative,WizNerdz #6759,,,Standard
62,7154,7154/8817,1.2426e-12,Common,generative,WizNerdz #62,,,Standard
3213,7155,7155/8817,1.2435e-12,Common,generative,WizNerdz #3213,,,Standard
6311,7156,7156/8817,1.2454e-12,Common,generative,WizNerdz #6311,,,Standard
5174,7157,7157/8817,1.2455e-12,Common,generative,WizNerdz #5174,,,Standard
1076,7158,7158/8817,1.2478e-12,Common,generative,WizNerdz #1076,,,Standard
8013,7159,7159/8817,1.2482e-12,Common,generative,WizNerdz #8013,,,Standard
2720,7160,7160/8817,1.2493e-12,Common,generative,WizNerdz #2720,,,Standard
790,7161,7161/8817,1.2495e-12,Common,generative,WizNerdz #790,,,Standard
1458,7162,7162/8817,1.2496e-12,Common,generative,WizNerdz #1458,,,Standard
8123,7163,7163/8817,1.2505e-12,Common,generative,WizNerdz #8123,,,Standard
7697,7164,7164/8817,1.2519e-12,Common,generative,WizNerdz #7697,,,Standard
6707,7165,7165/8817,1.2559e-12,Common,generative,WizNerdz #6707,,,Standard
7615,7166,7166/8817,1.2571e-12,Common,generative,WizNerdz #7615,,,Standard
6095,7167,7167/8817,1.2598e-12,Common,generative,WizNerdz #6095,,,Standard
6930,7168,7168/8817,1.2605e-12,Common,generative,WizNerdz #6930,,,Standard
2374,7169,7169/8817,1.2606e-12,Common,generative,WizNerdz #2374,,,Standard
4266,7170,7170/8817,1.2655e-12,Common,generative,WizNerdz #4266,,,Standard
5604,7171,7171/8817,1.2657e-12,Common,generative,WizNerdz #5604,,,Standard
1262,7172,7172/8817,1.266e-12,Common,generative,WizNerdz #1262,,,Standard
2707,7173,7173/8817,1.2662e-12,Common,generative,WizNerdz #2707,,,Standard
5165,7174,7174/8817,1.2665e-12,Common,generative,WizNerdz #5165,,,Standard
425,7175,7175/8817,1.2667e-12,Common,generative,WizNerdz #425,,,Standard
212,7176,7176/8817,1.2702e-12,Common,generative,WizNerdz #212,,,Standard
1150,7177,7177/8817,1.2713e-12,Common,generative,WizNerdz #1150,,,Standard
968,7178,7178/8817,1.2716e-12,Common,generative,WizNerdz #968,,,Standard
6964,7179,7179/8817,1.2719e-12,Common,generative,WizNerdz #6964,,,Standard
3519,7180,7180/8817,1.2751e-12,Common,generative,WizNerdz #3519,,,Standard
1149,7181,7181/8817,1.276e-12,Common,generative,WizNerdz #1149,,,Standard
740,7182,7182/8817,1.2767e-12,Common,generative,WizNerdz #740,,,Standard
7099,7183,7183/8817,1.2789e-12,Common,generative,WizNerdz #7099,,,Standard
8584,7184,7184/8817,1.279e-12,Common,generative,WizNerdz #8584,,,Standard
2403,7185,7185/8817,1.2811e-12,Common,generative,WizNerdz #2403,,,Standard
7094,7186,7186/8817,1.2815e-12,Common,generative,WizNerdz #7094,,,Standard
7648,7187,7187/8817,1.2819e-12,Common,generative,WizNerdz #7648,,,Standard
4928,7188,7188/8817,1.2844e-12,Common,generative,WizNerdz #4928,,,Standard
2366,7189,7189/8817,1.2851e-12,Common,generative,WizNerdz #2366,,,Standard
2564,7190,7190/8817,1.2883e-12,Common,generative,WizNerdz #2564,,,Standard
168,7191,7191/8817,1.2895e-12,Common,generative,WizNerdz #168,,,Standard
8429,7192,7192/8817,1.2911e-12,Common,generative,WizNerdz #8429,,,Standard
881,7193,7193/8817,1.2928e-12,Common,generative,WizNerdz #881,,,Standard
4624,7194,7194/8817,1.2935e-12,Common,generative,WizNerdz #4624,,,Standard
4321,7195,7195/8817,1.2947e-12,Common,generative,WizNerdz #4321,,,Standard
4664,7196,7196/8817,1.2952e-12,Common,generative,WizNerdz #4664,,,Standard
6655,7197,7197/8817,1.2955e-12,Common,generative,WizNerdz #6655,,,Standard
6511,7198,7198/8817,1.2961e-12,Common,generative,WizNerdz #6511,,,Standard
1328,7199,7199/8817,1.2972e-12,Common,generative,WizNerdz #1328,,,Standard
6170,7200,7200/8817,1.2979e-12,Common,generative,WizNerdz #6170,,,Standard
6377,7201,7201/8817,1.2981e-12,Common,generative,WizNerdz #6377,,,Standard
6844,7202,7202/8817,1.299e-12,Common,generative,WizNerdz #6844,,,Standard
4308,7203,7203/8817,1.2992e-12,Common,generative,WizNerdz #4308,,,Standard
3705,7204,7204/8817,1.2993e-12,Common,generative,WizNerdz #3705,,,Standard
1778,7205,7205/8817,1.3004e-12,Common,generative,WizNerdz #1778,,,Standard
4083,7206,7206/8817,1.3021e-12,Common,generative,WizNerdz #4083,,,Standard
5149,7207,7207/8817,1.3025e-12,Common,generative,WizNerdz #5149,,,Standard
5097,7208,7208/8817,1.3032e-12,Common,generative,WizNerdz #5097,,,Standard
680,7209,7209/8817,1.3039e-12,Common,generative,WizNerdz #680,,,Standard
7955,7210,7210/8817,1.3042e-12,Common,generative,WizNerdz #7955,,,Standard
2415,7211,7211/8817,1.3042e-12,Common,generative,WizNerdz #2415,,,Standard
793,7212,7212/8817,1.3045e-12,Common,generative,WizNerdz #793,,,Standard
7617,7213,7213/8817,1.3078e-12,Common,generative,WizNerdz #7617,,,Standard
1197,7214,7214/8817,1.311e-12,Common,generative,WizNerdz #1197,,,Standard
2601,7215,7215/8817,1.3113e-12,Common,generative,WizNerdz #2601,,,Standard
2657,7216,7216/8817,1.3159e-12,Common,generative,WizNerdz #2657,,,Standard
5028,7217,7217/8817,1.3163e-12,Common,generative,WizNerdz #5028,,,Standard
5418,7218,7218/8817,1.3174e-12,Common,generative,WizNerdz #5418,,,Standard
3134,7219,7219/8817,1.3179e-12,Common,generative,WizNerdz #3134,,,Standard
75,7220,7220/8817,1.3181e-12,Common,generative,WizNerdz #75,,,Standard
1180,7221,7221/8817,1.3181e-12,Common,generative,WizNerdz #1180,,,Standard
6784,7222,7222/8817,1.3182e-12,Common,generative,WizNerdz #6784,,,Standard
3476,7223,7223/8817,1.3184e-12,Common,generative,WizNerdz #3476,,,Standard
6493,7224,7224/8817,1.3209e-12,Common,generative,WizNerdz #6493,,,Standard
4836,7225,7225/8817,1.3225e-12,Common,generative,WizNerdz #4836,,,Standard
7541,7226,7226/8817,1.324e-12,Common,generative,WizNerdz #7541,,,Standard
3575,7227,7227/8817,1.3245e-12,Common,generative,WizNerdz #3575,,,Standard
1788,7228,7228/8817,1.3271e-12,Common,generative,WizNerdz #1788,,,Standard
4439,7229,7229/8817,1.3298e-12,Common,generative,WizNerdz #4439,,,Standard
289,7230,7230/8817,1.3318e-12,Common,generative,WizNerdz #289,,,Standard
7040,7231,7231/8817,1.3348e-12,Common,generative,WizNerdz #7040,,,Standard
5369,7232,7232/8817,1.3363e-12,Common,generative,WizNerdz #5369,,,Standard
6257,7233,7233/8817,1.337e-12,Common,generative,WizNerdz #6257,,,Standard
2754,7234,7234/8817,1.3371e-12,Common,generative,WizNerdz #2754,,,Standard
805,7235,7235/8817,1.3372e-12,Common,generative,WizNerdz #805,,,Standard
8874,7236,7236/8817,1.3375e-12,Common,generative,WizNerdz #8874,,,Standard
1888,7237,7237/8817,1.34e-12,Common,generative,WizNerdz #1888,,,Standard
1260,7238,7238/8817,1.3402e-12,Common,generative,WizNerdz #1260,,,Standard
785,7239,7239/8817,1.3405e-12,Common,generative,WizNerdz #785,,,Standard
825,7240,7240/8817,1.342e-12,Common,generative,WizNerdz #825,,,Standard
2762,7241,7241/8817,1.3426e-12,Common,generative,WizNerdz #2762,,,Standard
4478,7242,7242/8817,1.3456e-12,Common,generative,WizNerdz #4478,,,Standard
3580,7243,7243/8817,1.3524e-12,Common,generative,WizNerdz #3580,,,Standard
2506,7244,7244/8817,1.3535e-12,Common,generative,WizNerdz #2506,,,Standard
6560,7245,7245/8817,1.3539e-12,Common,generative,WizNerdz #6560,,,Standard
3692,7246,7246/8817,1.3544e-12,Common,generative,WizNerdz #3692,,,Standard
3150,7247,7247/8817,1.3566e-12,Common,generative,WizNerdz #3150,,,Standard
620,7248,7248/8817,1.3567e-12,Common,generative,WizNerdz #620,,,Standard
8818,7249,7249/8817,1.3574e-12,Common,generative,WizNerdz #8818,,,Standard
80,7250,7250/8817,1.3581e-12,Common,generative,WizNerdz #80,,,Standard
5597,7251,7251/8817,1.3584e-12,Common,generative,WizNerdz #5597,,,Standard
3726,7252,7252/8817,1.3594e-12,Common,generative,WizNerdz #3726,,,Standard
4015,7253,7253/8817,1.361e-12,Common,generative,WizNerdz #4015,,,Standard
1492,7254,7254/8817,1.3642e-12,Common,generative,WizNerdz #1492,,,Standard
5002,7255,7255/8817,1.3642e-12,Common,generative,WizNerdz #5002,,,Standard
5914,7256,7256/8817,1.3651e-12,Common,generative,WizNerdz #5914,,,Standard
8033,7257,7257/8817,1.3675e-12,Common,generative,WizNerdz #8033,,,Standard
1123,7258,7258/8817,1.3693e-12,Common,generative,WizNerdz #1123,,,Standard
2655,7259,7259/8817,1.3706e-12,Common,generative,WizNerdz #2655,,,Standard
7482,7260,7260/8817,1.3721e-12,Common,generative,WizNerdz #7482,,,Standard
2926,7261,7261/8817,1.3724e-12,Common,generative,WizNerdz #2926,,,Standard
5248,7262,7262/8817,1.3739e-12,Common,generative,WizNerdz #5248,,,Standard
1178,7263,7263/8817,1.3749e-12,Common,generative,WizNerdz #1178,,,Standard
5838,7264,7264/8817,1.3768e-12,Common,generative,WizNerdz #5838,,,Standard
5101,7265,7265/8817,1.3793e-12,Common,generative,WizNerdz #5101,,,Standard
1575,7266,7266/8817,1.3795e-12,Common,generative,WizNerdz #1575,,,Standard
1452,7267,7267/8817,1.3831e-12,Common,generative,WizNerdz #1452,,,Standard
7104,7268,7268/8817,1.3842e-12,Common,generative,WizNerdz #7104,,,Standard
2063,7269,7269/8817,1.3844e-12,Common,generative,WizNerdz #2063,,,Standard
7367,7270,7270/8817,1.3873e-12,Common,generative,WizNerdz #7367,,,Standard
430,7271,7271/8817,1.3891e-12,Common,generative,WizNerdz #430,,,Standard
4335,7272,7272/8817,1.3901e-12,Common,generative,WizNerdz #4335,,,Standard
3607,7273,7273/8817,1.3917e-12,Common,generative,WizNerdz #3607,,,Standard
3591,7274,7274/8817,1.3935e-12,Common,generative,WizNerdz #3591,,,Standard
3687,7275,7275/8817,1.3955e-12,Common,generative,WizNerdz #3687,,,Standard
1826,7276,7276/8817,1.3959e-12,Common,generative,WizNerdz #1826,,,Standard
4333,7277,7277/8817,1.3971e-12,Common,generative,WizNerdz #4333,,,Standard
4445,7278,7278/8817,1.3981e-12,Common,generative,WizNerdz #4445,,,Standard
1229,7279,7279/8817,1.3998e-12,Common,generative,WizNerdz #1229,,,Standard
1693,7280,7280/8817,1.4008e-12,Common,generative,WizNerdz #1693,,,Standard
996,7281,7281/8817,1.4013e-12,Common,generative,WizNerdz #996,,,Standard
4216,7282,7282/8817,1.4045e-12,Common,generative,WizNerdz #4216,,,Standard
4294,7283,7283/8817,1.4051e-12,Common,generative,WizNerdz #4294,,,Standard
5533,7284,7284/8817,1.4075e-12,Common,generative,WizNerdz #5533,,,Standard
8464,7285,7285/8817,1.4094e-12,Common,generative,WizNerdz #8464,,,Standard
5205,7286,7286/8817,1.4128e-12,Common,generative,WizNerdz #5205,,,Standard
8751,7287,7287/8817,1.4143e-12,Common,generative,WizNerdz #8751,,,Standard
1407,7288,7288/8817,1.4158e-12,Common,generative,WizNerdz #1407,,,Standard
115,7289,7289/8817,1.4159e-12,Common,generative,WizNerdz #115,,,Standard
3817,7290,7290/8817,1.418e-12,Common,generative,WizNerdz #3817,,,Standard
7564,7291,7291/8817,1.4205e-12,Common,generative,WizNerdz #7564,,,Standard
5805,7292,7292/8817,1.4223e-12,Common,generative,WizNerdz #5805,,,Standard
7644,7293,7293/8817,1.4257e-12,Common,generative,WizNerdz #7644,,,Standard
6598,7294,7294/8817,1.426e-12,Common,generative,WizNerdz #6598,,,Standard
513,7295,7295/8817,1.4266e-12,Common,generative,WizNerdz #513,,,Standard
2843,7296,7296/8817,1.4287e-12,Common,generative,WizNerdz #2843,,,Standard
2719,7297,7297/8817,1.4313e-12,Common,generative,WizNerdz #2719,,,Standard
2479,7298,7298/8817,1.4328e-12,Common,generative,WizNerdz #2479,,,Standard
7213,7299,7299/8817,1.4329e-12,Common,generative,WizNerdz #7213,,,Standard
7418,7300,7300/8817,1.4335e-12,Common,generative,WizNerdz #7418,,,Standard
6703,7301,7301/8817,1.4345e-12,Common,generative,WizNerdz #6703,,,Standard
2856,7302,7302/8817,1.4352e-12,Common,generative,WizNerdz #2856,,,Standard
3128,7303,7303/8817,1.4362e-12,Common,generative,WizNerdz #3128,,,Standard
7899,7304,7304/8817,1.4369e-12,Common,generative,WizNerdz #7899,,,Standard
7713,7305,7305/8817,1.439e-12,Common,generative,WizNerdz #7713,,,Standard
8112,7306,7306/8817,1.4405e-12,Common,generative,WizNerdz #8112,,,Standard
2776,7307,7307/8817,1.441e-12,Common,generative,WizNerdz #2776,,,Standard
1930,7308,7308/8817,1.4411e-12,Common,generative,WizNerdz #1930,,,Standard
3439,7309,7309/8817,1.4422e-12,Common,generative,WizNerdz #3439,,,Standard
7430,7310,7310/8817,1.445e-12,Common,generative,WizNerdz #7430,,,Standard
5469,7311,7311/8817,1.4463e-12,Common,generative,WizNerdz #5469,,,Standard
822,7312,7312/8817,1.4492e-12,Common,generative,WizNerdz #822,,,Standard
206,7313,7313/8817,1.4507e-12,Common,generative,WizNerdz #206,,,Standard
1566,7314,7314/8817,1.4529e-12,Common,generative,WizNerdz #1566,,,Standard
3361,7315,7315/8817,1.4578e-12,Common,generative,WizNerdz #3361,,,Standard
343,7316,7316/8817,1.458e-12,Common,generative,WizNerdz #343,,,Standard
5118,7317,7317/8817,1.459e-12,Common,generative,WizNerdz #5118,,,Standard
466,7318,7318/8817,1.46e-12,Common,generative,WizNerdz #466,,,Standard
4612,7319,7319/8817,1.4623e-12,Common,generative,WizNerdz #4612,,,Standard
4372,7320,7320/8817,1.4669e-12,Common,generative,WizNerdz #4372,,,Standard
4619,7321,7321/8817,1.4672e-12,Common,generative,WizNerdz #4619,,,Standard
5707,7322,7322/8817,1.4673e-12,Common,generative,WizNerdz #5707,,,Standard
8471,7323,7323/8817,1.4677e-12,Common,generative,WizNerdz #8471,,,Standard
2512,7324,7324/8817,1.4697e-12,Common,generative,WizNerdz #2512,,,Standard
3400,7325,7325/8817,1.4724e-12,Common,generative,WizNerdz #3400,,,Standard
6376,7326,7326/8817,1.4737e-12,Common,generative,WizNerdz #6376,,,Standard
1770,7327,7327/8817,1.474e-12,Common,generative,WizNerdz #1770,,,Standard
2895,7328,7328/8817,1.4741e-12,Common,generative,WizNerdz #2895,,,Standard
1672,7329,7329/8817,1.4742e-12,Common,generative,WizNerdz #1672,,,Standard
388,7330,7330/8817,1.4744e-12,Common,generative,WizNerdz #388,,,Standard
6269,7331,7331/8817,1.4786e-12,Common,generative,WizNerdz #6269,,,Standard
8703,7332,7332/8817,1.485e-12,Common,generative,WizNerdz #8703,,,Standard
2346,7333,7333/8817,1.4899e-12,Common,generative,WizNerdz #2346,,,Standard
4407,7334,7334/8817,1.4904e-12,Common,generative,WizNerdz #4407,,,Standard
8332,7335,7335/8817,1.4934e-12,Common,generative,WizNerdz #8332,,,Standard
3856,7336,7336/8817,1.4938e-12,Common,generative,WizNerdz #3856,,,Standard
8317,7337,7337/8817,1.497e-12,Common,generative,WizNerdz #8317,,,Standard
6769,7338,7338/8817,1.4992e-12,Common,generative,WizNerdz #6769,,,Standard
3938,7339,7339/8817,1.5035e-12,Common,generative,WizNerdz #3938,,,Standard
2933,7340,7340/8817,1.504e-12,Common,generative,WizNerdz #2933,,,Standard
8009,7341,7341/8817,1.5047e-12,Common,generative,WizNerdz #8009,,,Standard
6553,7342,7342/8817,1.5074e-12,Common,generative,WizNerdz #6553,,,Standard
4570,7343,7343/8817,1.5094e-12,Common,generative,WizNerdz #4570,,,Standard
1295,7344,7344/8817,1.5103e-12,Common,generative,WizNerdz #1295,,,Standard
3260,7345,7345/8817,1.511e-12,Common,generative,WizNerdz #3260,,,Standard
5457,7346,7346/8817,1.5141e-12,Common,generative,WizNerdz #5457,,,Standard
3799,7347,7347/8817,1.5177e-12,Common,generative,WizNerdz #3799,,,Standard
3486,7348,7348/8817,1.5186e-12,Common,generative,WizNerdz #3486,,,Standard
2077,7349,7349/8817,1.5204e-12,Common,generative,WizNerdz #2077,,,Standard
8609,7350,7350/8817,1.5206e-12,Common,generative,WizNerdz #8609,,,Standard
7248,7351,7351/8817,1.5218e-12,Common,generative,WizNerdz #7248,,,Standard
7198,7352,7352/8817,1.5232e-12,Common,generative,WizNerdz #7198,,,Standard
8242,7353,7353/8817,1.5239e-12,Common,generative,WizNerdz #8242,,,Standard
744,7354,7354/8817,1.5264e-12,Common,generative,WizNerdz #744,,,Standard
8187,7355,7355/8817,1.5288e-12,Common,generative,WizNerdz #8187,,,Standard
6207,7356,7356/8817,1.5363e-12,Common,generative,WizNerdz #6207,,,Standard
7333,7357,7357/8817,1.5393e-12,Common,generative,WizNerdz #7333,,,Standard
1634,7358,7358/8817,1.5431e-12,Common,generative,WizNerdz #1634,,,Standard
5432,7359,7359/8817,1.5435e-12,Common,generative,WizNerdz #5432,,,Standard
6227,7360,7360/8817,1.5491e-12,Common,generative,WizNerdz #6227,,,Standard
3364,7361,7361/8817,1.55e-12,Common,generative,WizNerdz #3364,,,Standard
7196,7362,7362/8817,1.5505e-12,Common,generative,WizNerdz #7196,,,Standard
8195,7363,7363/8817,1.5511e-12,Common,generative,WizNerdz #8195,,,Standard
4226,7364,7364/8817,1.5515e-12,Common,generative,WizNerdz #4226,,,Standard
12,7365,7365/8817,1.5521e-12,Common,generative,WizNerdz #12,,,Standard
2108,7366,7366/8817,1.5532e-12,Common,generative,WizNerdz #2108,,,Standard
5692,7367,7367/8817,1.5584e-12,Common,generative,WizNerdz #5692,,,Standard
7400,7368,7368/8817,1.5592e-12,Common,generative,WizNerdz #7400,,,Standard
4397,7369,7369/8817,1.5607e-12,Common,generative,WizNerdz #4397,,,Standard
3051,7370,7370/8817,1.5617e-12,Common,generative,WizNerdz #3051,,,Standard
8045,7371,7371/8817,1.5637e-12,Common,generative,WizNerdz #8045,,,Standard
2205,7372,7372/8817,1.5642e-12,Common,generative,WizNerdz #2205,,,Standard
7884,7373,7373/8817,1.5652e-12,Common,generative,WizNerdz #7884,,,Standard
2697,7374,7374/8817,1.5666e-12,Common,generative,WizNerdz #2697,,,Standard
2930,7375,7375/8817,1.5686e-12,Common,generative,WizNerdz #2930,,,Standard
2822,7376,7376/8817,1.5704e-12,Common,generative,WizNerdz #2822,,,Standard
4322,7377,7377/8817,1.5709e-12,Common,generative,WizNerdz #4322,,,Standard
720,7378,7378/8817,1.5722e-12,Common,generative,WizNerdz #720,,,Standard
800,7379,7379/8817,1.5734e-12,Common,generative,WizNerdz #800,,,Standard
610,7380,7380/8817,1.577e-12,Common,generative,WizNerdz #610,,,Standard
6631,7381,7381/8817,1.577e-12,Common,generative,WizNerdz #6631,,,Standard
239,7382,7382/8817,1.5792e-12,Common,generative,WizNerdz #239,,,Standard
815,7383,7383/8817,1.5824e-12,Common,generative,WizNerdz #815,,,Standard
7589,7384,7384/8817,1.583e-12,Common,generative,WizNerdz #7589,,,Standard
8098,7385,7385/8817,1.5847e-12,Common,generative,WizNerdz #8098,,,Standard
4344,7386,7386/8817,1.5852e-12,Common,generative,WizNerdz #4344,,,Standard
4396,7387,7387/8817,1.5885e-12,Common,generative,WizNerdz #4396,,,Standard
3570,7388,7388/8817,1.5894e-12,Common,generative,WizNerdz #3570,,,Standard
4991,7389,7389/8817,1.594e-12,Common,generative,WizNerdz #4991,,,Standard
6559,7390,7390/8817,1.5965e-12,Common,generative,WizNerdz #6559,,,Standard
3267,7391,7391/8817,1.5966e-12,Common,generative,WizNerdz #3267,,,Standard
2158,7392,7392/8817,1.6038e-12,Common,generative,WizNerdz #2158,,,Standard
8516,7393,7393/8817,1.6044e-12,Common,generative,WizNerdz #8516,,,Standard
326,7394,7394/8817,1.606e-12,Common,generative,WizNerdz #326,,,Standard
8642,7395,7395/8817,1.6068e-12,Common,generative,WizNerdz #8642,,,Standard
7008,7396,7396/8817,1.6076e-12,Common,generative,WizNerdz #7008,,,Standard
398,7397,7397/8817,1.6126e-12,Common,generative,WizNerdz #398,,,Standard
5488,7398,7398/8817,1.6129e-12,Common,generative,WizNerdz #5488,,,Standard
3326,7399,7399/8817,1.6132e-12,Common,generative,WizNerdz #3326,,,Standard
8438,7400,7400/8817,1.6145e-12,Common,generative,WizNerdz #8438,,,Standard
7872,7401,7401/8817,1.6195e-12,Common,generative,WizNerdz #7872,,,Standard
8820,7402,7402/8817,1.6253e-12,Common,generative,WizNerdz #8820,,,Standard
1614,7403,7403/8817,1.6254e-12,Common,generative,WizNerdz #1614,,,Standard
2954,7404,7404/8817,1.6261e-12,Common,generative,WizNerdz #2954,,,Standard
6181,7405,7405/8817,1.6281e-12,Common,generative,WizNerdz #6181,,,Standard
7699,7406,7406/8817,1.6283e-12,Common,generative,WizNerdz #7699,,,Standard
5555,7407,7407/8817,1.6345e-12,Common,generative,WizNerdz #5555,,,Standard
8848,7408,7408/8817,1.6363e-12,Common,generative,WizNerdz #8848,,,Standard
4873,7409,7409/8817,1.6378e-12,Common,generative,WizNerdz #4873,,,Standard
4652,7410,7410/8817,1.6385e-12,Common,generative,WizNerdz #4652,,,Standard
2580,7411,7411/8817,1.6408e-12,Common,generative,WizNerdz #2580,,,Standard
4903,7412,7412/8817,1.6441e-12,Common,generative,WizNerdz #4903,,,Standard
2559,7413,7413/8817,1.6494e-12,Common,generative,WizNerdz #2559,,,Standard
446,7414,7414/8817,1.6509e-12,Common,generative,WizNerdz #446,,,Standard
2251,7415,7415/8817,1.6524e-12,Common,generative,WizNerdz #2251,,,Standard
1592,7416,7416/8817,1.6536e-12,Common,generative,WizNerdz #1592,,,Standard
4348,7417,7417/8817,1.6543e-12,Common,generative,WizNerdz #4348,,,Standard
376,7418,7418/8817,1.6554e-12,Common,generative,WizNerdz #376,,,Standard
4325,7419,7419/8817,1.6566e-12,Common,generative,WizNerdz #4325,,,Standard
4671,7420,7420/8817,1.658e-12,Common,generative,WizNerdz #4671,,,Standard
3818,7421,7421/8817,1.6586e-12,Common,generative,WizNerdz #3818,,,Standard
3618,7422,7422/8817,1.659e-12,Common,generative,WizNerdz #3618,,,Standard
1106,7423,7423/8817,1.6738e-12,Common,generative,WizNerdz #1106,,,Standard
7811,7424,7424/8817,1.6744e-12,Common,generative,WizNerdz #7811,,,Standard
8379,7425,7425/8817,1.6754e-12,Common,generative,WizNerdz #8379,,,Standard
4279,7426,7426/8817,1.6758e-12,Common,generative,WizNerdz #4279,,,Standard
2827,7427,7427/8817,1.677e-12,Common,generative,WizNerdz #2827,,,Standard
7951,7428,7428/8817,1.6779e-12,Common,generative,WizNerdz #7951,,,Standard
395,7429,7429/8817,1.6829e-12,Common,generative,WizNerdz #395,,,Standard
7291,7430,7430/8817,1.6886e-12,Common,generative,WizNerdz #7291,,,Standard
1301,7431,7431/8817,1.6905e-12,Common,generative,WizNerdz #1301,,,Standard
1745,7432,7432/8817,1.6955e-12,Common,generative,WizNerdz #1745,,,Standard
4299,7433,7433/8817,1.7017e-12,Common,generative,WizNerdz #4299,,,Standard
2688,7434,7434/8817,1.7036e-12,Common,generative,WizNerdz #2688,,,Standard
1253,7435,7435/8817,1.7062e-12,Common,generative,WizNerdz #1253,,,Standard
8442,7436,7436/8817,1.7124e-12,Common,generative,WizNerdz #8442,,,Standard
4989,7437,7437/8817,1.7151e-12,Common,generative,WizNerdz #4989,,,Standard
7874,7438,7438/8817,1.718e-12,Common,generative,WizNerdz #7874,,,Standard
1727,7439,7439/8817,1.7225e-12,Common,generative,WizNerdz #1727,,,Standard
5160,7440,7440/8817,1.7251e-12,Common,generative,WizNerdz #5160,,,Standard
2133,7441,7441/8817,1.7293e-12,Common,generative,WizNerdz #2133,,,Standard
4054,7442,7442/8817,1.7294e-12,Common,generative,WizNerdz #4054,,,Standard
7080,7443,7443/8817,1.7362e-12,Common,generative,WizNerdz #7080,,,Standard
629,7444,7444/8817,1.7381e-12,Common,generative,WizNerdz #629,,,Standard
7945,7445,7445/8817,1.7423e-12,Common,generative,WizNerdz #7945,,,Standard
6771,7446,7446/8817,1.743e-12,Common,generative,WizNerdz #6771,,,Standard
2456,7447,7447/8817,1.7433e-12,Common,generative,WizNerdz #2456,,,Standard
7932,7448,7448/8817,1.7434e-12,Common,generative,WizNerdz #7932,,,Standard
7031,7449,7449/8817,1.7447e-12,Common,generative,WizNerdz #7031,,,Standard
209,7450,7450/8817,1.7474e-12,Common,generative,WizNerdz #209,,,Standard
5860,7451,7451/8817,1.7495e-12,Common,generative,WizNerdz #5860,,,Standard
8105,7452,7452/8817,1.7504e-12,Common,generative,WizNerdz #8105,,,Standard
7,7453,7453/8817,1.752e-12,Common,generative,WizNerdz #7,,,Standard
3821,7454,7454/8817,1.7589e-12,Common,generative,WizNerdz #3821,,,Standard
646,7455,7455/8817,1.7604e-12,Common,generative,WizNerdz #646,,,Standard
2239,7456,7456/8817,1.7619e-12,Common,generative,WizNerdz #2239,,,Standard
4043,7457,7457/8817,1.7627e-12,Common,generative,WizNerdz #4043,,,Standard
5402,7458,7458/8817,1.7638e-12,Common,generative,WizNerdz #5402,,,Standard
2887,7459,7459/8817,1.7649e-12,Common,generative,WizNerdz #2887,,,Standard
8561,7460,7460/8817,1.7677e-12,Common,generative,WizNerdz #8561,,,Standard
7609,7461,7461/8817,1.7717e-12,Common,generative,WizNerdz #7609,,,Standard
3538,7462,7462/8817,1.7728e-12,Common,generative,WizNerdz #3538,,,Standard
8784,7463,7463/8817,1.7801e-12,Common,generative,WizNerdz #8784,,,Standard
8568,7464,7464/8817,1.7808e-12,Common,generative,WizNerdz #8568,,,Standard
8856,7465,7465/8817,1.7819e-12,Common,generative,WizNerdz #8856,,,Standard
7922,7466,7466/8817,1.7822e-12,Common,generative,WizNerdz #7922,,,Standard
7396,7467,7467/8817,1.7866e-12,Common,generative,WizNerdz #7396,,,Standard
2474,7468,7468/8817,1.7868e-12,Common,generative,WizNerdz #2474,,,Standard
3407,7469,7469/8817,1.7885e-12,Common,generative,WizNerdz #3407,,,Standard
8617,7470,7470/8817,1.7905e-12,Common,generative,WizNerdz #8617,,,Standard
6203,7471,7471/8817,1.792e-12,Common,generative,WizNerdz #6203,,,Standard
1925,7472,7472/8817,1.7938e-12,Common,generative,WizNerdz #1925,,,Standard
1594,7473,7473/8817,1.7984e-12,Common,generative,WizNerdz #1594,,,Standard
1572,7474,7474/8817,1.8023e-12,Common,generative,WizNerdz #1572,,,Standard
8879,7475,7475/8817,1.804e-12,Common,generative,WizNerdz #8879,,,Standard
4767,7476,7476/8817,1.805e-12,Common,generative,WizNerdz #4767,,,Standard
2607,7477,7477/8817,1.8053e-12,Common,generative,WizNerdz #2607,,,Standard
7708,7478,7478/8817,1.8071e-12,Common,generative,WizNerdz #7708,,,Standard
139,7479,7479/8817,1.8162e-12,Common,generative,WizNerdz #139,,,Standard
2179,7480,7480/8817,1.82e-12,Common,generative,WizNerdz #2179,,,Standard
6589,7481,7481/8817,1.8214e-12,Common,generative,WizNerdz #6589,,,Standard
887,7482,7482/8817,1.8239e-12,Common,generative,WizNerdz #887,,,Standard
7382,7483,7483/8817,1.8244e-12,Common,generative,WizNerdz #7382,,,Standard
1244,7484,7484/8817,1.825e-12,Common,generative,WizNerdz #1244,,,Standard
672,7485,7485/8817,1.8303e-12,Common,generative,WizNerdz #672,,,Standard
7542,7486,7486/8817,1.8336e-12,Common,generative,WizNerdz #7542,,,Standard
8094,7487,7487/8817,1.8356e-12,Common,generative,WizNerdz #8094,,,Standard
225,7488,7488/8817,1.8371e-12,Common,generative,WizNerdz #225,,,Standard
7543,7489,7489/8817,1.847e-12,Common,generative,WizNerdz #7543,,,Standard
3043,7490,7490/8817,1.849e-12,Common,generative,WizNerdz #3043,,,Standard
2531,7491,7491/8817,1.8501e-12,Common,generative,WizNerdz #2531,,,Standard
7920,7492,7492/8817,1.8501e-12,Common,generative,WizNerdz #7920,,,Standard
2324,7493,7493/8817,1.8527e-12,Common,generative,WizNerdz #2324,,,Standard
5422,7494,7494/8817,1.8562e-12,Common,generative,WizNerdz #5422,,,Standard
7355,7495,7495/8817,1.8576e-12,Common,generative,WizNerdz #7355,,,Standard
4952,7496,7496/8817,1.859e-12,Common,generative,WizNerdz #4952,,,Standard
3270,7497,7497/8817,1.86e-12,Common,generative,WizNerdz #3270,,,Standard
3284,7498,7498/8817,1.8601e-12,Common,generative,WizNerdz #3284,,,Standard
7688,7499,7499/8817,1.8714e-12,Common,generative,WizNerdz #7688,,,Standard
1885,7500,7500/8817,1.8715e-12,Common,generative,WizNerdz #1885,,,Standard
8475,7501,7501/8817,1.8765e-12,Common,generative,WizNerdz #8475,,,Standard
3694,7502,7502/8817,1.8776e-12,Common,generative,WizNerdz #3694,,,Standard
8502,7503,7503/8817,1.8788e-12,Common,generative,WizNerdz #8502,,,Standard
5388,7504,7504/8817,1.8789e-12,Common,generative,WizNerdz #5388,,,Standard
7135,7505,7505/8817,1.88e-12,Common,generative,WizNerdz #7135,,,Standard
4058,7506,7506/8817,1.8881e-12,Common,generative,WizNerdz #4058,,,Standard
5963,7507,7507/8817,1.8886e-12,Common,generative,WizNerdz #5963,,,Standard
615,7508,7508/8817,1.8887e-12,Common,generative,WizNerdz #615,,,Standard
2198,7509,7509/8817,1.8906e-12,Common,generative,WizNerdz #2198,,,Standard
1391,7510,7510/8817,1.8915e-12,Common,generative,WizNerdz #1391,,,Standard
4298,7511,7511/8817,1.893e-12,Common,generative,WizNerdz #4298,,,Standard
2548,7512,7512/8817,1.8965e-12,Common,generative,WizNerdz #2548,,,Standard
5379,7513,7513/8817,1.8989e-12,Common,generative,WizNerdz #5379,,,Standard
1899,7514,7514/8817,1.9003e-12,Common,generative,WizNerdz #1899,,,Standard
6349,7515,7515/8817,1.9031e-12,Common,generative,WizNerdz #6349,,,Standard
924,7516,7516/8817,1.9071e-12,Common,generative,WizNerdz #924,,,Standard
1368,7517,7517/8817,1.9087e-12,Common,generative,WizNerdz #1368,,,Standard
6055,7518,7518/8817,1.9089e-12,Common,generative,WizNerdz #6055,,,Standard
7389,7519,7519/8817,1.9106e-12,Common,generative,WizNerdz #7389,,,Standard
1109,7520,7520/8817,1.9159e-12,Common,generative,WizNerdz #1109,,,Standard
872,7521,7521/8817,1.916e-12,Common,generative,WizNerdz #872,,,Standard
571,7522,7522/8817,1.9257e-12,Common,generative,WizNerdz #571,,,Standard
5176,7523,7523/8817,1.9262e-12,Common,generative,WizNerdz #5176,,,Standard
8831,7524,7524/8817,1.94e-12,Common,generative,WizNerdz #8831,,,Standard
6264,7525,7525/8817,1.9406e-12,Common,generative,WizNerdz #6264,,,Standard
1370,7526,7526/8817,1.9429e-12,Common,generative,WizNerdz #1370,,,Standard
8450,7527,7527/8817,1.9434e-12,Common,generative,WizNerdz #8450,,,Standard
7779,7528,7528/8817,1.9435e-12,Common,generative,WizNerdz #7779,,,Standard
3783,7529,7529/8817,1.9456e-12,Common,generative,WizNerdz #3783,,,Standard
1179,7530,7530/8817,1.9474e-12,Common,generative,WizNerdz #1179,,,Standard
5672,7531,7531/8817,1.9482e-12,Common,generative,WizNerdz #5672,,,Standard
3306,7532,7532/8817,1.9524e-12,Common,generative,WizNerdz #3306,,,Standard
6398,7533,7533/8817,1.9656e-12,Common,generative,WizNerdz #6398,,,Standard
3514,7534,7534/8817,1.9687e-12,Common,generative,WizNerdz #3514,,,Standard
7387,7535,7535/8817,1.9688e-12,Common,generative,WizNerdz #7387,,,Standard
8086,7536,7536/8817,1.9726e-12,Common,generative,WizNerdz #8086,,,Standard
1026,7537,7537/8817,1.9733e-12,Common,generative,WizNerdz #1026,,,Standard
725,7538,7538/8817,1.9794e-12,Common,generative,WizNerdz #725,,,Standard
8857,7539,7539/8817,1.9803e-12,Common,generative,WizNerdz #8857,,,Standard
5791,7540,7540/8817,1.9814e-12,Common,generative,WizNerdz #5791,,,Standard
3732,7541,7541/8817,1.9849e-12,Common,generative,WizNerdz #3732,,,Standard
6324,7542,7542/8817,1.9852e-12,Common,generative,WizNerdz #6324,,,Standard
2515,7543,7543/8817,1.9859e-12,Common,generative,WizNerdz #2515,,,Standard
5230,7544,7544/8817,1.9869e-12,Common,generative,WizNerdz #5230,,,Standard
6444,7545,7545/8817,1.9877e-12,Common,generative,WizNerdz #6444,,,Standard
2774,7546,7546/8817,1.9893e-12,Common,generative,WizNerdz #2774,,,Standard
4588,7547,7547/8817,1.9916e-12,Common,generative,WizNerdz #4588,,,Standard
3961,7548,7548/8817,1.9958e-12,Common,generative,WizNerdz #3961,,,Standard
7628,7549,7549/8817,1.9967e-12,Common,generative,WizNerdz #7628,,,Standard
567,7550,7550/8817,2.0007e-12,Common,generative,WizNerdz #567,,,Standard
1091,7551,7551/8817,2.0016e-12,Common,generative,WizNerdz #1091,,,Standard
5530,7552,7552/8817,2.0021e-12,Common,generative,WizNerdz #5530,,,Standard
5927,7553,7553/8817,2.0028e-12,Common,generative,WizNerdz #5927,,,Standard
3898,7554,7554/8817,2.0092e-12,Common,generative,WizNerdz #3898,,,Standard
320,7555,7555/8817,2.0123e-12,Common,generative,WizNerdz #320,,,Standard
2352,7556,7556/8817,2.0231e-12,Common,generative,WizNerdz #2352,,,Standard
4161,7557,7557/8817,2.042e-12,Common,generative,WizNerdz #4161,,,Standard
8011,7558,7558/8817,2.0424e-12,Common,generative,WizNerdz #8011,,,Standard
7597,7559,7559/8817,2.0445e-12,Common,generative,WizNerdz #7597,,,Standard
1793,7560,7560/8817,2.0596e-12,Common,generative,WizNerdz #1793,,,Standard
2071,7561,7561/8817,2.0602e-12,Common,generative,WizNerdz #2071,,,Standard
5298,7562,7562/8817,2.0606e-12,Common,generative,WizNerdz #5298,,,Standard
8661,7563,7563/8817,2.0625e-12,Common,generative,WizNerdz #8661,,,Standard
1086,7564,7564/8817,2.0657e-12,Common,generative,WizNerdz #1086,,,Standard
8770,7565,7565/8817,2.0657e-12,Common,generative,WizNerdz #8770,,,Standard
3940,7566,7566/8817,2.0687e-12,Common,generative,WizNerdz #3940,,,Standard
8334,7567,7567/8817,2.0702e-12,Common,generative,WizNerdz #8334,,,Standard
7033,7568,7568/8817,2.0703e-12,Common,generative,WizNerdz #7033,,,Standard
3723,7569,7569/8817,2.083e-12,Common,generative,WizNerdz #3723,,,Standard
1207,7570,7570/8817,2.0879e-12,Common,generative,WizNerdz #1207,,,Standard
5185,7571,7571/8817,2.0883e-12,Common,generative,WizNerdz #5185,,,Standard
7068,7572,7572/8817,2.0912e-12,Common,generative,WizNerdz #7068,,,Standard
5574,7573,7573/8817,2.0955e-12,Common,generative,WizNerdz #5574,,,Standard
1430,7574,7574/8817,2.0961e-12,Common,generative,WizNerdz #1430,,,Standard
3022,7575,7575/8817,2.0971e-12,Common,generative,WizNerdz #3022,,,Standard
383,7576,7576/8817,2.1e-12,Common,generative,WizNerdz #383,,,Standard
6578,7577,7577/8817,2.1001e-12,Common,generative,WizNerdz #6578,,,Standard
4250,7578,7578/8817,2.1035e-12,Common,generative,WizNerdz #4250,,,Standard
733,7579,7579/8817,2.1046e-12,Common,generative,WizNerdz #733,,,Standard
47,7580,7580/8817,2.1047e-12,Common,generative,WizNerdz #47,,,Standard
7966,7581,7581/8817,2.1079e-12,Common,generative,WizNerdz #7966,,,Standard
7633,7582,7582/8817,2.1084e-12,Common,generative,WizNerdz #7633,,,Standard
2927,7583,7583/8817,2.1095e-12,Common,generative,WizNerdz #2927,,,Standard
3269,7584,7584/8817,2.1096e-12,Common,generative,WizNerdz #3269,,,Standard
6427,7585,7585/8817,2.1203e-12,Common,generative,WizNerdz #6427,,,Standard
461,7586,7586/8817,2.1277e-12,Common,generative,WizNerdz #461,,,Standard
2738,7587,7587/8817,2.1311e-12,Common,generative,WizNerdz #2738,,,Standard
7004,7588,7588/8817,2.1353e-12,Common,generative,WizNerdz #7004,,,Standard
2394,7589,7589/8817,2.1426e-12,Common,generative,WizNerdz #2394,,,Standard
5736,7590,7590/8817,2.1436e-12,Common,generative,WizNerdz #5736,,,Standard
5958,7591,7591/8817,2.1451e-12,Common,generative,WizNerdz #5958,,,Standard
5606,7592,7592/8817,2.1476e-12,Common,generative,WizNerdz #5606,,,Standard
837,7593,7593/8817,2.1496e-12,Common,generative,WizNerdz #837,,,Standard
1950,7594,7594/8817,2.1545e-12,Common,generative,WizNerdz #1950,,,Standard
3866,7595,7595/8817,2.157e-12,Common,generative,WizNerdz #3866,,,Standard
3465,7596,7596/8817,2.1603e-12,Common,generative,WizNerdz #3465,,,Standard
1868,7597,7597/8817,2.1628e-12,Common,generative,WizNerdz #1868,,,Standard
538,7598,7598/8817,2.1639e-12,Common,generative,WizNerdz #538,,,Standard
3565,7599,7599/8817,2.1648e-12,Common,generative,WizNerdz #3565,,,Standard
6145,7600,7600/8817,2.1659e-12,Common,generative,WizNerdz #6145,,,Standard
3478,7601,7601/8817,2.1701e-12,Common,generative,WizNerdz #3478,,,Standard
5487,7602,7602/8817,2.1708e-12,Common,generative,WizNerdz #5487,,,Standard
1271,7603,7603/8817,2.1768e-12,Common,generative,WizNerdz #1271,,,Standard
2057,7604,7604/8817,2.1889e-12,Common,generative,WizNerdz #2057,,,Standard
6671,7605,7605/8817,2.1892e-12,Common,generative,WizNerdz #6671,,,Standard
3604,7606,7606/8817,2.1968e-12,Common,generative,WizNerdz #3604,,,Standard
3627,7607,7607/8817,2.1981e-12,Common,generative,WizNerdz #3627,,,Standard
3679,7608,7608/8817,2.1987e-12,Common,generative,WizNerdz #3679,,,Standard
4089,7609,7609/8817,2.1994e-12,Common,generative,WizNerdz #4089,,,Standard
3731,7610,7610/8817,2.2e-12,Common,generative,WizNerdz #3731,,,Standard
8101,7611,7611/8817,2.2004e-12,Common,generative,WizNerdz #8101,,,Standard
2019,7612,7612/8817,2.2058e-12,Common,generative,WizNerdz #2019,,,Standard
3299,7613,7613/8817,2.2069e-12,Common,generative,WizNerdz #3299,,,Standard
4092,7614,7614/8817,2.2069e-12,Common,generative,WizNerdz #4092,,,Standard
7110,7615,7615/8817,2.2074e-12,Common,generative,WizNerdz #7110,,,Standard
6067,7616,7616/8817,2.2093e-12,Common,generative,WizNerdz #6067,,,Standard
6132,7617,7617/8817,2.2141e-12,Common,generative,WizNerdz #6132,,,Standard
2786,7618,7618/8817,2.2265e-12,Common,generative,WizNerdz #2786,,,Standard
2008,7619,7619/8817,2.2278e-12,Common,generative,WizNerdz #2008,,,Standard
2805,7620,7620/8817,2.23e-12,Common,generative,WizNerdz #2805,,,Standard
8881,7621,7621/8817,2.2358e-12,Common,generative,WizNerdz #8881,,,Standard
3470,7622,7622/8817,2.243e-12,Common,generative,WizNerdz #3470,,,Standard
2130,7623,7623/8817,2.2481e-12,Common,generative,WizNerdz #2130,,,Standard
5972,7624,7624/8817,2.2484e-12,Common,generative,WizNerdz #5972,,,Standard
3493,7625,7625/8817,2.2545e-12,Common,generative,WizNerdz #3493,,,Standard
5992,7626,7626/8817,2.2552e-12,Common,generative,WizNerdz #5992,,,Standard
7803,7627,7627/8817,2.2624e-12,Common,generative,WizNerdz #7803,,,Standard
8478,7628,7628/8817,2.2747e-12,Common,generative,WizNerdz #8478,,,Standard
844,7629,7629/8817,2.2793e-12,Common,generative,WizNerdz #844,,,Standard
5071,7630,7630/8817,2.2826e-12,Common,generative,WizNerdz #5071,,,Standard
256,7631,7631/8817,2.2873e-12,Common,generative,WizNerdz #256,,,Standard
272,7632,7632/8817,2.2975e-12,Common,generative,WizNerdz #272,,,Standard
8316,7633,7633/8817,2.3084e-12,Common,generative,WizNerdz #8316,,,Standard
3661,7634,7634/8817,2.3173e-12,Common,generative,WizNerdz #3661,,,Standard
8566,7635,7635/8817,2.3221e-12,Common,generative,WizNerdz #8566,,,Standard
7730,7636,7636/8817,2.3238e-12,Common,generative,WizNerdz #7730,,,Standard
8230,7637,7637/8817,2.3278e-12,Common,generative,WizNerdz #8230,,,Standard
8314,7638,7638/8817,2.329e-12,Common,generative,WizNerdz #8314,,,Standard
2417,7639,7639/8817,2.3298e-12,Common,generative,WizNerdz #2417,,,Standard
4329,7640,7640/8817,2.3324e-12,Common,generative,WizNerdz #4329,,,Standard
1094,7641,7641/8817,2.3348e-12,Common,generative,WizNerdz #1094,,,Standard
2704,7642,7642/8817,2.3367e-12,Common,generative,WizNerdz #2704,,,Standard
2290,7643,7643/8817,2.3416e-12,Common,generative,WizNerdz #2290,,,Standard
7444,7644,7644/8817,2.3426e-12,Common,generative,WizNerdz #7444,,,Standard
4696,7645,7645/8817,2.3489e-12,Common,generative,WizNerdz #4696,,,Standard
3123,7646,7646/8817,2.349e-12,Common,generative,WizNerdz #3123,,,Standard
2447,7647,7647/8817,2.3608e-12,Common,generative,WizNerdz #2447,,,Standard
8021,7648,7648/8817,2.3734e-12,Common,generative,WizNerdz #8021,,,Standard
2125,7649,7649/8817,2.3798e-12,Common,generative,WizNerdz #2125,,,Standard
7374,7650,7650/8817,2.3805e-12,Common,generative,WizNerdz #7374,,,Standard
3996,7651,7651/8817,2.3823e-12,Common,generative,WizNerdz #3996,,,Standard
5301,7652,7652/8817,2.3827e-12,Common,generative,WizNerdz #5301,,,Standard
8715,7653,7653/8817,2.3843e-12,Common,generative,WizNerdz #8715,,,Standard
3322,7654,7654/8817,2.3865e-12,Common,generative,WizNerdz #3322,,,Standard
2940,7655,7655/8817,2.3876e-12,Common,generative,WizNerdz #2940,,,Standard
6485,7656,7656/8817,2.3882e-12,Common,generative,WizNerdz #6485,,,Standard
223,7657,7657/8817,2.4002e-12,Common,generative,WizNerdz #223,,,Standard
1748,7658,7658/8817,2.4049e-12,Common,generative,WizNerdz #1748,,,Standard
45,7659,7659/8817,2.4069e-12,Common,generative,WizNerdz #45,,,Standard
7349,7660,7660/8817,2.4158e-12,Common,generative,WizNerdz #7349,,,Standard
3689,7661,7661/8817,2.4173e-12,Common,generative,WizNerdz #3689,,,Standard
4594,7662,7662/8817,2.4185e-12,Common,generative,WizNerdz #4594,,,Standard
1369,7663,7663/8817,2.4242e-12,Common,generative,WizNerdz #1369,,,Standard
6261,7664,7664/8817,2.4256e-12,Common,generative,WizNerdz #6261,,,Standard
6123,7665,7665/8817,2.4357e-12,Common,generative,WizNerdz #6123,,,Standard
8083,7666,7666/8817,2.4358e-12,Common,generative,WizNerdz #8083,,,Standard
6461,7667,7667/8817,2.4383e-12,Common,generative,WizNerdz #6461,,,Standard
3409,7668,7668/8817,2.443e-12,Common,generative,WizNerdz #3409,,,Standard
3644,7669,7669/8817,2.4457e-12,Common,generative,WizNerdz #3644,,,Standard
1120,7670,7670/8817,2.4469e-12,Common,generative,WizNerdz #1120,,,Standard
4265,7671,7671/8817,2.4516e-12,Common,generative,WizNerdz #4265,,,Standard
8421,7672,7672/8817,2.4611e-12,Common,generative,WizNerdz #8421,,,Standard
8469,7673,7673/8817,2.4636e-12,Common,generative,WizNerdz #8469,,,Standard
6896,7674,7674/8817,2.4706e-12,Common,generative,WizNerdz #6896,,,Standard
1183,7675,7675/8817,2.4776e-12,Common,generative,WizNerdz #1183,,,Standard
6382,7676,7676/8817,2.4777e-12,Common,generative,WizNerdz #6382,,,Standard
7090,7677,7677/8817,2.4831e-12,Common,generative,WizNerdz #7090,,,Standard
2590,7678,7678/8817,2.4874e-12,Common,generative,WizNerdz #2590,,,Standard
1083,7679,7679/8817,2.4956e-12,Common,generative,WizNerdz #1083,,,Standard
4354,7680,7680/8817,2.5006e-12,Common,generative,WizNerdz #4354,,,Standard
4985,7681,7681/8817,2.5119e-12,Common,generative,WizNerdz #4985,,,Standard
4604,7682,7682/8817,2.5179e-12,Common,generative,WizNerdz #4604,,,Standard
437,7683,7683/8817,2.5201e-12,Common,generative,WizNerdz #437,,,Standard
327,7684,7684/8817,2.5213e-12,Common,generative,WizNerdz #327,,,Standard
6956,7685,7685/8817,2.5364e-12,Common,generative,WizNerdz #6956,,,Standard
8301,7686,7686/8817,2.5365e-12,Common,generative,WizNerdz #8301,,,Standard
5171,7687,7687/8817,2.5439e-12,Common,generative,WizNerdz #5171,,,Standard
5075,7688,7688/8817,2.5527e-12,Common,generative,WizNerdz #5075,,,Standard
8396,7689,7689/8817,2.5565e-12,Common,generative,WizNerdz #8396,,,Standard
1820,7690,7690/8817,2.5567e-12,Common,generative,WizNerdz #1820,,,Standard
7330,7691,7691/8817,2.5612e-12,Common,generative,WizNerdz #7330,,,Standard
3434,7692,7692/8817,2.565e-12,Common,generative,WizNerdz #3434,,,Standard
3796,7693,7693/8817,2.5651e-12,Common,generative,WizNerdz #3796,,,Standard
5955,7694,7694/8817,2.5697e-12,Common,generative,WizNerdz #5955,,,Standard
1335,7695,7695/8817,2.5725e-12,Common,generative,WizNerdz #1335,,,Standard
2383,7696,7696/8817,2.5961e-12,Common,generative,WizNerdz #2383,,,Standard
1611,7697,7697/8817,2.6033e-12,Common,generative,WizNerdz #1611,,,Standard
1165,7698,7698/8817,2.6041e-12,Common,generative,WizNerdz #1165,,,Standard
873,7699,7699/8817,2.606e-12,Common,generative,WizNerdz #873,,,Standard
8018,7700,7700/8817,2.6075e-12,Common,generative,WizNerdz #8018,,,Standard
3772,7701,7701/8817,2.6093e-12,Common,generative,WizNerdz #3772,,,Standard
5180,7702,7702/8817,2.6119e-12,Common,generative,WizNerdz #5180,,,Standard
3295,7703,7703/8817,2.6145e-12,Common,generative,WizNerdz #3295,,,Standard
3242,7704,7704/8817,2.62e-12,Common,generative,WizNerdz #3242,,,Standard
4365,7705,7705/8817,2.6239e-12,Common,generative,WizNerdz #4365,,,Standard
8500,7706,7706/8817,2.6309e-12,Common,generative,WizNerdz #8500,,,Standard
2611,7707,7707/8817,2.6408e-12,Common,generative,WizNerdz #2611,,,Standard
4013,7708,7708/8817,2.6484e-12,Common,generative,WizNerdz #4013,,,Standard
4338,7709,7709/8817,2.6538e-12,Common,generative,WizNerdz #4338,,,Standard
6137,7710,7710/8817,2.6558e-12,Common,generative,WizNerdz #6137,,,Standard
4501,7711,7711/8817,2.6621e-12,Common,generative,WizNerdz #4501,,,Standard
7838,7712,7712/8817,2.6671e-12,Common,generative,WizNerdz #7838,,,Standard
3599,7713,7713/8817,2.6683e-12,Common,generative,WizNerdz #3599,,,Standard
314,7714,7714/8817,2.6685e-12,Common,generative,WizNerdz #314,,,Standard
2033,7715,7715/8817,2.6783e-12,Common,generative,WizNerdz #2033,,,Standard
6237,7716,7716/8817,2.6823e-12,Common,generative,WizNerdz #6237,,,Standard
7536,7717,7717/8817,2.6837e-12,Common,generative,WizNerdz #7536,,,Standard
357,7718,7718/8817,2.6859e-12,Common,generative,WizNerdz #357,,,Standard
3425,7719,7719/8817,2.69e-12,Common,generative,WizNerdz #3425,,,Standard
1886,7720,7720/8817,2.6922e-12,Common,generative,WizNerdz #1886,,,Standard
2412,7721,7721/8817,2.7025e-12,Common,generative,WizNerdz #2412,,,Standard
2994,7722,7722/8817,2.7099e-12,Common,generative,WizNerdz #2994,,,Standard
5575,7723,7723/8817,2.7114e-12,Common,generative,WizNerdz #5575,,,Standard
469,7724,7724/8817,2.7272e-12,Common,generative,WizNerdz #469,,,Standard
4961,7725,7725/8817,2.7279e-12,Common,generative,WizNerdz #4961,,,Standard
1589,7726,7726/8817,2.728e-12,Common,generative,WizNerdz #1589,,,Standard
3500,7727,7727/8817,2.7412e-12,Common,generative,WizNerdz #3500,,,Standard
7286,7728,7728/8817,2.7557e-12,Common,generative,WizNerdz #7286,,,Standard
2879,7729,7729/8817,2.7567e-12,Common,generative,WizNerdz #2879,,,Standard
2525,7730,7730/8817,2.7679e-12,Common,generative,WizNerdz #2525,,,Standard
8540,7731,7731/8817,2.7744e-12,Common,generative,WizNerdz #8540,,,Standard
5464,7732,7732/8817,2.7785e-12,Common,generative,WizNerdz #5464,,,Standard
1563,7733,7733/8817,2.7789e-12,Common,generative,WizNerdz #1563,,,Standard
6999,7734,7734/8817,2.7801e-12,Common,generative,WizNerdz #6999,,,Standard
6550,7735,7735/8817,2.7827e-12,Common,generative,WizNerdz #6550,,,Standard
8526,7736,7736/8817,2.7922e-12,Common,generative,WizNerdz #8526,,,Standard
4585,7737,7737/8817,2.7929e-12,Common,generative,WizNerdz #4585,,,Standard
843,7738,7738/8817,2.7975e-12,Common,generative,WizNerdz #843,,,Standard
1293,7739,7739/8817,2.7981e-12,Common,generative,WizNerdz #1293,,,Standard
2759,7740,7740/8817,2.8012e-12,Common,generative,WizNerdz #2759,,,Standard
7833,7741,7741/8817,2.8037e-12,Common,generative,WizNerdz #7833,,,Standard
2082,7742,7742/8817,2.8054e-12,Common,generative,WizNerdz #2082,,,Standard
439,7743,7743/8817,2.8167e-12,Common,generative,WizNerdz #439,,,Standard
4979,7744,7744/8817,2.8194e-12,Common,generative,WizNerdz #4979,,,Standard
1554,7745,7745/8817,2.8223e-12,Common,generative,WizNerdz #1554,,,Standard
8280,7746,7746/8817,2.8244e-12,Common,generative,WizNerdz #8280,,,Standard
4677,7747,7747/8817,2.8251e-12,Common,generative,WizNerdz #4677,,,Standard
2037,7748,7748/8817,2.8268e-12,Common,generative,WizNerdz #2037,,,Standard
2023,7749,7749/8817,2.8321e-12,Common,generative,WizNerdz #2023,,,Standard
5847,7750,7750/8817,2.8367e-12,Common,generative,WizNerdz #5847,,,Standard
6541,7751,7751/8817,2.8382e-12,Common,generative,WizNerdz #6541,,,Standard
7695,7752,7752/8817,2.8452e-12,Common,generative,WizNerdz #7695,,,Standard
4768,7753,7753/8817,2.8561e-12,Common,generative,WizNerdz #4768,,,Standard
4773,7754,7754/8817,2.8608e-12,Common,generative,WizNerdz #4773,,,Standard
7550,7755,7755/8817,2.861e-12,Common,generative,WizNerdz #7550,,,Standard
4865,7756,7756/8817,2.8752e-12,Common,generative,WizNerdz #4865,,,Standard
5924,7757,7757/8817,2.882e-12,Common,generative,WizNerdz #5924,,,Standard
7870,7758,7758/8817,2.8887e-12,Common,generative,WizNerdz #7870,,,Standard
3423,7759,7759/8817,2.889e-12,Common,generative,WizNerdz #3423,,,Standard
4644,7760,7760/8817,2.8951e-12,Common,generative,WizNerdz #4644,,,Standard
2516,7761,7761/8817,2.8964e-12,Common,generative,WizNerdz #2516,,,Standard
6779,7762,7762/8817,2.8983e-12,Common,generative,WizNerdz #6779,,,Standard
3408,7763,7763/8817,2.9005e-12,Common,generative,WizNerdz #3408,,,Standard
3918,7764,7764/8817,2.9044e-12,Common,generative,WizNerdz #3918,,,Standard
3943,7765,7765/8817,2.9064e-12,Common,generative,WizNerdz #3943,,,Standard
8499,7766,7766/8817,2.907e-12,Common,generative,WizNerdz #8499,,,Standard
4645,7767,7767/8817,2.9106e-12,Common,generative,WizNerdz #4645,,,Standard
249,7768,7768/8817,2.9251e-12,Common,generative,WizNerdz #249,,,Standard
976,7769,7769/8817,2.9341e-12,Common,generative,WizNerdz #976,,,Standard
7046,7770,7770/8817,2.9351e-12,Common,generative,WizNerdz #7046,,,Standard
5215,7771,7771/8817,2.9361e-12,Common,generative,WizNerdz #5215,,,Standard
2915,7772,7772/8817,2.9362e-12,Common,generative,WizNerdz #2915,,,Standard
3395,7773,7773/8817,2.939e-12,Common,generative,WizNerdz #3395,,,Standard
5207,7774,7774/8817,2.9412e-12,Common,generative,WizNerdz #5207,,,Standard
1035,7775,7775/8817,2.9435e-12,Common,generative,WizNerdz #1035,,,Standard
240,7776,7776/8817,2.9444e-12,Common,generative,WizNerdz #240,,,Standard
3350,7777,7777/8817,2.9484e-12,Common,generative,WizNerdz #3350,,,Standard
1753,7778,7778/8817,2.9567e-12,Common,generative,WizNerdz #1753,,,Standard
3204,7779,7779/8817,2.9582e-12,Common,generative,WizNerdz #3204,,,Standard
7345,7780,7780/8817,2.9671e-12,Common,generative,WizNerdz #7345,,,Standard
5792,7781,7781/8817,2.9706e-12,Common,generative,WizNerdz #5792,,,Standard
254,7782,7782/8817,2.9775e-12,Common,generative,WizNerdz #254,,,Standard
2746,7783,7783/8817,2.9815e-12,Common,generative,WizNerdz #2746,,,Standard
721,7784,7784/8817,2.9842e-12,Common,generative,WizNerdz #721,,,Standard
1640,7785,7785/8817,2.9858e-12,Common,generative,WizNerdz #1640,,,Standard
1188,7786,7786/8817,2.9911e-12,Common,generative,WizNerdz #1188,,,Standard
6454,7787,7787/8817,3.0013e-12,Common,generative,WizNerdz #6454,,,Standard
8125,7788,7788/8817,3.0049e-12,Common,generative,WizNerdz #8125,,,Standard
5459,7789,7789/8817,3.0101e-12,Common,generative,WizNerdz #5459,,,Standard
8180,7790,7790/8817,3.0166e-12,Common,generative,WizNerdz #8180,,,Standard
3186,7791,7791/8817,3.0183e-12,Common,generative,WizNerdz #3186,,,Standard
16,7792,7792/8817,3.0192e-12,Common,generative,WizNerdz #16,,,Standard
4429,7793,7793/8817,3.0327e-12,Common,generative,WizNerdz #4429,,,Standard
2755,7794,7794/8817,3.0341e-12,Common,generative,WizNerdz #2755,,,Standard
1267,7795,7795/8817,3.0384e-12,Common,generative,WizNerdz #1267,,,Standard
2852,7796,7796/8817,3.0392e-12,Common,generative,WizNerdz #2852,,,Standard
3068,7797,7797/8817,3.0402e-12,Common,generative,WizNerdz #3068,,,Standard
3117,7798,7798/8817,3.0422e-12,Common,generative,WizNerdz #3117,,,Standard
4331,7799,7799/8817,3.0463e-12,Common,generative,WizNerdz #4331,,,Standard
624,7800,7800/8817,3.064e-12,Common,generative,WizNerdz #624,,,Standard
8373,7801,7801/8817,3.0733e-12,Common,generative,WizNerdz #8373,,,Standard
6529,7802,7802/8817,3.0794e-12,Common,generative,WizNerdz #6529,,,Standard
4243,7803,7803/8817,3.0796e-12,Common,generative,WizNerdz #4243,,,Standard
5299,7804,7804/8817,3.0814e-12,Common,generative,WizNerdz #5299,,,Standard
4531,7805,7805/8817,3.0845e-12,Common,generative,WizNerdz #4531,,,Standard
4944,7806,7806/8817,3.0877e-12,Common,generative,WizNerdz #4944,,,Standard
232,7807,7807/8817,3.0918e-12,Common,generative,WizNerdz #232,,,Standard
336,7808,7808/8817,3.0981e-12,Common,generative,WizNerdz #336,,,Standard
5769,7809,7809/8817,3.099e-12,Common,generative,WizNerdz #5769,,,Standard
1989,7810,7810/8817,3.1029e-12,Common,generative,WizNerdz #1989,,,Standard
8652,7811,7811/8817,3.106e-12,Common,generative,WizNerdz #8652,,,Standard
7047,7812,7812/8817,3.1062e-12,Common,generative,WizNerdz #7047,,,Standard
3628,7813,7813/8817,3.1082e-12,Common,generative,WizNerdz #3628,,,Standard
3590,7814,7814/8817,3.1098e-12,Common,generative,WizNerdz #3590,,,Standard
7947,7815,7815/8817,3.1136e-12,Common,generative,WizNerdz #7947,,,Standard
447,7816,7816/8817,3.1194e-12,Common,generative,WizNerdz #447,,,Standard
5259,7817,7817/8817,3.1201e-12,Common,generative,WizNerdz #5259,,,Standard
1982,7818,7818/8817,3.1283e-12,Common,generative,WizNerdz #1982,,,Standard
5982,7819,7819/8817,3.1338e-12,Common,generative,WizNerdz #5982,,,Standard
5551,7820,7820/8817,3.1471e-12,Common,generative,WizNerdz #5551,,,Standard
8254,7821,7821/8817,3.1501e-12,Common,generative,WizNerdz #8254,,,Standard
6198,7822,7822/8817,3.152e-12,Common,generative,WizNerdz #6198,,,Standard
1277,7823,7823/8817,3.1581e-12,Common,generative,WizNerdz #1277,,,Standard
1734,7824,7824/8817,3.1644e-12,Common,generative,WizNerdz #1734,,,Standard
6509,7825,7825/8817,3.1667e-12,Common,generative,WizNerdz #6509,,,Standard
7921,7826,7826/8817,3.1685e-12,Common,generative,WizNerdz #7921,,,Standard
4351,7827,7827/8817,3.1778e-12,Common,generative,WizNerdz #4351,,,Standard
4879,7828,7828/8817,3.179e-12,Common,generative,WizNerdz #4879,,,Standard
6297,7829,7829/8817,3.1804e-12,Common,generative,WizNerdz #6297,,,Standard
5223,7830,7830/8817,3.1817e-12,Common,generative,WizNerdz #5223,,,Standard
5409,7831,7831/8817,3.2016e-12,Common,generative,WizNerdz #5409,,,Standard
8433,7832,7832/8817,3.2122e-12,Common,generative,WizNerdz #8433,,,Standard
6754,7833,7833/8817,3.2174e-12,Common,generative,WizNerdz #6754,,,Standard
3716,7834,7834/8817,3.221e-12,Common,generative,WizNerdz #3716,,,Standard
4638,7835,7835/8817,3.2248e-12,Common,generative,WizNerdz #4638,,,Standard
4684,7836,7836/8817,3.2279e-12,Common,generative,WizNerdz #4684,,,Standard
5858,7837,7837/8817,3.2306e-12,Common,generative,WizNerdz #5858,,,Standard
2200,7838,7838/8817,3.2414e-12,Common,generative,WizNerdz #2200,,,Standard
4235,7839,7839/8817,3.2423e-12,Common,generative,WizNerdz #4235,,,Standard
4906,7840,7840/8817,3.25e-12,Common,generative,WizNerdz #4906,,,Standard
284,7841,7841/8817,3.2546e-12,Common,generative,WizNerdz #284,,,Standard
5884,7842,7842/8817,3.2598e-12,Common,generative,WizNerdz #5884,,,Standard
1385,7843,7843/8817,3.2629e-12,Common,generative,WizNerdz #1385,,,Standard
3804,7844,7844/8817,3.2629e-12,Common,generative,WizNerdz #3804,,,Standard
2432,7845,7845/8817,3.2639e-12,Common,generative,WizNerdz #2432,,,Standard
348,7846,7846/8817,3.2648e-12,Common,generative,WizNerdz #348,,,Standard
4039,7847,7847/8817,3.2661e-12,Common,generative,WizNerdz #4039,,,Standard
2842,7848,7848/8817,3.2672e-12,Common,generative,WizNerdz #2842,,,Standard
3973,7849,7849/8817,3.2689e-12,Common,generative,WizNerdz #3973,,,Standard
1545,7850,7850/8817,3.3167e-12,Common,generative,WizNerdz #1545,,,Standard
512,7851,7851/8817,3.3197e-12,Common,generative,WizNerdz #512,,,Standard
7705,7852,7852/8817,3.3209e-12,Common,generative,WizNerdz #7705,,,Standard
8190,7853,7853/8817,3.352e-12,Common,generative,WizNerdz #8190,,,Standard
4010,7854,7854/8817,3.3576e-12,Common,generative,WizNerdz #4010,,,Standard
7208,7855,7855/8817,3.3614e-12,Common,generative,WizNerdz #7208,,,Standard
483,7856,7856/8817,3.3677e-12,Common,generative,WizNerdz #483,,,Standard
6755,7857,7857/8817,3.3696e-12,Common,generative,WizNerdz #6755,,,Standard
1649,7858,7858/8817,3.3723e-12,Common,generative,WizNerdz #1649,,,Standard
6773,7859,7859/8817,3.3788e-12,Common,generative,WizNerdz #6773,,,Standard
2945,7860,7860/8817,3.3859e-12,Common,generative,WizNerdz #2945,,,Standard
7762,7861,7861/8817,3.3899e-12,Common,generative,WizNerdz #7762,,,Standard
5431,7862,7862/8817,3.3995e-12,Common,generative,WizNerdz #5431,,,Standard
4489,7863,7863/8817,3.4042e-12,Common,generative,WizNerdz #4489,,,Standard
5486,7864,7864/8817,3.4127e-12,Common,generative,WizNerdz #5486,,,Standard
3955,7865,7865/8817,3.4178e-12,Common,generative,WizNerdz #3955,,,Standard
1436,7866,7866/8817,3.423e-12,Common,generative,WizNerdz #1436,,,Standard
5631,7867,7867/8817,3.4244e-12,Common,generative,WizNerdz #5631,,,Standard
3867,7868,7868/8817,3.4245e-12,Common,generative,WizNerdz #3867,,,Standard
7115,7869,7869/8817,3.4374e-12,Common,generative,WizNerdz #7115,,,Standard
5814,7870,7870/8817,3.4407e-12,Common,generative,WizNerdz #5814,,,Standard
4783,7871,7871/8817,3.4476e-12,Common,generative,WizNerdz #4783,,,Standard
1859,7872,7872/8817,3.4569e-12,Common,generative,WizNerdz #1859,,,Standard
5896,7873,7873/8817,3.4582e-12,Common,generative,WizNerdz #5896,,,Standard
7907,7874,7874/8817,3.4603e-12,Common,generative,WizNerdz #7907,,,Standard
884,7875,7875/8817,3.4627e-12,Common,generative,WizNerdz #884,,,Standard
2710,7876,7876/8817,3.474e-12,Common,generative,WizNerdz #2710,,,Standard
4973,7877,7877/8817,3.476e-12,Common,generative,WizNerdz #4973,,,Standard
442,7878,7878/8817,3.4854e-12,Common,generative,WizNerdz #442,,,Standard
2301,7879,7879/8817,3.4899e-12,Common,generative,WizNerdz #2301,,,Standard
4669,7880,7880/8817,3.5049e-12,Common,generative,WizNerdz #4669,,,Standard
8321,7881,7881/8817,3.5061e-12,Common,generative,WizNerdz #8321,,,Standard
5170,7882,7882/8817,3.5066e-12,Common,generative,WizNerdz #5170,,,Standard
2347,7883,7883/8817,3.5073e-12,Common,generative,WizNerdz #2347,,,Standard
7161,7884,7884/8817,3.5081e-12,Common,generative,WizNerdz #7161,,,Standard
6905,7885,7885/8817,3.5119e-12,Common,generative,WizNerdz #6905,,,Standard
2306,7886,7886/8817,3.5123e-12,Common,generative,WizNerdz #2306,,,Standard
1124,7887,7887/8817,3.5162e-12,Common,generative,WizNerdz #1124,,,Standard
68,7888,7888/8817,3.5224e-12,Common,generative,WizNerdz #68,,,Standard
426,7889,7889/8817,3.5243e-12,Common,generative,WizNerdz #426,,,Standard
2458,7890,7890/8817,3.5251e-12,Common,generative,WizNerdz #2458,,,Standard
6096,7891,7891/8817,3.5339e-12,Common,generative,WizNerdz #6096,,,Standard
5569,7892,7892/8817,3.5413e-12,Common,generative,WizNerdz #5569,,,Standard
8218,7893,7893/8817,3.5427e-12,Common,generative,WizNerdz #8218,,,Standard
4362,7894,7894/8817,3.5495e-12,Common,generative,WizNerdz #4362,,,Standard
3112,7895,7895/8817,3.5582e-12,Common,generative,WizNerdz #3112,,,Standard
2772,7896,7896/8817,3.5654e-12,Common,generative,WizNerdz #2772,,,Standard
1332,7897,7897/8817,3.5672e-12,Common,generative,WizNerdz #1332,,,Standard
6103,7898,7898/8817,3.5694e-12,Common,generative,WizNerdz #6103,,,Standard
2034,7899,7899/8817,3.5726e-12,Common,generative,WizNerdz #2034,,,Standard
100,7900,7900/8817,3.5758e-12,Common,generative,WizNerdz #100,,,Standard
7442,7901,7901/8817,3.576e-12,Common,generative,WizNerdz #7442,,,Standard
281,7902,7902/8817,3.5811e-12,Common,generative,WizNerdz #281,,,Standard
726,7903,7903/8817,3.5819e-12,Common,generative,WizNerdz #726,,,Standard
2449,7904,7904/8817,3.5859e-12,Common,generative,WizNerdz #2449,,,Standard
6365,7905,7905/8817,3.586e-12,Common,generative,WizNerdz #6365,,,Standard
2490,7906,7906/8817,3.5896e-12,Common,generative,WizNerdz #2490,,,Standard
568,7907,7907/8817,3.5915e-12,Common,generative,WizNerdz #568,,,Standard
2628,7908,7908/8817,3.5966e-12,Common,generative,WizNerdz #2628,,,Standard
4898,7909,7909/8817,3.5993e-12,Common,generative,WizNerdz #4898,,,Standard
8026,7910,7910/8817,3.6001e-12,Common,generative,WizNerdz #8026,,,Standard
8272,7911,7911/8817,3.602e-12,Common,generative,WizNerdz #8272,,,Standard
5023,7912,7912/8817,3.6035e-12,Common,generative,WizNerdz #5023,,,Standard
1917,7913,7913/8817,3.6087e-12,Common,generative,WizNerdz #1917,,,Standard
3352,7914,7914/8817,3.6255e-12,Common,generative,WizNerdz #3352,,,Standard
157,7915,7915/8817,3.626e-12,Common,generative,WizNerdz #157,,,Standard
4939,7916,7916/8817,3.6325e-12,Common,generative,WizNerdz #4939,,,Standard
8791,7917,7917/8817,3.6369e-12,Common,generative,WizNerdz #8791,,,Standard
2554,7918,7918/8817,3.6385e-12,Common,generative,WizNerdz #2554,,,Standard
4823,7919,7919/8817,3.6607e-12,Common,generative,WizNerdz #4823,,,Standard
763,7920,7920/8817,3.6621e-12,Common,generative,WizNerdz #763,,,Standard
4796,7921,7921/8817,3.6715e-12,Common,generative,WizNerdz #4796,,,Standard
8662,7922,7922/8817,3.6794e-12,Common,generative,WizNerdz #8662,,,Standard
7790,7923,7923/8817,3.695e-12,Common,generative,WizNerdz #7790,,,Standard
306,7924,7924/8817,3.695e-12,Common,generative,WizNerdz #306,,,Standard
500,7925,7925/8817,3.7215e-12,Common,generative,WizNerdz #500,,,Standard
5430,7926,7926/8817,3.723e-12,Common,generative,WizNerdz #5430,,,Standard
1495,7927,7927/8817,3.7279e-12,Common,generative,WizNerdz #1495,,,Standard
4074,7928,7928/8817,3.73e-12,Common,generative,WizNerdz #4074,,,Standard
6160,7929,7929/8817,3.7407e-12,Common,generative,WizNerdz #6160,,,Standard
4552,7930,7930/8817,3.7495e-12,Common,generative,WizNerdz #4552,,,Standard
8598,7931,7931/8817,3.7587e-12,Common,generative,WizNerdz #8598,,,Standard
3648,7932,7932/8817,3.7601e-12,Common,generative,WizNerdz #3648,,,Standard
8764,7933,7933/8817,3.7893e-12,Common,generative,WizNerdz #8764,,,Standard
3071,7934,7934/8817,3.7947e-12,Common,generative,WizNerdz #3071,,,Standard
7105,7935,7935/8817,3.7952e-12,Common,generative,WizNerdz #7105,,,Standard
607,7936,7936/8817,3.8036e-12,Common,generative,WizNerdz #607,,,Standard
909,7937,7937/8817,3.8068e-12,Common,generative,WizNerdz #909,,,Standard
5781,7938,7938/8817,3.8213e-12,Common,generative,WizNerdz #5781,,,Standard
5996,7939,7939/8817,3.824e-12,Common,generative,WizNerdz #5996,,,Standard
6273,7940,7940/8817,3.8362e-12,Common,generative,WizNerdz #6273,,,Standard
7812,7941,7941/8817,3.8414e-12,Common,generative,WizNerdz #7812,,,Standard
558,7942,7942/8817,3.8511e-12,Common,generative,WizNerdz #558,,,Standard
6120,7943,7943/8817,3.8619e-12,Common,generative,WizNerdz #6120,,,Standard
5677,7944,7944/8817,3.8621e-12,Common,generative,WizNerdz #5677,,,Standard
6627,7945,7945/8817,3.8675e-12,Common,generative,WizNerdz #6627,,,Standard
5966,7946,7946/8817,3.8766e-12,Common,generative,WizNerdz #5966,,,Standard
3263,7947,7947/8817,3.8886e-12,Common,generative,WizNerdz #3263,,,Standard
5224,7948,7948/8817,3.8983e-12,Common,generative,WizNerdz #5224,,,Standard
6433,7949,7949/8817,3.9004e-12,Common,generative,WizNerdz #6433,,,Standard
6872,7950,7950/8817,3.915e-12,Common,generative,WizNerdz #6872,,,Standard
4815,7951,7951/8817,3.9163e-12,Common,generative,WizNerdz #4815,,,Standard
4609,7952,7952/8817,3.9235e-12,Common,generative,WizNerdz #4609,,,Standard
4848,7953,7953/8817,3.9551e-12,Common,generative,WizNerdz #4848,,,Standard
582,7954,7954/8817,3.9619e-12,Common,generative,WizNerdz #582,,,Standard
747,7955,7955/8817,3.9627e-12,Common,generative,WizNerdz #747,,,Standard
3573,7956,7956/8817,3.9637e-12,Common,generative,WizNerdz #3573,,,Standard
4027,7957,7957/8817,3.9734e-12,Common,generative,WizNerdz #4027,,,Standard
2,7958,7958/8817,3.9761e-12,Common,generative,WizNerdz #2,,,Standard
174,7959,7959/8817,3.9879e-12,Common,generative,WizNerdz #174,,,Standard
5898,7960,7960/8817,3.9967e-12,Common,generative,WizNerdz #5898,,,Standard
4672,7961,7961/8817,3.9987e-12,Common,generative,WizNerdz #4672,,,Standard
5463,7962,7962/8817,4.0015e-12,Common,generative,WizNerdz #5463,,,Standard
8843,7963,7963/8817,4.0054e-12,Common,generative,WizNerdz #8843,,,Standard
3777,7964,7964/8817,4.0063e-12,Common,generative,WizNerdz #3777,,,Standard
1910,7965,7965/8817,4.0121e-12,Common,generative,WizNerdz #1910,,,Standard
6178,7966,7966/8817,4.0125e-12,Common,generative,WizNerdz #6178,,,Standard
4113,7967,7967/8817,4.0234e-12,Common,generative,WizNerdz #4113,,,Standard
5519,7968,7968/8817,4.0245e-12,Common,generative,WizNerdz #5519,,,Standard
3065,7969,7969/8817,4.0326e-12,Common,generative,WizNerdz #3065,,,Standard
6278,7970,7970/8817,4.0329e-12,Common,generative,WizNerdz #6278,,,Standard
7320,7971,7971/8817,4.033e-12,Common,generative,WizNerdz #7320,,,Standard
2758,7972,7972/8817,4.0424e-12,Common,generative,WizNerdz #2758,,,Standard
3105,7973,7973/8817,4.051e-12,Common,generative,WizNerdz #3105,,,Standard
2977,7974,7974/8817,4.0518e-12,Common,generative,WizNerdz #2977,,,Standard
4480,7975,7975/8817,4.0548e-12,Common,generative,WizNerdz #4480,,,Standard
7039,7976,7976/8817,4.0552e-12,Common,generative,WizNerdz #7039,,,Standard
2828,7977,7977/8817,4.0557e-12,Common,generative,WizNerdz #2828,,,Standard
6592,7978,7978/8817,4.0565e-12,Common,generative,WizNerdz #6592,,,Standard
1484,7979,7979/8817,4.0585e-12,Common,generative,WizNerdz #1484,,,Standard
2716,7980,7980/8817,4.0595e-12,Common,generative,WizNerdz #2716,,,Standard
70,7981,7981/8817,4.0732e-12,Common,generative,WizNerdz #70,,,Standard
4874,7982,7982/8817,4.0752e-12,Common,generative,WizNerdz #4874,,,Standard
217,7983,7983/8817,4.0767e-12,Common,generative,WizNerdz #217,,,Standard
7086,7984,7984/8817,4.0773e-12,Common,generative,WizNerdz #7086,,,Standard
4361,7985,7985/8817,4.0858e-12,Common,generative,WizNerdz #4361,,,Standard
1058,7986,7986/8817,4.0864e-12,Common,generative,WizNerdz #1058,,,Standard
1447,7987,7987/8817,4.0936e-12,Common,generative,WizNerdz #1447,,,Standard
584,7988,7988/8817,4.0958e-12,Common,generative,WizNerdz #584,,,Standard
1398,7989,7989/8817,4.1021e-12,Common,generative,WizNerdz #1398,,,Standard
6094,7990,7990/8817,4.1047e-12,Common,generative,WizNerdz #6094,,,Standard
5571,7991,7991/8817,4.1136e-12,Common,generative,WizNerdz #5571,,,Standard
3069,7992,7992/8817,4.1157e-12,Common,generative,WizNerdz #3069,,,Standard
2410,7993,7993/8817,4.1198e-12,Common,generative,WizNerdz #2410,,,Standard
3028,7994,7994/8817,4.1198e-12,Common,generative,WizNerdz #3028,,,Standard
3064,7995,7995/8817,4.1252e-12,Common,generative,WizNerdz #3064,,,Standard
2058,7996,7996/8817,4.1255e-12,Common,generative,WizNerdz #2058,,,Standard
1542,7997,7997/8817,4.1321e-12,Common,generative,WizNerdz #1542,,,Standard
417,7998,7998/8817,4.1405e-12,Common,generative,WizNerdz #417,,,Standard
8886,7999,7999/8817,4.1498e-12,Common,generative,WizNerdz #8886,,,Standard
1996,8000,8000/8817,4.1706e-12,Common,generative,WizNerdz #1996,,,Standard
7717,8001,8001/8817,4.1712e-12,Common,generative,WizNerdz #7717,,,Standard
2708,8002,8002/8817,4.1751e-12,Common,generative,WizNerdz #2708,,,Standard
1009,8003,8003/8817,4.1794e-12,Common,generative,WizNerdz #1009,,,Standard
4353,8004,8004/8817,4.1868e-12,Common,generative,WizNerdz #4353,,,Standard
3733,8005,8005/8817,4.1949e-12,Common,generative,WizNerdz #3733,,,Standard
5383,8006,8006/8817,4.1958e-12,Common,generative,WizNerdz #5383,,,Standard
8385,8007,8007/8817,4.2097e-12,Common,generative,WizNerdz #8385,,,Standard
6410,8008,8008/8817,4.2125e-12,Common,generative,WizNerdz #6410,,,Standard
8552,8009,8009/8817,4.2154e-12,Common,generative,WizNerdz #8552,,,Standard
6992,8010,8010/8817,4.2197e-12,Common,generative,WizNerdz #6992,,,Standard
3020,8011,8011/8817,4.23e-12,Common,generative,WizNerdz #3020,,,Standard
6734,8012,8012/8817,4.232e-12,Common,generative,WizNerdz #6734,,,Standard
2363,8013,8013/8817,4.2449e-12,Common,generative,WizNerdz #2363,,,Standard
6328,8014,8014/8817,4.2586e-12,Common,generative,WizNerdz #6328,,,Standard
6459,8015,8015/8817,4.2588e-12,Common,generative,WizNerdz #6459,,,Standard
1348,8016,8016/8817,4.2589e-12,Common,generative,WizNerdz #1348,,,Standard
1085,8017,8017/8817,4.2607e-12,Common,generative,WizNerdz #1085,,,Standard
3141,8018,8018/8817,4.2625e-12,Common,generative,WizNerdz #3141,,,Standard
8698,8019,8019/8817,4.2708e-12,Common,generative,WizNerdz #8698,,,Standard
2955,8020,8020/8817,4.2725e-12,Common,generative,WizNerdz #2955,,,Standard
5243,8021,8021/8817,4.2807e-12,Common,generative,WizNerdz #5243,,,Standard
6326,8022,8022/8817,4.2813e-12,Common,generative,WizNerdz #6326,,,Standard
6817,8023,8023/8817,4.2881e-12,Common,generative,WizNerdz #6817,,,Standard
2274,8024,8024/8817,4.2936e-12,Common,generative,WizNerdz #2274,,,Standard
2124,8025,8025/8817,4.3107e-12,Common,generative,WizNerdz #2124,,,Standard
495,8026,8026/8817,4.3124e-12,Common,generative,WizNerdz #495,,,Standard
8312,8027,8027/8817,4.3138e-12,Common,generative,WizNerdz #8312,,,Standard
2566,8028,8028/8817,4.3322e-12,Common,generative,WizNerdz #2566,,,Standard
4288,8029,8029/8817,4.3517e-12,Common,generative,WizNerdz #4288,,,Standard
4214,8030,8030/8817,4.3559e-12,Common,generative,WizNerdz #4214,,,Standard
5444,8031,8031/8817,4.36e-12,Common,generative,WizNerdz #5444,,,Standard
1050,8032,8032/8817,4.3635e-12,Common,generative,WizNerdz #1050,,,Standard
3406,8033,8033/8817,4.3688e-12,Common,generative,WizNerdz #3406,,,Standard
3013,8034,8034/8817,4.3771e-12,Common,generative,WizNerdz #3013,,,Standard
5202,8035,8035/8817,4.3861e-12,Common,generative,WizNerdz #5202,,,Standard
3516,8036,8036/8817,4.388e-12,Common,generative,WizNerdz #3516,,,Standard
4200,8037,8037/8817,4.3897e-12,Common,generative,WizNerdz #4200,,,Standard
8878,8038,8038/8817,4.3903e-12,Common,generative,WizNerdz #8878,,,Standard
5813,8039,8039/8817,4.3907e-12,Common,generative,WizNerdz #5813,,,Standard
1166,8040,8040/8817,4.3928e-12,Common,generative,WizNerdz #1166,,,Standard
3161,8041,8041/8817,4.3935e-12,Common,generative,WizNerdz #3161,,,Standard
2557,8042,8042/8817,4.4008e-12,Common,generative,WizNerdz #2557,,,Standard
661,8043,8043/8817,4.421e-12,Common,generative,WizNerdz #661,,,Standard
6418,8044,8044/8817,4.4212e-12,Common,generative,WizNerdz #6418,,,Standard
1162,8045,8045/8817,4.4227e-12,Common,generative,WizNerdz #1162,,,Standard
6729,8046,8046/8817,4.4259e-12,Common,generative,WizNerdz #6729,,,Standard
3472,8047,8047/8817,4.4295e-12,Common,generative,WizNerdz #3472,,,Standard
4095,8048,8048/8817,4.43e-12,Common,generative,WizNerdz #4095,,,Standard
7019,8049,8049/8817,4.4341e-12,Common,generative,WizNerdz #7019,,,Standard
8322,8050,8050/8817,4.4524e-12,Common,generative,WizNerdz #8322,,,Standard
8281,8051,8051/8817,4.4732e-12,Common,generative,WizNerdz #8281,,,Standard
4182,8052,8052/8817,4.4768e-12,Common,generative,WizNerdz #4182,,,Standard
6996,8053,8053/8817,4.477e-12,Common,generative,WizNerdz #6996,,,Standard
5527,8054,8054/8817,4.4787e-12,Common,generative,WizNerdz #5527,,,Standard
5975,8055,8055/8817,4.4797e-12,Common,generative,WizNerdz #5975,,,Standard
2331,8056,8056/8817,4.4801e-12,Common,generative,WizNerdz #2331,,,Standard
4504,8057,8057/8817,4.4807e-12,Common,generative,WizNerdz #4504,,,Standard
4846,8058,8058/8817,4.4808e-12,Common,generative,WizNerdz #4846,,,Standard
7522,8059,8059/8817,4.4864e-12,Common,generative,WizNerdz #7522,,,Standard
1413,8060,8060/8817,4.4871e-12,Common,generative,WizNerdz #1413,,,Standard
6826,8061,8061/8817,4.4931e-12,Common,generative,WizNerdz #6826,,,Standard
8527,8062,8062/8817,4.5023e-12,Common,generative,WizNerdz #8527,,,Standard
489,8063,8063/8817,4.5144e-12,Common,generative,WizNerdz #489,,,Standard
3760,8064,8064/8817,4.5312e-12,Common,generative,WizNerdz #3760,,,Standard
4875,8065,8065/8817,4.5323e-12,Common,generative,WizNerdz #4875,,,Standard
2191,8066,8066/8817,4.5449e-12,Common,generative,WizNerdz #2191,,,Standard
5685,8067,8067/8817,4.5674e-12,Common,generative,WizNerdz #5685,,,Standard
4252,8068,8068/8817,4.5693e-12,Common,generative,WizNerdz #4252,,,Standard
6035,8069,8069/8817,4.5857e-12,Common,generative,WizNerdz #6035,,,Standard
2165,8070,8070/8817,4.6071e-12,Common,generative,WizNerdz #2165,,,Standard
6616,8071,8071/8817,4.6113e-12,Common,generative,WizNerdz #6616,,,Standard
3271,8072,8072/8817,4.6121e-12,Common,generative,WizNerdz #3271,,,Standard
5995,8073,8073/8817,4.6179e-12,Common,generative,WizNerdz #5995,,,Standard
4422,8074,8074/8817,4.62e-12,Common,generative,WizNerdz #4422,,,Standard
4670,8075,8075/8817,4.626e-12,Common,generative,WizNerdz #4670,,,Standard
2816,8076,8076/8817,4.6384e-12,Common,generative,WizNerdz #2816,,,Standard
8517,8077,8077/8817,4.6407e-12,Common,generative,WizNerdz #8517,,,Standard
6248,8078,8078/8817,4.6408e-12,Common,generative,WizNerdz #6248,,,Standard
7996,8079,8079/8817,4.6462e-12,Common,generative,WizNerdz #7996,,,Standard
575,8080,8080/8817,4.6516e-12,Common,generative,WizNerdz #575,,,Standard
51,8081,8081/8817,4.6584e-12,Common,generative,WizNerdz #51,,,Standard
7912,8082,8082/8817,4.6675e-12,Common,generative,WizNerdz #7912,,,Standard
1651,8083,8083/8817,4.6949e-12,Common,generative,WizNerdz #1651,,,Standard
4962,8084,8084/8817,4.701e-12,Common,generative,WizNerdz #4962,,,Standard
8082,8085,8085/8817,4.7055e-12,Common,generative,WizNerdz #8082,,,Standard
2736,8086,8086/8817,4.7109e-12,Common,generative,WizNerdz #2736,,,Standard
6878,8087,8087/8817,4.7118e-12,Common,generative,WizNerdz #6878,,,Standard
73,8088,8088/8817,4.7243e-12,Common,generative,WizNerdz #73,,,Standard
1168,8089,8089/8817,4.7251e-12,Common,generative,WizNerdz #1168,,,Standard
1977,8090,8090/8817,4.7308e-12,Common,generative,WizNerdz #1977,,,Standard
1914,8091,8091/8817,4.7401e-12,Common,generative,WizNerdz #1914,,,Standard
1583,8092,8092/8817,4.7586e-12,Common,generative,WizNerdz #1583,,,Standard
3912,8093,8093/8817,4.7611e-12,Common,generative,WizNerdz #3912,,,Standard
4802,8094,8094/8817,4.7632e-12,Common,generative,WizNerdz #4802,,,Standard
2310,8095,8095/8817,4.7695e-12,Common,generative,WizNerdz #2310,,,Standard
2390,8096,8096/8817,4.7776e-12,Common,generative,WizNerdz #2390,,,Standard
3341,8097,8097/8817,4.7798e-12,Common,generative,WizNerdz #3341,,,Standard
3967,8098,8098/8817,4.7849e-12,Common,generative,WizNerdz #3967,,,Standard
3193,8099,8099/8817,4.7859e-12,Common,generative,WizNerdz #3193,,,Standard
5105,8100,8100/8817,4.7981e-12,Common,generative,WizNerdz #5105,,,Standard
5086,8101,8101/8817,4.7987e-12,Common,generative,WizNerdz #5086,,,Standard
5004,8102,8102/8817,4.8043e-12,Common,generative,WizNerdz #5004,,,Standard
3056,8103,8103/8817,4.8198e-12,Common,generative,WizNerdz #3056,,,Standard
2582,8104,8104/8817,4.8286e-12,Common,generative,WizNerdz #2582,,,Standard
7154,8105,8105/8817,4.8493e-12,Common,generative,WizNerdz #7154,,,Standard
1223,8106,8106/8817,4.8519e-12,Common,generative,WizNerdz #1223,,,Standard
1084,8107,8107/8817,4.8594e-12,Common,generative,WizNerdz #1084,,,Standard
184,8108,8108/8817,4.8811e-12,Common,generative,WizNerdz #184,,,Standard
8307,8109,8109/8817,4.8964e-12,Common,generative,WizNerdz #8307,,,Standard
1110,8110,8110/8817,4.8977e-12,Common,generative,WizNerdz #1110,,,Standard
7045,8111,8111/8817,4.9022e-12,Common,generative,WizNerdz #7045,,,Standard
6638,8112,8112/8817,4.9049e-12,Common,generative,WizNerdz #6638,,,Standard
4634,8113,8113/8817,4.9053e-12,Common,generative,WizNerdz #4634,,,Standard
3383,8114,8114/8817,4.9092e-12,Common,generative,WizNerdz #3383,,,Standard
616,8115,8115/8817,4.9101e-12,Common,generative,WizNerdz #616,,,Standard
1774,8116,8116/8817,4.9106e-12,Common,generative,WizNerdz #1774,,,Standard
5293,8117,8117/8817,4.9284e-12,Common,generative,WizNerdz #5293,,,Standard
7975,8118,8118/8817,4.93e-12,Common,generative,WizNerdz #7975,,,Standard
3488,8119,8119/8817,4.9317e-12,Common,generative,WizNerdz #3488,,,Standard
2964,8120,8120/8817,4.9359e-12,Common,generative,WizNerdz #2964,,,Standard
5836,8121,8121/8817,4.9389e-12,Common,generative,WizNerdz #5836,,,Standard
6438,8122,8122/8817,4.9434e-12,Common,generative,WizNerdz #6438,,,Standard
4201,8123,8123/8817,4.9451e-12,Common,generative,WizNerdz #4201,,,Standard
7366,8124,8124/8817,4.9525e-12,Common,generative,WizNerdz #7366,,,Standard
6217,8125,8125/8817,4.958e-12,Common,generative,WizNerdz #6217,,,Standard
2546,8126,8126/8817,4.9619e-12,Common,generative,WizNerdz #2546,,,Standard
6154,8127,8127/8817,4.9624e-12,Common,generative,WizNerdz #6154,,,Standard
7698,8128,8128/8817,4.9755e-12,Common,generative,WizNerdz #7698,,,Standard
1337,8129,8129/8817,4.9758e-12,Common,generative,WizNerdz #1337,,,Standard
5646,8130,8130/8817,4.9806e-12,Common,generative,WizNerdz #5646,,,Standard
1692,8131,8131/8817,4.9837e-12,Common,generative,WizNerdz #1692,,,Standard
7242,8132,8132/8817,4.9863e-12,Common,generative,WizNerdz #7242,,,Standard
659,8133,8133/8817,4.9993e-12,Common,generative,WizNerdz #659,,,Standard
312,8134,8134/8817,5.0134e-12,Common,generative,WizNerdz #312,,,Standard
8175,8135,8135/8817,5.0157e-12,Common,generative,WizNerdz #8175,,,Standard
4009,8136,8136/8817,5.0163e-12,Common,generative,WizNerdz #4009,,,Standard
1013,8137,8137/8817,5.0279e-12,Common,generative,WizNerdz #1013,,,Standard
1297,8138,8138/8817,5.0324e-12,Common,generative,WizNerdz #1297,,,Standard
2534,8139,8139/8817,5.0373e-12,Common,generative,WizNerdz #2534,,,Standard
2475,8140,8140/8817,5.0432e-12,Common,generative,WizNerdz #2475,,,Standard
5275,8141,8141/8817,5.0448e-12,Common,generative,WizNerdz #5275,,,Standard
6,8142,8142/8817,5.0617e-12,Common,generative,WizNerdz #6,,,Standard
4965,8143,8143/8817,5.0635e-12,Common,generative,WizNerdz #4965,,,Standard
8713,8144,8144/8817,5.0652e-12,Common,generative,WizNerdz #8713,,,Standard
7256,8145,8145/8817,5.0666e-12,Common,generative,WizNerdz #7256,,,Standard
781,8146,8146/8817,5.0675e-12,Common,generative,WizNerdz #781,,,Standard
1902,8147,8147/8817,5.0732e-12,Common,generative,WizNerdz #1902,,,Standard
1747,8148,8148/8817,5.0748e-12,Common,generative,WizNerdz #1747,,,Standard
7736,8149,8149/8817,5.0838e-12,Common,generative,WizNerdz #7736,,,Standard
7103,8150,8150/8817,5.0839e-12,Common,generative,WizNerdz #7103,,,Standard
8860,8151,8151/8817,5.0927e-12,Common,generative,WizNerdz #8860,,,Standard
7478,8152,8152/8817,5.0963e-12,Common,generative,WizNerdz #7478,,,Standard
612,8153,8153/8817,5.1033e-12,Common,generative,WizNerdz #612,,,Standard
5799,8154,8154/8817,5.1052e-12,Common,generative,WizNerdz #5799,,,Standard
4379,8155,8155/8817,5.1064e-12,Common,generative,WizNerdz #4379,,,Standard
6293,8156,8156/8817,5.1069e-12,Common,generative,WizNerdz #6293,,,Standard
6736,8157,8157/8817,5.1171e-12,Common,generative,WizNerdz #6736,,,Standard
984,8158,8158/8817,5.1209e-12,Common,generative,WizNerdz #984,,,Standard
6374,8159,8159/8817,5.1334e-12,Common,generative,WizNerdz #6374,,,Standard
7998,8160,8160/8817,5.1425e-12,Common,generative,WizNerdz #7998,,,Standard
8672,8161,8161/8817,5.1497e-12,Common,generative,WizNerdz #8672,,,Standard
31,8162,8162/8817,5.1553e-12,Common,generative,WizNerdz #31,,,Standard
8473,8163,8163/8817,5.1622e-12,Common,generative,WizNerdz #8473,,,Standard
8825,8164,8164/8817,5.1679e-12,Common,generative,WizNerdz #8825,,,Standard
5342,8165,8165/8817,5.1941e-12,Common,generative,WizNerdz #5342,,,Standard
939,8166,8166/8817,5.1989e-12,Common,generative,WizNerdz #939,,,Standard
6421,8167,8167/8817,5.2008e-12,Common,generative,WizNerdz #6421,,,Standard
7007,8168,8168/8817,5.2036e-12,Common,generative,WizNerdz #7007,,,Standard
1541,8169,8169/8817,5.2105e-12,Common,generative,WizNerdz #1541,,,Standard
6330,8170,8170/8817,5.2128e-12,Common,generative,WizNerdz #6330,,,Standard
5702,8171,8171/8817,5.2162e-12,Common,generative,WizNerdz #5702,,,Standard
6981,8172,8172/8817,5.2269e-12,Common,generative,WizNerdz #6981,,,Standard
4536,8173,8173/8817,5.237e-12,Common,generative,WizNerdz #4536,,,Standard
4863,8174,8174/8817,5.2553e-12,Common,generative,WizNerdz #4863,,,Standard
1652,8175,8175/8817,5.2564e-12,Common,generative,WizNerdz #1652,,,Standard
6995,8176,8176/8817,5.2566e-12,Common,generative,WizNerdz #6995,,,Standard
8271,8177,8177/8817,5.2582e-12,Common,generative,WizNerdz #8271,,,Standard
4075,8178,8178/8817,5.2617e-12,Common,generative,WizNerdz #4075,,,Standard
7067,8179,8179/8817,5.2677e-12,Common,generative,WizNerdz #7067,,,Standard
3948,8180,8180/8817,5.271e-12,Common,generative,WizNerdz #3948,,,Standard
6355,8181,8181/8817,5.2969e-12,Common,generative,WizNerdz #6355,,,Standard
2722,8182,8182/8817,5.2982e-12,Common,generative,WizNerdz #2722,,,Standard
2807,8183,8183/8817,5.3021e-12,Common,generative,WizNerdz #2807,,,Standard
7251,8184,8184/8817,5.3129e-12,Common,generative,WizNerdz #7251,,,Standard
1309,8185,8185/8817,5.3178e-12,Common,generative,WizNerdz #1309,,,Standard
4242,8186,8186/8817,5.3184e-12,Common,generative,WizNerdz #4242,,,Standard
5283,8187,8187/8817,5.3202e-12,Common,generative,WizNerdz #5283,,,Standard
94,8188,8188/8817,5.3221e-12,Common,generative,WizNerdz #94,,,Standard
3375,8189,8189/8817,5.3231e-12,Common,generative,WizNerdz #3375,,,Standard
5587,8190,8190/8817,5.3265e-12,Common,generative,WizNerdz #5587,,,Standard
2267,8191,8191/8817,5.3398e-12,Common,generative,WizNerdz #2267,,,Standard
7411,8192,8192/8817,5.3431e-12,Common,generative,WizNerdz #7411,,,Standard
8733,8193,8193/8817,5.3453e-12,Common,generative,WizNerdz #8733,,,Standard
3870,8194,8194/8817,5.349e-12,Common,generative,WizNerdz #3870,,,Standard
4014,8195,8195/8817,5.3543e-12,Common,generative,WizNerdz #4014,,,Standard
5610,8196,8196/8817,5.3644e-12,Common,generative,WizNerdz #5610,,,Standard
2880,8197,8197/8817,5.3661e-12,Common,generative,WizNerdz #2880,,,Standard
1201,8198,8198/8817,5.3674e-12,Common,generative,WizNerdz #1201,,,Standard
6718,8199,8199/8817,5.3788e-12,Common,generative,WizNerdz #6718,,,Standard
2680,8200,8200/8817,5.3796e-12,Common,generative,WizNerdz #2680,,,Standard
4589,8201,8201/8817,5.3842e-12,Common,generative,WizNerdz #4589,,,Standard
8710,8202,8202/8817,5.385e-12,Common,generative,WizNerdz #8710,,,Standard
265,8203,8203/8817,5.3866e-12,Common,generative,WizNerdz #265,,,Standard
7645,8204,8204/8817,5.3885e-12,Common,generative,WizNerdz #7645,,,Standard
712,8205,8205/8817,5.3921e-12,Common,generative,WizNerdz #712,,,Standard
3609,8206,8206/8817,5.4144e-12,Common,generative,WizNerdz #3609,,,Standard
2907,8207,8207/8817,5.4149e-12,Common,generative,WizNerdz #2907,,,Standard
6346,8208,8208/8817,5.4173e-12,Common,generative,WizNerdz #6346,,,Standard
6918,8209,8209/8817,5.4196e-12,Common,generative,WizNerdz #6918,,,Standard
6588,8210,8210/8817,5.4263e-12,Common,generative,WizNerdz #6588,,,Standard
5556,8211,8211/8817,5.4335e-12,Common,generative,WizNerdz #5556,,,Standard
6064,8212,8212/8817,5.437e-12,Common,generative,WizNerdz #6064,,,Standard
6982,8213,8213/8817,5.4467e-12,Common,generative,WizNerdz #6982,,,Standard
1138,8214,8214/8817,5.4492e-12,Common,generative,WizNerdz #1138,,,Standard
7452,8215,8215/8817,5.4508e-12,Common,generative,WizNerdz #7452,,,Standard
1822,8216,8216/8817,5.4719e-12,Common,generative,WizNerdz #1822,,,Standard
3989,8217,8217/8817,5.4761e-12,Common,generative,WizNerdz #3989,,,Standard
3690,8218,8218/8817,5.4811e-12,Common,generative,WizNerdz #3690,,,Standard
7752,8219,8219/8817,5.4841e-12,Common,generative,WizNerdz #7752,,,Standard
7765,8220,8220/8817,5.4956e-12,Common,generative,WizNerdz #7765,,,Standard
1624,8221,8221/8817,5.5035e-12,Common,generative,WizNerdz #1624,,,Standard
2947,8222,8222/8817,5.5067e-12,Common,generative,WizNerdz #2947,,,Standard
1465,8223,8223/8817,5.5085e-12,Common,generative,WizNerdz #1465,,,Standard
359,8224,8224/8817,5.5299e-12,Common,generative,WizNerdz #359,,,Standard
5650,8225,8225/8817,5.5313e-12,Common,generative,WizNerdz #5650,,,Standard
4971,8226,8226/8817,5.5353e-12,Common,generative,WizNerdz #4971,,,Standard
4635,8227,8227/8817,5.5446e-12,Common,generative,WizNerdz #4635,,,Standard
6165,8228,8228/8817,5.5451e-12,Common,generative,WizNerdz #6165,,,Standard
2931,8229,8229/8817,5.5475e-12,Common,generative,WizNerdz #2931,,,Standard
1479,8230,8230/8817,5.5495e-12,Common,generative,WizNerdz #1479,,,Standard
4599,8231,8231/8817,5.5646e-12,Common,generative,WizNerdz #4599,,,Standard
2189,8232,8232/8817,5.5728e-12,Common,generative,WizNerdz #2189,,,Standard
4826,8233,8233/8817,5.5821e-12,Common,generative,WizNerdz #4826,,,Standard
1735,8234,8234/8817,5.5861e-12,Common,generative,WizNerdz #1735,,,Standard
6267,8235,8235/8817,5.591e-12,Common,generative,WizNerdz #6267,,,Standard
135,8236,8236/8817,5.5965e-12,Common,generative,WizNerdz #135,,,Standard
5977,8237,8237/8817,5.6003e-12,Common,generative,WizNerdz #5977,,,Standard
76,8238,8238/8817,5.6046e-12,Common,generative,WizNerdz #76,,,Standard
4016,8239,8239/8817,5.6142e-12,Common,generative,WizNerdz #4016,,,Standard
301,8240,8240/8817,5.6173e-12,Common,generative,WizNerdz #301,,,Standard
7192,8241,8241/8817,5.6204e-12,Common,generative,WizNerdz #7192,,,Standard
374,8242,8242/8817,5.631e-12,Common,generative,WizNerdz #374,,,Standard
6932,8243,8243/8817,5.6343e-12,Common,generative,WizNerdz #6932,,,Standard
5854,8244,8244/8817,5.6352e-12,Common,generative,WizNerdz #5854,,,Standard
1877,8245,8245/8817,5.6532e-12,Common,generative,WizNerdz #1877,,,Standard
1650,8246,8246/8817,5.6534e-12,Common,generative,WizNerdz #1650,,,Standard
4438,8247,8247/8817,5.6599e-12,Common,generative,WizNerdz #4438,,,Standard
2467,8248,8248/8817,5.6637e-12,Common,generative,WizNerdz #2467,,,Standard
4171,8249,8249/8817,5.6651e-12,Common,generative,WizNerdz #4171,,,Standard
3536,8250,8250/8817,5.6672e-12,Common,generative,WizNerdz #3536,,,Standard
4562,8251,8251/8817,5.6693e-12,Common,generative,WizNerdz #4562,,,Standard
7217,8252,8252/8817,5.6751e-12,Common,generative,WizNerdz #7217,,,Standard
6224,8253,8253/8817,5.6779e-12,Common,generative,WizNerdz #6224,,,Standard
8812,8254,8254/8817,5.6804e-12,Common,generative,WizNerdz #8812,,,Standard
5005,8255,8255/8817,5.6856e-12,Common,generative,WizNerdz #5005,,,Standard
626,8256,8256/8817,5.6882e-12,Common,generative,WizNerdz #626,,,Standard
7681,8257,8257/8817,5.7096e-12,Common,generative,WizNerdz #7681,,,Standard
24,8258,8258/8817,5.711e-12,Common,generative,WizNerdz #24,,,Standard
514,8259,8259/8817,5.7283e-12,Common,generative,WizNerdz #514,,,Standard
7282,8260,8260/8817,5.7337e-12,Common,generative,WizNerdz #7282,,,Standard
180,8261,8261/8817,5.7395e-12,Common,generative,WizNerdz #180,,,Standard
8851,8262,8262/8817,5.7422e-12,Common,generative,WizNerdz #8851,,,Standard
1350,8263,8263/8817,5.7488e-12,Common,generative,WizNerdz #1350,,,Standard
2232,8264,8264/8817,5.7501e-12,Common,generative,WizNerdz #2232,,,Standard
764,8265,8265/8817,5.7504e-12,Common,generative,WizNerdz #764,,,Standard
6853,8266,8266/8817,5.7583e-12,Common,generative,WizNerdz #6853,,,Standard
3228,8267,8267/8817,5.7625e-12,Common,generative,WizNerdz #3228,,,Standard
2510,8268,8268/8817,5.7637e-12,Common,generative,WizNerdz #2510,,,Standard
6898,8269,8269/8817,5.777e-12,Common,generative,WizNerdz #6898,,,Standard
9,8270,8270/8817,5.7781e-12,Common,generative,WizNerdz #9,,,Standard
7339,8271,8271/8817,5.8025e-12,Common,generative,WizNerdz #7339,,,Standard
6205,8272,8272/8817,5.8084e-12,Common,generative,WizNerdz #6205,,,Standard
4932,8273,8273/8817,5.82e-12,Common,generative,WizNerdz #4932,,,Standard
4301,8274,8274/8817,5.8245e-12,Common,generative,WizNerdz #4301,,,Standard
875,8275,8275/8817,5.8321e-12,Common,generative,WizNerdz #875,,,Standard
551,8276,8276/8817,5.8426e-12,Common,generative,WizNerdz #551,,,Standard
3663,8277,8277/8817,5.8466e-12,Common,generative,WizNerdz #3663,,,Standard
6389,8278,8278/8817,5.8496e-12,Common,generative,WizNerdz #6389,,,Standard
8625,8279,8279/8817,5.8697e-12,Common,generative,WizNerdz #8625,,,Standard
3320,8280,8280/8817,5.8783e-12,Common,generative,WizNerdz #3320,,,Standard
1378,8281,8281/8817,5.8818e-12,Common,generative,WizNerdz #1378,,,Standard
2111,8282,8282/8817,5.8834e-12,Common,generative,WizNerdz #2111,,,Standard
8815,8283,8283/8817,5.9031e-12,Common,generative,WizNerdz #8815,,,Standard
826,8284,8284/8817,5.9292e-12,Common,generative,WizNerdz #826,,,Standard
2438,8285,8285/8817,5.9315e-12,Common,generative,WizNerdz #2438,,,Standard
7032,8286,8286/8817,5.9547e-12,Common,generative,WizNerdz #7032,,,Standard
8446,8287,8287/8817,5.957e-12,Common,generative,WizNerdz #8446,,,Standard
7523,8288,8288/8817,5.9636e-12,Common,generative,WizNerdz #7523,,,Standard
2551,8289,8289/8817,5.9819e-12,Common,generative,WizNerdz #2551,,,Standard
1834,8290,8290/8817,5.9842e-12,Common,generative,WizNerdz #1834,,,Standard
7323,8291,8291/8817,5.9965e-12,Common,generative,WizNerdz #7323,,,Standard
159,8292,8292/8817,6.0009e-12,Common,generative,WizNerdz #159,,,Standard
7972,8293,8293/8817,6.0166e-12,Common,generative,WizNerdz #7972,,,Standard
6566,8294,8294/8817,6.0191e-12,Common,generative,WizNerdz #6566,,,Standard
1426,8295,8295/8817,6.0419e-12,Common,generative,WizNerdz #1426,,,Standard
614,8296,8296/8817,6.0569e-12,Common,generative,WizNerdz #614,,,Standard
3614,8297,8297/8817,6.0602e-12,Common,generative,WizNerdz #3614,,,Standard
4234,8298,8298/8817,6.0745e-12,Common,generative,WizNerdz #4234,,,Standard
7205,8299,8299/8817,6.0855e-12,Common,generative,WizNerdz #7205,,,Standard
8008,8300,8300/8817,6.0917e-12,Common,generative,WizNerdz #8008,,,Standard
1674,8301,8301/8817,6.1001e-12,Common,generative,WizNerdz #1674,,,Standard
4737,8302,8302/8817,6.104e-12,Common,generative,WizNerdz #4737,,,Standard
3781,8303,8303/8817,6.1134e-12,Common,generative,WizNerdz #3781,,,Standard
1024,8304,8304/8817,6.1231e-12,Common,generative,WizNerdz #1024,,,Standard
6577,8305,8305/8817,6.1241e-12,Common,generative,WizNerdz #6577,,,Standard
1809,8306,8306/8817,6.1277e-12,Common,generative,WizNerdz #1809,,,Standard
7485,8307,8307/8817,6.131e-12,Common,generative,WizNerdz #7485,,,Standard
2676,8308,8308/8817,6.1313e-12,Common,generative,WizNerdz #2676,,,Standard
3703,8309,8309/8817,6.1337e-12,Common,generative,WizNerdz #3703,,,Standard
1082,8310,8310/8817,6.1379e-12,Common,generative,WizNerdz #1082,,,Standard
4893,8311,8311/8817,6.1384e-12,Common,generative,WizNerdz #4893,,,Standard
2625,8312,8312/8817,6.1513e-12,Common,generative,WizNerdz #2625,,,Standard
1208,8313,8313/8817,6.153e-12,Common,generative,WizNerdz #1208,,,Standard
8046,8314,8314/8817,6.1757e-12,Common,generative,WizNerdz #8046,,,Standard
5065,8315,8315/8817,6.18e-12,Common,generative,WizNerdz #5065,,,Standard
1474,8316,8316/8817,6.185e-12,Common,generative,WizNerdz #1474,,,Standard
4315,8317,8317/8817,6.1872e-12,Common,generative,WizNerdz #4315,,,Standard
4056,8318,8318/8817,6.2106e-12,Common,generative,WizNerdz #4056,,,Standard
7322,8319,8319/8817,6.2148e-12,Common,generative,WizNerdz #7322,,,Standard
1538,8320,8320/8817,6.2247e-12,Common,generative,WizNerdz #1538,,,Standard
4949,8321,8321/8817,6.2262e-12,Common,generative,WizNerdz #4949,,,Standard
8055,8322,8322/8817,6.229e-12,Common,generative,WizNerdz #8055,,,Standard
2997,8323,8323/8817,6.2313e-12,Common,generative,WizNerdz #2997,,,Standard
8558,8324,8324/8817,6.2447e-12,Common,generative,WizNerdz #8558,,,Standard
1870,8325,8325/8817,6.2638e-12,Common,generative,WizNerdz #1870,,,Standard
5969,8326,8326/8817,6.2735e-12,Common,generative,WizNerdz #5969,,,Standard
4106,8327,8327/8817,6.2753e-12,Common,generative,WizNerdz #4106,,,Standard
8030,8328,8328/8817,6.2784e-12,Common,generative,WizNerdz #8030,,,Standard
5895,8329,8329/8817,6.2794e-12,Common,generative,WizNerdz #5895,,,Standard
222,8330,8330/8817,6.2812e-12,Common,generative,WizNerdz #222,,,Standard
4558,8331,8331/8817,6.2957e-12,Common,generative,WizNerdz #4558,,,Standard
8736,8332,8332/8817,6.2988e-12,Common,generative,WizNerdz #8736,,,Standard
2074,8333,8333/8817,6.304e-12,Common,generative,WizNerdz #2074,,,Standard
4477,8334,8334/8817,6.3056e-12,Common,generative,WizNerdz #4477,,,Standard
141,8335,8335/8817,6.3384e-12,Common,generative,WizNerdz #141,,,Standard
8496,8336,8336/8817,6.3604e-12,Common,generative,WizNerdz #8496,,,Standard
152,8337,8337/8817,6.3611e-12,Common,generative,WizNerdz #152,,,Standard
4434,8338,8338/8817,6.3671e-12,Common,generative,WizNerdz #4434,,,Standard
6093,8339,8339/8817,6.3694e-12,Common,generative,WizNerdz #6093,,,Standard
3026,8340,8340/8817,6.3695e-12,Common,generative,WizNerdz #3026,,,Standard
8634,8341,8341/8817,6.3714e-12,Common,generative,WizNerdz #8634,,,Standard
628,8342,8342/8817,6.3735e-12,Common,generative,WizNerdz #628,,,Standard
1456,8343,8343/8817,6.38e-12,Common,generative,WizNerdz #1456,,,Standard
4575,8344,8344/8817,6.4013e-12,Common,generative,WizNerdz #4575,,,Standard
4872,8345,8345/8817,6.4116e-12,Common,generative,WizNerdz #4872,,,Standard
470,8346,8346/8817,6.4321e-12,Common,generative,WizNerdz #470,,,Standard
3283,8347,8347/8817,6.4357e-12,Common,generative,WizNerdz #3283,,,Standard
8804,8348,8348/8817,6.4469e-12,Common,generative,WizNerdz #8804,,,Standard
1063,8349,8349/8817,6.4517e-12,Common,generative,WizNerdz #1063,,,Standard
5216,8350,8350/8817,6.4566e-12,Common,generative,WizNerdz #5216,,,Standard
2793,8351,8351/8817,6.4657e-12,Common,generative,WizNerdz #2793,,,Standard
2000,8352,8352/8817,6.4658e-12,Common,generative,WizNerdz #2000,,,Standard
4685,8353,8353/8817,6.4665e-12,Common,generative,WizNerdz #4685,,,Standard
987,8354,8354/8817,6.4753e-12,Common,generative,WizNerdz #987,,,Standard
3893,8355,8355/8817,6.4755e-12,Common,generative,WizNerdz #3893,,,Standard
4474,8356,8356/8817,6.4823e-12,Common,generative,WizNerdz #4474,,,Standard
5156,8357,8357/8817,6.4981e-12,Common,generative,WizNerdz #5156,,,Standard
2943,8358,8358/8817,6.4981e-12,Common,generative,WizNerdz #2943,,,Standard
7969,8359,8359/8817,6.5013e-12,Common,generative,WizNerdz #7969,,,Standard
3920,8360,8360/8817,6.5039e-12,Common,generative,WizNerdz #3920,,,Standard
1595,8361,8361/8817,6.5058e-12,Common,generative,WizNerdz #1595,,,Standard
6401,8362,8362/8817,6.5069e-12,Common,generative,WizNerdz #6401,,,Standard
4526,8363,8363/8817,6.5274e-12,Common,generative,WizNerdz #4526,,,Standard
1792,8364,8364/8817,6.5276e-12,Common,generative,WizNerdz #1792,,,Standard
7254,8365,8365/8817,6.5369e-12,Common,generative,WizNerdz #7254,,,Standard
4129,8366,8366/8817,6.548e-12,Common,generative,WizNerdz #4129,,,Standard
910,8367,8367/8817,6.5543e-12,Common,generative,WizNerdz #910,,,Standard
1700,8368,8368/8817,6.5569e-12,Common,generative,WizNerdz #1700,,,Standard
2727,8369,8369/8817,6.5605e-12,Common,generative,WizNerdz #2727,,,Standard
589,8370,8370/8817,6.5699e-12,Common,generative,WizNerdz #589,,,Standard
848,8371,8371/8817,6.5711e-12,Common,generative,WizNerdz #848,,,Standard
329,8372,8372/8817,6.5761e-12,Common,generative,WizNerdz #329,,,Standard
4561,8373,8373/8817,6.5767e-12,Common,generative,WizNerdz #4561,,,Standard
2150,8374,8374/8817,6.5817e-12,Common,generative,WizNerdz #2150,,,Standard
1963,8375,8375/8817,6.5825e-12,Common,generative,WizNerdz #1963,,,Standard
5350,8376,8376/8817,6.6071e-12,Common,generative,WizNerdz #5350,,,Standard
2195,8377,8377/8817,6.622e-12,Common,generative,WizNerdz #2195,,,Standard
487,8378,8378/8817,6.6225e-12,Common,generative,WizNerdz #487,,,Standard
537,8379,8379/8817,6.6256e-12,Common,generative,WizNerdz #537,,,Standard
3153,8380,8380/8817,6.644e-12,Common,generative,WizNerdz #3153,,,Standard
5057,8381,8381/8817,6.6471e-12,Common,generative,WizNerdz #5057,,,Standard
3986,8382,8382/8817,6.6495e-12,Common,generative,WizNerdz #3986,,,Standard
4907,8383,8383/8817,6.6583e-12,Common,generative,WizNerdz #4907,,,Standard
5200,8384,8384/8817,6.6641e-12,Common,generative,WizNerdz #5200,,,Standard
4835,8385,8385/8817,6.6684e-12,Common,generative,WizNerdz #4835,,,Standard
1874,8386,8386/8817,6.6732e-12,Common,generative,WizNerdz #1874,,,Standard
6702,8387,8387/8817,6.6775e-12,Common,generative,WizNerdz #6702,,,Standard
2166,8388,8388/8817,6.6873e-12,Common,generative,WizNerdz #2166,,,Standard
2889,8389,8389/8817,6.6874e-12,Common,generative,WizNerdz #2889,,,Standard
6088,8390,8390/8817,6.6949e-12,Common,generative,WizNerdz #6088,,,Standard
8326,8391,8391/8817,6.7083e-12,Common,generative,WizNerdz #8326,,,Standard
4834,8392,8392/8817,6.7286e-12,Common,generative,WizNerdz #4834,,,Standard
4509,8393,8393/8817,6.7305e-12,Common,generative,WizNerdz #4509,,,Standard
3741,8394,8394/8817,6.7305e-12,Common,generative,WizNerdz #3741,,,Standard
2377,8395,8395/8817,6.7319e-12,Common,generative,WizNerdz #2377,,,Standard
4682,8396,8396/8817,6.7328e-12,Common,generative,WizNerdz #4682,,,Standard
3879,8397,8397/8817,6.7511e-12,Common,generative,WizNerdz #3879,,,Standard
7121,8398,8398/8817,6.7631e-12,Common,generative,WizNerdz #7121,,,Standard
6912,8399,8399/8817,6.7697e-12,Common,generative,WizNerdz #6912,,,Standard
4267,8400,8400/8817,6.7742e-12,Common,generative,WizNerdz #4267,,,Standard
7651,8401,8401/8817,6.7755e-12,Common,generative,WizNerdz #7651,,,Standard
2770,8402,8402/8817,6.7962e-12,Common,generative,WizNerdz #2770,,,Standard
3138,8403,8403/8817,6.8059e-12,Common,generative,WizNerdz #3138,,,Standard
4601,8404,8404/8817,6.8279e-12,Common,generative,WizNerdz #4601,,,Standard
436,8405,8405/8817,6.8389e-12,Common,generative,WizNerdz #436,,,Standard
339,8406,8406/8817,6.8459e-12,Common,generative,WizNerdz #339,,,Standard
1439,8407,8407/8817,6.8467e-12,Common,generative,WizNerdz #1439,,,Standard
2687,8408,8408/8817,6.8748e-12,Common,generative,WizNerdz #2687,,,Standard
325,8409,8409/8817,6.8809e-12,Common,generative,WizNerdz #325,,,Standard
408,8410,8410/8817,6.8878e-12,Common,generative,WizNerdz #408,,,Standard
7368,8411,8411/8817,6.8904e-12,Common,generative,WizNerdz #7368,,,Standard
1248,8412,8412/8817,6.8958e-12,Common,generative,WizNerdz #1248,,,Standard
4623,8413,8413/8817,6.9025e-12,Common,generative,WizNerdz #4623,,,Standard
226,8414,8414/8817,6.9316e-12,Common,generative,WizNerdz #226,,,Standard
6092,8415,8415/8817,6.9554e-12,Common,generative,WizNerdz #6092,,,Standard
1177,8416,8416/8817,6.9914e-12,Common,generative,WizNerdz #1177,,,Standard
2990,8417,8417/8817,6.9978e-12,Common,generative,WizNerdz #2990,,,Standard
4337,8418,8418/8817,7.0023e-12,Common,generative,WizNerdz #4337,,,Standard
8323,8419,8419/8817,7.0151e-12,Common,generative,WizNerdz #8323,,,Standard
1017,8420,8420/8817,7.0158e-12,Common,generative,WizNerdz #1017,,,Standard
6251,8421,8421/8817,7.0392e-12,Common,generative,WizNerdz #6251,,,Standard
2899,8422,8422/8817,7.0394e-12,Common,generative,WizNerdz #2899,,,Standard
6056,8423,8423/8817,7.0466e-12,Common,generative,WizNerdz #6056,,,Standard
5619,8424,8424/8817,7.0493e-12,Common,generative,WizNerdz #5619,,,Standard
7359,8425,8425/8817,7.0709e-12,Common,generative,WizNerdz #7359,,,Standard
5446,8426,8426/8817,7.0883e-12,Common,generative,WizNerdz #5446,,,Standard
5416,8427,8427/8817,7.0891e-12,Common,generative,WizNerdz #5416,,,Standard
1988,8428,8428/8817,7.1128e-12,Common,generative,WizNerdz #1988,,,Standard
1147,8429,8429/8817,7.1295e-12,Common,generative,WizNerdz #1147,,,Standard
751,8430,8430/8817,7.1771e-12,Common,generative,WizNerdz #751,,,Standard
759,8431,8431/8817,7.1772e-12,Common,generative,WizNerdz #759,,,Standard
6533,8432,8432/8817,7.1937e-12,Common,generative,WizNerdz #6533,,,Standard
5009,8433,8433/8817,7.1974e-12,Common,generative,WizNerdz #5009,,,Standard
3446,8434,8434/8817,7.2035e-12,Common,generative,WizNerdz #3446,,,Standard
653,8435,8435/8817,7.2194e-12,Common,generative,WizNerdz #653,,,Standard
8150,8436,8436/8817,7.2257e-12,Common,generative,WizNerdz #8150,,,Standard
936,8437,8437/8817,7.2551e-12,Common,generative,WizNerdz #936,,,Standard
7264,8438,8438/8817,7.2595e-12,Common,generative,WizNerdz #7264,,,Standard
5496,8439,8439/8817,7.269e-12,Common,generative,WizNerdz #5496,,,Standard
1853,8440,8440/8817,7.2727e-12,Common,generative,WizNerdz #1853,,,Standard
1254,8441,8441/8817,7.2861e-12,Common,generative,WizNerdz #1254,,,Standard
3578,8442,8442/8817,7.2897e-12,Common,generative,WizNerdz #3578,,,Standard
7925,8443,8443/8817,7.2939e-12,Common,generative,WizNerdz #7925,,,Standard
6072,8444,8444/8817,7.3101e-12,Common,generative,WizNerdz #6072,,,Standard
2378,8445,8445/8817,7.3154e-12,Common,generative,WizNerdz #2378,,,Standard
5099,8446,8446/8817,7.3265e-12,Common,generative,WizNerdz #5099,,,Standard
4117,8447,8447/8817,7.3347e-12,Common,generative,WizNerdz #4117,,,Standard
4274,8448,8448/8817,7.3598e-12,Common,generative,WizNerdz #4274,,,Standard
5251,8449,8449/8817,7.3603e-12,Common,generative,WizNerdz #5251,,,Standard
6179,8450,8450/8817,7.3789e-12,Common,generative,WizNerdz #6179,,,Standard
2756,8451,8451/8817,7.3798e-12,Common,generative,WizNerdz #2756,,,Standard
827,8452,8452/8817,7.3995e-12,Common,generative,WizNerdz #827,,,Standard
7340,8453,8453/8817,7.4352e-12,Common,generative,WizNerdz #7340,,,Standard
7417,8454,8454/8817,7.4405e-12,Common,generative,WizNerdz #7417,,,Standard
7201,8455,8455/8817,7.4441e-12,Common,generative,WizNerdz #7201,,,Standard
379,8456,8456/8817,7.4635e-12,Common,generative,WizNerdz #379,,,Standard
1525,8457,8457/8817,7.4802e-12,Common,generative,WizNerdz #1525,,,Standard
4311,8458,8458/8817,7.5017e-12,Common,generative,WizNerdz #4311,,,Standard
6967,8459,8459/8817,7.5093e-12,Common,generative,WizNerdz #6967,,,Standard
2851,8460,8460/8817,7.5094e-12,Common,generative,WizNerdz #2851,,,Standard
7106,8461,8461/8817,7.5101e-12,Common,generative,WizNerdz #7106,,,Standard
6906,8462,8462/8817,7.5107e-12,Common,generative,WizNerdz #6906,,,Standard
177,8463,8463/8817,7.5254e-12,Common,generative,WizNerdz #177,,,Standard
274,8464,8464/8817,7.536e-12,Common,generative,WizNerdz #274,,,Standard
3897,8465,8465/8817,7.54e-12,Common,generative,WizNerdz #3897,,,Standard
4019,8466,8466/8817,7.5451e-12,Common,generative,WizNerdz #4019,,,Standard
7229,8467,8467/8817,7.553e-12,Common,generative,WizNerdz #7229,,,Standard
916,8468,8468/8817,7.5642e-12,Common,generative,WizNerdz #916,,,Standard
6897,8469,8469/8817,7.5944e-12,Common,generative,WizNerdz #6897,,,Standard
7215,8470,8470/8817,7.6081e-12,Common,generative,WizNerdz #7215,,,Standard
5968,8471,8471/8817,7.6113e-12,Common,generative,WizNerdz #5968,,,Standard
4114,8472,8472/8817,7.6406e-12,Common,generative,WizNerdz #4114,,,Standard
3592,8473,8473/8817,7.6439e-12,Common,generative,WizNerdz #3592,,,Standard
945,8474,8474/8817,7.6668e-12,Common,generative,WizNerdz #945,,,Standard
2610,8475,8475/8817,7.6712e-12,Common,generative,WizNerdz #2610,,,Standard
4224,8476,8476/8817,7.6785e-12,Common,generative,WizNerdz #4224,,,Standard
1866,8477,8477/8817,7.7044e-12,Common,generative,WizNerdz #1866,,,Standard
3934,8478,8478/8817,7.7049e-12,Common,generative,WizNerdz #3934,,,Standard
8877,8479,8479/8817,7.7144e-12,Common,generative,WizNerdz #8877,,,Standard
6666,8480,8480/8817,7.7181e-12,Common,generative,WizNerdz #6666,,,Standard
3761,8481,8481/8817,7.7479e-12,Common,generative,WizNerdz #3761,,,Standard
6965,8482,8482/8817,7.7674e-12,Common,generative,WizNerdz #6965,,,Standard
7348,8483,8483/8817,7.7764e-12,Common,generative,WizNerdz #7348,,,Standard
7807,8484,8484/8817,7.8163e-12,Common,generative,WizNerdz #7807,,,Standard
431,8485,8485/8817,7.8234e-12,Common,generative,WizNerdz #431,,,Standard
1646,8486,8486/8817,7.8377e-12,Common,generative,WizNerdz #1646,,,Standard
7806,8487,8487/8817,7.8394e-12,Common,generative,WizNerdz #7806,,,Standard
4134,8488,8488/8817,7.8486e-12,Common,generative,WizNerdz #4134,,,Standard
8174,8489,8489/8817,7.8505e-12,Common,generative,WizNerdz #8174,,,Standard
4650,8490,8490/8817,7.8573e-12,Common,generative,WizNerdz #4650,,,Standard
7491,8491,8491/8817,7.86e-12,Common,generative,WizNerdz #7491,,,Standard
8747,8492,8492/8817,7.8614e-12,Common,generative,WizNerdz #8747,,,Standard
4029,8493,8493/8817,7.8615e-12,Common,generative,WizNerdz #4029,,,Standard
1830,8494,8494/8817,7.8737e-12,Common,generative,WizNerdz #1830,,,Standard
7126,8495,8495/8817,7.8988e-12,Common,generative,WizNerdz #7126,,,Standard
3768,8496,8496/8817,7.9235e-12,Common,generative,WizNerdz #3768,,,Standard
7949,8497,8497/8817,7.9413e-12,Common,generative,WizNerdz #7949,,,Standard
6230,8498,8498/8817,7.9468e-12,Common,generative,WizNerdz #6230,,,Standard
6767,8499,8499/8817,7.9703e-12,Common,generative,WizNerdz #6767,,,Standard
5138,8500,8500/8817,7.974e-12,Common,generative,WizNerdz #5138,,,Standard
1785,8501,8501/8817,7.9845e-12,Common,generative,WizNerdz #1785,,,Standard
1528,8502,8502/8817,7.9913e-12,Common,generative,WizNerdz #1528,,,Standard
2353,8503,8503/8817,8.0001e-12,Common,generative,WizNerdz #2353,,,Standard
6073,8504,8504/8817,8.0011e-12,Common,generative,WizNerdz #6073,,,Standard
2651,8505,8505/8817,8.0099e-12,Common,generative,WizNerdz #2651,,,Standard
8182,8506,8506/8817,8.0212e-12,Common,generative,WizNerdz #8182,,,Standard
3163,8507,8507/8817,8.0243e-12,Common,generative,WizNerdz #3163,,,Standard
5593,8508,8508/8817,8.0293e-12,Common,generative,WizNerdz #5593,,,Standard
4918,8509,8509/8817,8.0416e-12,Common,generative,WizNerdz #4918,,,Standard
3636,8510,8510/8817,8.0447e-12,Common,generative,WizNerdz #3636,,,Standard
7970,8511,8511/8817,8.0604e-12,Common,generative,WizNerdz #7970,,,Standard
4760,8512,8512/8817,8.0957e-12,Common,generative,WizNerdz #4760,,,Standard
3911,8513,8513/8817,8.1036e-12,Common,generative,WizNerdz #3911,,,Standard
1394,8514,8514/8817,8.1036e-12,Common,generative,WizNerdz #1394,,,Standard
4852,8515,8515/8817,8.1509e-12,Common,generative,WizNerdz #4852,,,Standard
7961,8516,8516/8817,8.1542e-12,Common,generative,WizNerdz #7961,,,Standard
403,8517,8517/8817,8.1628e-12,Common,generative,WizNerdz #403,,,Standard
37,8518,8518/8817,8.1706e-12,Common,generative,WizNerdz #37,,,Standard
1502,8519,8519/8817,8.1755e-12,Common,generative,WizNerdz #1502,,,Standard
7413,8520,8520/8817,8.1973e-12,Common,generative,WizNerdz #7413,,,Standard
5390,8521,8521/8817,8.2005e-12,Common,generative,WizNerdz #5390,,,Standard
4824,8522,8522/8817,8.205e-12,Common,generative,WizNerdz #4824,,,Standard
6247,8523,8523/8817,8.2102e-12,Common,generative,WizNerdz #6247,,,Standard
944,8524,8524/8817,8.2119e-12,Common,generative,WizNerdz #944,,,Standard
2857,8525,8525/8817,8.2126e-12,Common,generative,WizNerdz #2857,,,Standard
1399,8526,8526/8817,8.2148e-12,Common,generative,WizNerdz #1399,,,Standard
375,8527,8527/8817,8.2523e-12,Common,generative,WizNerdz #375,,,Standard
4530,8528,8528/8817,8.2702e-12,Common,generative,WizNerdz #4530,,,Standard
250,8529,8529/8817,8.2726e-12,Common,generative,WizNerdz #250,,,Standard
3358,8530,8530/8817,8.2761e-12,Common,generative,WizNerdz #3358,,,Standard
6815,8531,8531/8817,8.2919e-12,Common,generative,WizNerdz #6815,,,Standard
1769,8532,8532/8817,8.3038e-12,Common,generative,WizNerdz #1769,,,Standard
3671,8533,8533/8817,8.316e-12,Common,generative,WizNerdz #3671,,,Standard
3824,8534,8534/8817,8.3691e-12,Common,generative,WizNerdz #3824,,,Standard
3890,8535,8535/8817,8.3962e-12,Common,generative,WizNerdz #3890,,,Standard
7300,8536,8536/8817,8.4088e-12,Common,generative,WizNerdz #7300,,,Standard
1467,8537,8537/8817,8.4262e-12,Common,generative,WizNerdz #1467,,,Standard
4527,8538,8538/8817,8.4267e-12,Common,generative,WizNerdz #4527,,,Standard
4674,8539,8539/8817,8.4518e-12,Common,generative,WizNerdz #4674,,,Standard
2654,8540,8540/8817,8.4535e-12,Common,generative,WizNerdz #2654,,,Standard
2140,8541,8541/8817,8.4656e-12,Common,generative,WizNerdz #2140,,,Standard
6549,8542,8542/8817,8.4728e-12,Common,generative,WizNerdz #6549,,,Standard
8399,8543,8543/8817,8.4832e-12,Common,generative,WizNerdz #8399,,,Standard
1489,8544,8544/8817,8.4864e-12,Common,generative,WizNerdz #1489,,,Standard
8005,8545,8545/8817,8.5161e-12,Common,generative,WizNerdz #8005,,,Standard
7351,8546,8546/8817,8.517e-12,Common,generative,WizNerdz #7351,,,Standard
7431,8547,8547/8817,8.5425e-12,Common,generative,WizNerdz #7431,,,Standard
4461,8548,8548/8817,8.5479e-12,Common,generative,WizNerdz #4461,,,Standard
2192,8549,8549/8817,8.5501e-12,Common,generative,WizNerdz #2192,,,Standard
7060,8550,8550/8817,8.5533e-12,Common,generative,WizNerdz #7060,,,Standard
6782,8551,8551/8817,8.5569e-12,Common,generative,WizNerdz #6782,,,Standard
8707,8552,8552/8817,8.569e-12,Common,generative,WizNerdz #8707,,,Standard
476,8553,8553/8817,8.5733e-12,Common,generative,WizNerdz #476,,,Standard
4370,8554,8554/8817,8.5852e-12,Common,generative,WizNerdz #4370,,,Standard
7108,8555,8555/8817,8.5924e-12,Common,generative,WizNerdz #7108,,,Standard
5570,8556,8556/8817,8.605e-12,Common,generative,WizNerdz #5570,,,Standard
648,8557,8557/8817,8.6064e-12,Common,generative,WizNerdz #648,,,Standard
3743,8558,8558/8817,8.6168e-12,Common,generative,WizNerdz #3743,,,Standard
8135,8559,8559/8817,8.6182e-12,Common,generative,WizNerdz #8135,,,Standard
104,8560,8560/8817,8.643e-12,Common,generative,WizNerdz #104,,,Standard
8250,8561,8561/8817,8.644e-12,Common,generative,WizNerdz #8250,,,Standard
7500,8562,8562/8817,8.6471e-12,Common,generative,WizNerdz #7500,,,Standard
3374,8563,8563/8817,8.6598e-12,Common,generative,WizNerdz #3374,,,Standard
1604,8564,8564/8817,8.6708e-12,Common,generative,WizNerdz #1604,,,Standard
1639,8565,8565/8817,8.6756e-12,Common,generative,WizNerdz #1639,,,Standard
4002,8566,8566/8817,8.6782e-12,Common,generative,WizNerdz #4002,,,Standard
1612,8567,8567/8817,8.7033e-12,Common,generative,WizNerdz #1612,,,Standard
7117,8568,8568/8817,8.7043e-12,Common,generative,WizNerdz #7117,,,Standard
1424,8569,8569/8817,8.707e-12,Common,generative,WizNerdz #1424,,,Standard
1103,8570,8570/8817,8.7171e-12,Common,generative,WizNerdz #1103,,,Standard
1371,8571,8571/8817,8.7261e-12,Common,generative,WizNerdz #1371,,,Standard
3209,8572,8572/8817,8.7344e-12,Common,generative,WizNerdz #3209,,,Standard
8343,8573,8573/8817,8.7587e-12,Common,generative,WizNerdz #8343,,,Standard
1938,8574,8574/8817,8.7593e-12,Common,generative,WizNerdz #1938,,,Standard
7654,8575,8575/8817,8.7734e-12,Common,generative,WizNerdz #7654,,,Standard
7859,8576,8576/8817,8.792e-12,Common,generative,WizNerdz #7859,,,Standard
6270,8577,8577/8817,8.8038e-12,Common,generative,WizNerdz #6270,,,Standard
7734,8578,8578/8817,8.8163e-12,Common,generative,WizNerdz #7734,,,Standard
3114,8579,8579/8817,8.8347e-12,Common,generative,WizNerdz #3114,,,Standard
4293,8580,8580/8817,8.8413e-12,Common,generative,WizNerdz #4293,,,Standard
2811,8581,8581/8817,8.8637e-12,Common,generative,WizNerdz #2811,,,Standard
4676,8582,8582/8817,8.8965e-12,Common,generative,WizNerdz #4676,,,Standard
8012,8583,8583/8817,8.899e-12,Common,generative,WizNerdz #8012,,,Standard
5691,8584,8584/8817,8.9082e-12,Common,generative,WizNerdz #5691,,,Standard
4369,8585,8585/8817,8.9389e-12,Common,generative,WizNerdz #4369,,,Standard
7081,8586,8586/8817,8.9481e-12,Common,generative,WizNerdz #7081,,,Standard
1119,8587,8587/8817,8.9798e-12,Common,generative,WizNerdz #1119,,,Standard
7829,8588,8588/8817,8.9865e-12,Common,generative,WizNerdz #7829,,,Standard
4537,8589,8589/8817,9.0126e-12,Common,generative,WizNerdz #4537,,,Standard
4158,8590,8590/8817,9.0232e-12,Common,generative,WizNerdz #4158,,,Standard
473,8591,8591/8817,9.0255e-12,Common,generative,WizNerdz #473,,,Standard
5034,8592,8592/8817,9.0332e-12,Common,generative,WizNerdz #5034,,,Standard
292,8593,8593/8817,9.0807e-12,Common,generative,WizNerdz #292,,,Standard
5699,8594,8594/8817,9.098e-12,Common,generative,WizNerdz #5699,,,Standard
261,8595,8595/8817,9.1029e-12,Common,generative,WizNerdz #261,,,Standard
4191,8596,8596/8817,9.1188e-12,Common,generative,WizNerdz #4191,,,Standard
2430,8597,8597/8817,9.1233e-12,Common,generative,WizNerdz #2430,,,Standard
1199,8598,8598/8817,9.1305e-12,Common,generative,WizNerdz #1199,,,Standard
4591,8599,8599/8817,9.1323e-12,Common,generative,WizNerdz #4591,,,Standard
1653,8600,8600/8817,9.1418e-12,Common,generative,WizNerdz #1653,,,Standard
41,8601,8601/8817,9.1693e-12,Common,generative,WizNerdz #41,,,Standard
3417,8602,8602/8817,9.1862e-12,Common,generative,WizNerdz #3417,,,Standard
4391,8603,8603/8817,9.2136e-12,Common,generative,WizNerdz #4391,,,Standard
1028,8604,8604/8817,9.2143e-12,Common,generative,WizNerdz #1028,,,Standard
8763,8605,8605/8817,9.2154e-12,Common,generative,WizNerdz #8763,,,Standard
8456,8606,8606/8817,9.2228e-12,Common,generative,WizNerdz #8456,,,Standard
3587,8607,8607/8817,9.2608e-12,Common,generative,WizNerdz #3587,,,Standard
3722,8608,8608/8817,9.2644e-12,Common,generative,WizNerdz #3722,,,Standard
6013,8609,8609/8817,9.2876e-12,Common,generative,WizNerdz #6013,,,Standard
2387,8610,8610/8817,9.2915e-12,Common,generative,WizNerdz #2387,,,Standard
6089,8611,8611/8817,9.3012e-12,Common,generative,WizNerdz #6089,,,Standard
5850,8612,8612/8817,9.309e-12,Common,generative,WizNerdz #5850,,,Standard
4343,8613,8613/8817,9.3112e-12,Common,generative,WizNerdz #4343,,,Standard
1104,8614,8614/8817,9.3213e-12,Common,generative,WizNerdz #1104,,,Standard
2091,8615,8615/8817,9.3287e-12,Common,generative,WizNerdz #2091,,,Standard
838,8616,8616/8817,9.3497e-12,Common,generative,WizNerdz #838,,,Standard
3428,8617,8617/8817,9.3575e-12,Common,generative,WizNerdz #3428,,,Standard
2153,8618,8618/8817,9.3585e-12,Common,generative,WizNerdz #2153,,,Standard
3435,8619,8619/8817,9.3712e-12,Common,generative,WizNerdz #3435,,,Standard
2054,8620,8620/8817,9.4394e-12,Common,generative,WizNerdz #2054,,,Standard
61,8621,8621/8817,9.4399e-12,Common,generative,WizNerdz #61,,,Standard
8097,8622,8622/8817,9.447e-12,Common,generative,WizNerdz #8097,,,Standard
6379,8623,8623/8817,9.4475e-12,Common,generative,WizNerdz #6379,,,Standard
6944,8624,8624/8817,9.4513e-12,Common,generative,WizNerdz #6944,,,Standard
8730,8625,8625/8817,9.4543e-12,Common,generative,WizNerdz #8730,,,Standard
2578,8626,8626/8817,9.475e-12,Common,generative,WizNerdz #2578,,,Standard
1043,8627,8627/8817,9.4846e-12,Common,generative,WizNerdz #1043,,,Standard
6892,8628,8628/8817,9.5069e-12,Common,generative,WizNerdz #6892,,,Standard
6919,8629,8629/8817,9.5251e-12,Common,generative,WizNerdz #6919,,,Standard
1395,8630,8630/8817,9.5288e-12,Common,generative,WizNerdz #1395,,,Standard
703,8631,8631/8817,9.5716e-12,Common,generative,WizNerdz #703,,,Standard
5159,8632,8632/8817,9.5828e-12,Common,generative,WizNerdz #5159,,,Standard
8130,8633,8633/8817,9.611e-12,Common,generative,WizNerdz #8130,,,Standard
6325,8634,8634/8817,9.6161e-12,Common,generative,WizNerdz #6325,,,Standard
150,8635,8635/8817,9.6207e-12,Common,generative,WizNerdz #150,,,Standard
7334,8636,8636/8817,9.6693e-12,Common,generative,WizNerdz #7334,,,Standard
5588,8637,8637/8817,9.6758e-12,Common,generative,WizNerdz #5588,,,Standard
479,8638,8638/8817,9.6973e-12,Common,generative,WizNerdz #479,,,Standard
5187,8639,8639/8817,9.7071e-12,Common,generative,WizNerdz #5187,,,Standard
2064,8640,8640/8817,9.7155e-12,Common,generative,WizNerdz #2064,,,Standard
2215,8641,8641/8817,9.7178e-12,Common,generative,WizNerdz #2215,,,Standard
7840,8642,8642/8817,9.7188e-12,Common,generative,WizNerdz #7840,,,Standard
4340,8643,8643/8817,9.7665e-12,Common,generative,WizNerdz #4340,,,Standard
4225,8644,8644/8817,9.7814e-12,Common,generative,WizNerdz #4225,,,Standard
2859,8645,8645/8817,9.7908e-12,Common,generative,WizNerdz #2859,,,Standard
2501,8646,8646/8817,9.8045e-12,Common,generative,WizNerdz #2501,,,Standard
8375,8647,8647/8817,9.8053e-12,Common,generative,WizNerdz #8375,,,Standard
2011,8648,8648/8817,9.81e-12,Common,generative,WizNerdz #2011,,,Standard
1304,8649,8649/8817,9.8224e-12,Common,generative,WizNerdz #1304,,,Standard
2544,8650,8650/8817,9.8512e-12,Common,generative,WizNerdz #2544,,,Standard
2894,8651,8651/8817,9.852e-12,Common,generative,WizNerdz #2894,,,Standard
8335,8652,8652/8817,9.8533e-12,Common,generative,WizNerdz #8335,,,Standard
547,8653,8653/8817,9.8713e-12,Common,generative,WizNerdz #547,,,Standard
2299,8654,8654/8817,9.8991e-12,Common,generative,WizNerdz #2299,,,Standard
5526,8655,8655/8817,9.9109e-12,Common,generative,WizNerdz #5526,,,Standard
4788,8656,8656/8817,1.0024e-11,Common,generative,WizNerdz #4788,,,Standard
3363,8657,8657/8817,1.00506e-11,Common,generative,WizNerdz #3363,,,Standard
5437,8658,8658/8817,1.00609e-11,Common,generative,WizNerdz #5437,,,Standard
7354,8659,8659/8817,1.00696e-11,Common,generative,WizNerdz #7354,,,Standard
1584,8660,8660/8817,1.00723e-11,Common,generative,WizNerdz #1584,,,Standard
8315,8661,8661/8817,1.00872e-11,Common,generative,WizNerdz #8315,,,Standard
7984,8662,8662/8817,1.0163e-11,Common,generative,WizNerdz #7984,,,Standard
4041,8663,8663/8817,1.01839e-11,Common,generative,WizNerdz #4041,,,Standard
5476,8664,8664/8817,1.01905e-11,Common,generative,WizNerdz #5476,,,Standard
3047,8665,8665/8817,1.02555e-11,Common,generative,WizNerdz #3047,,,Standard
5113,8666,8666/8817,1.02942e-11,Common,generative,WizNerdz #5113,,,Standard
8844,8667,8667/8817,1.03235e-11,Common,generative,WizNerdz #8844,,,Standard
8148,8668,8668/8817,1.03249e-11,Common,generative,WizNerdz #8148,,,Standard
1610,8669,8669/8817,1.03602e-11,Common,generative,WizNerdz #1610,,,Standard
227,8670,8670/8817,1.03865e-11,Common,generative,WizNerdz #227,,,Standard
8680,8671,8671/8817,1.04436e-11,Common,generative,WizNerdz #8680,,,Standard
2478,8672,8672/8817,1.04588e-11,Common,generative,WizNerdz #2478,,,Standard
3144,8673,8673/8817,1.04921e-11,Common,generative,WizNerdz #3144,,,Standard
441,8674,8674/8817,1.05016e-11,Common,generative,WizNerdz #441,,,Standard
7388,8675,8675/8817,1.05219e-11,Common,generative,WizNerdz #7388,,,Standard
5051,8676,8676/8817,1.05965e-11,Common,generative,WizNerdz #5051,,,Standard
2871,8677,8677/8817,1.0632e-11,Common,generative,WizNerdz #2871,,,Standard
8058,8678,8678/8817,1.06683e-11,Common,generative,WizNerdz #8058,,,Standard
3212,8679,8679/8817,1.07013e-11,Common,generative,WizNerdz #3212,,,Standard
5294,8680,8680/8817,1.07567e-11,Common,generative,WizNerdz #5294,,,Standard
7097,8681,8681/8817,1.08024e-11,Common,generative,WizNerdz #7097,,,Standard
3852,8682,8682/8817,1.08237e-11,Common,generative,WizNerdz #3852,,,Standard
2583,8683,8683/8817,1.08256e-11,Common,generative,WizNerdz #2583,,,Standard
4451,8684,8684/8817,1.08378e-11,Common,generative,WizNerdz #4451,,,Standard
1164,8685,8685/8817,1.08389e-11,Common,generative,WizNerdz #1164,,,Standard
5161,8686,8686/8817,1.084e-11,Common,generative,WizNerdz #5161,,,Standard
5902,8687,8687/8817,1.08436e-11,Common,generative,WizNerdz #5902,,,Standard
6825,8688,8688/8817,1.08713e-11,Common,generative,WizNerdz #6825,,,Standard
1019,8689,8689/8817,1.08736e-11,Common,generative,WizNerdz #1019,,,Standard
2664,8690,8690/8817,1.088e-11,Common,generative,WizNerdz #2664,,,Standard
1078,8691,8691/8817,1.09102e-11,Common,generative,WizNerdz #1078,,,Standard
1854,8692,8692/8817,1.09131e-11,Common,generative,WizNerdz #1854,,,Standard
8463,8693,8693/8817,1.09369e-11,Common,generative,WizNerdz #8463,,,Standard
1972,8694,8694/8817,1.10687e-11,Common,generative,WizNerdz #1972,,,Standard
4359,8695,8695/8817,1.11132e-11,Common,generative,WizNerdz #4359,,,Standard
4167,8696,8696/8817,1.11162e-11,Common,generative,WizNerdz #4167,,,Standard
7986,8697,8697/8817,1.11623e-11,Common,generative,WizNerdz #7986,,,Standard
6472,8698,8698/8817,1.11909e-11,Common,generative,WizNerdz #6472,,,Standard
2275,8699,8699/8817,1.11971e-11,Common,generative,WizNerdz #2275,,,Standard
3720,8700,8700/8817,1.12608e-11,Common,generative,WizNerdz #3720,,,Standard
6008,8701,8701/8817,1.12697e-11,Common,generative,WizNerdz #6008,,,Standard
5049,8702,8702/8817,1.12865e-11,Common,generative,WizNerdz #5049,,,Standard
5357,8703,8703/8817,1.1288e-11,Common,generative,WizNerdz #5357,,,Standard
1135,8704,8704/8817,1.1312e-11,Common,generative,WizNerdz #1135,,,Standard
4494,8705,8705/8817,1.13131e-11,Common,generative,WizNerdz #4494,,,Standard
1815,8706,8706/8817,1.13228e-11,Common,generative,WizNerdz #1815,,,Standard
7274,8707,8707/8817,1.13633e-11,Common,generative,WizNerdz #7274,,,Standard
5600,8708,8708/8817,1.13753e-11,Common,generative,WizNerdz #5600,,,Standard
3058,8709,8709/8817,1.14126e-11,Common,generative,WizNerdz #3058,,,Standard
321,8710,8710/8817,1.14318e-11,Common,generative,WizNerdz #321,,,Standard
1067,8711,8711/8817,1.14352e-11,Common,generative,WizNerdz #1067,,,Standard
2259,8712,8712/8817,1.14464e-11,Common,generative,WizNerdz #2259,,,Standard
3467,8713,8713/8817,1.14807e-11,Common,generative,WizNerdz #3467,,,Standard
8827,8714,8714/8817,1.1499e-11,Common,generative,WizNerdz #8827,,,Standard
1388,8715,8715/8817,1.16096e-11,Common,generative,WizNerdz #1388,,,Standard
5108,8716,8716/8817,1.16615e-11,Common,generative,WizNerdz #5108,,,Standard
1986,8717,8717/8817,1.16709e-11,Common,generative,WizNerdz #1986,,,Standard
6440,8718,8718/8817,1.16989e-11,Common,generative,WizNerdz #6440,,,Standard
2164,8719,8719/8817,1.17114e-11,Common,generative,WizNerdz #2164,,,Standard
5027,8720,8720/8817,1.17302e-11,Common,generative,WizNerdz #5027,,,Standard
1635,8721,8721/8817,1.17388e-11,Common,generative,WizNerdz #1635,,,Standard
2425,8722,8722/8817,1.17476e-11,Common,generative,WizNerdz #2425,,,Standard
454,8723,8723/8817,1.18463e-11,Common,generative,WizNerdz #454,,,Standard
7241,8724,8724/8817,1.18898e-11,Common,generative,WizNerdz #7241,,,Standard
5284,8725,8725/8817,1.19707e-11,Common,generative,WizNerdz #5284,,,Standard
6583,8726,8726/8817,1.20239e-11,Common,generative,WizNerdz #6583,,,Standard
734,8727,8727/8817,1.2113e-11,Common,generative,WizNerdz #734,,,Standard
1366,8728,8728/8817,1.2117e-11,Common,generative,WizNerdz #1366,,,Standard
7978,8729,8729/8817,1.21829e-11,Common,generative,WizNerdz #7978,,,Standard
8278,8730,8730/8817,1.21839e-11,Common,generative,WizNerdz #8278,,,Standard
6807,8731,8731/8817,1.22916e-11,Common,generative,WizNerdz #6807,,,Standard
1695,8732,8732/8817,1.2295e-11,Common,generative,WizNerdz #1695,,,Standard
8771,8733,8733/8817,1.23111e-11,Common,generative,WizNerdz #8771,,,Standard
1355,8734,8734/8817,1.24143e-11,Common,generative,WizNerdz #1355,,,Standard
6467,8735,8735/8817,1.24248e-11,Common,generative,WizNerdz #6467,,,Standard
8888,8736,8736/8817,1.24456e-11,Common,generative,WizNerdz #8888,,,Standard
7635,8737,8737/8817,1.2477e-11,Common,generative,WizNerdz #7635,,,Standard
2143,8738,8738/8817,1.25229e-11,Common,generative,WizNerdz #2143,,,Standard
1140,8739,8739/8817,1.26271e-11,Common,generative,WizNerdz #1140,,,Standard
1393,8740,8740/8817,1.26451e-11,Common,generative,WizNerdz #1393,,,Standard
4067,8741,8741/8817,1.26502e-11,Common,generative,WizNerdz #4067,,,Standard
8488,8742,8742/8817,1.26854e-11,Common,generative,WizNerdz #8488,,,Standard
4388,8743,8743/8817,1.26966e-11,Common,generative,WizNerdz #4388,,,Standard
5546,8744,8744/8817,1.27213e-11,Common,generative,WizNerdz #5546,,,Standard
3714,8745,8745/8817,1.2757e-11,Common,generative,WizNerdz #3714,,,Standard
4257,8746,8746/8817,1.27718e-11,Common,generative,WizNerdz #4257,,,Standard
121,8747,8747/8817,1.28729e-11,Common,generative,WizNerdz #121,,,Standard
5671,8748,8748/8817,1.28739e-11,Common,generative,WizNerdz #5671,,,Standard
1738,8749,8749/8817,1.29101e-11,Common,generative,WizNerdz #1738,,,Standard
6465,8750,8750/8817,1.29423e-11,Common,generative,WizNerdz #6465,,,Standard
427,8751,8751/8817,1.30501e-11,Common,generative,WizNerdz #427,,,Standard
3473,8752,8752/8817,1.30667e-11,Common,generative,WizNerdz #3473,,,Standard
4103,8753,8753/8817,1.31719e-11,Common,generative,WizNerdz #4103,,,Standard
3385,8754,8754/8817,1.3204e-11,Common,generative,WizNerdz #3385,,,Standard
5261,8755,8755/8817,1.33501e-11,Common,generative,WizNerdz #5261,,,Standard
6256,8756,8756/8817,1.33924e-11,Common,generative,WizNerdz #6256,,,Standard
5881,8757,8757/8817,1.34296e-11,Common,generative,WizNerdz #5881,,,Standard
4470,8758,8758/8817,1.35158e-11,Common,generative,WizNerdz #4470,,,Standard
3403,8759,8759/8817,1.35242e-11,Common,generative,WizNerdz #3403,,,Standard
32,8760,8760/8817,1.35564e-11,Common,generative,WizNerdz #32,,,Standard
7989,8761,8761/8817,1.35686e-11,Common,generative,WizNerdz #7989,,,Standard
5923,8762,8762/8817,1.369e-11,Common,generative,WizNerdz #5923,,,Standard
8742,8763,8763/8817,1.38323e-11,Common,generative,WizNerdz #8742,,,Standard
1707,8764,8764/8817,1.38959e-11,Common,generative,WizNerdz #1707,,,Standard
6909,8765,8765/8817,1.41138e-11,Common,generative,WizNerdz #6909,,,Standard
603,8766,8766/8817,1.41966e-11,Common,generative,WizNerdz #603,,,Standard
2316,8767,8767/8817,1.42355e-11,Common,generative,WizNerdz #2316,,,Standard
824,8768,8768/8817,1.44219e-11,Common,generative,WizNerdz #824,,,Standard
1962,8769,8769/8817,1.45207e-11,Common,generative,WizNerdz #1962,,,Standard
6015,8770,8770/8817,1.45959e-11,Common,generative,WizNerdz #6015,,,Standard
7570,8771,8771/8817,1.45996e-11,Common,generative,WizNerdz #7570,,,Standard
3702,8772,8772/8817,1.46743e-11,Common,generative,WizNerdz #3702,,,Standard
5358,8773,8773/8817,1.48419e-11,Common,generative,WizNerdz #5358,,,Standard
128,8774,8774/8817,1.49713e-11,Common,generative,WizNerdz #128,,,Standard
4895,8775,8775/8817,1.49833e-11,Common,generative,WizNerdz #4895,,,Standard
2231,8776,8776/8817,1.50831e-11,Common,generative,WizNerdz #2231,,,Standard
6651,8777,8777/8817,1.51016e-11,Common,generative,WizNerdz #6651,,,Standard
3189,8778,8778/8817,1.51077e-11,Common,generative,WizNerdz #3189,,,Standard
8371,8779,8779/8817,1.5145e-11,Common,generative,WizNerdz #8371,,,Standard
3226,8780,8780/8817,1.5145e-11,Common,generative,WizNerdz #3226,,,Standard
3442,8781,8781/8817,1.51768e-11,Common,generative,WizNerdz #3442,,,Standard
1449,8782,8782/8817,1.53824e-11,Common,generative,WizNerdz #1449,,,Standard
2440,8783,8783/8817,1.54569e-11,Common,generative,WizNerdz #2440,,,Standard
6526,8784,8784/8817,1.56488e-11,Common,generative,WizNerdz #6526,,,Standard
7025,8785,8785/8817,1.60837e-11,Common,generative,WizNerdz #7025,,,Standard
5109,8786,8786/8817,1.61337e-11,Common,generative,WizNerdz #5109,,,Standard
6221,8787,8787/8817,1.63613e-11,Common,generative,WizNerdz #6221,,,Standard
6226,8788,8788/8817,1.64621e-11,Common,generative,WizNerdz #6226,,,Standard
8320,8789,8789/8817,1.65193e-11,Common,generative,WizNerdz #8320,,,Standard
2526,8790,8790/8817,1.65958e-11,Common,generative,WizNerdz #2526,,,Standard
8161,8791,8791/8817,1.66629e-11,Common,generative,WizNerdz #8161,,,Standard
4303,8792,8792/8817,1.69089e-11,Common,generative,WizNerdz #4303,,,Standard
8345,8793,8793/8817,1.71215e-11,Common,generative,WizNerdz #8345,,,Standard
8476,8794,8794/8817,1.7153e-11,Common,generative,WizNerdz #8476,,,Standard
6972,8795,8795/8817,1.72967e-11,Common,generative,WizNerdz #6972,,,Standard
1237,8796,8796/8817,1.74869e-11,Common,generative,WizNerdz #1237,,,Standard
409,8797,8797/8817,1.76552e-11,Common,generative,WizNerdz #409,,,Standard
7112,8798,8798/8817,1.77323e-11,Common,generative,WizNerdz #7112,,,Standard
5064,8799,8799/8817,1.77984e-11,Common,generative,WizNerdz #5064,,,Standard
4198,8800,8800/8817,1.79821e-11,Common,generative,WizNerdz #4198,,,Standard
5614,8801,8801/8817,1.80262e-11,Common,generative,WizNerdz #5614,,,Standard
162,8802,8802/8817,1.83648e-11,Common,generative,WizNerdz #162,,,Standard
2575,8803,8803/8817,1.83772e-11,Common,generative,WizNerdz #2575,,,Standard
3249,8804,8804/8817,1.84e-11,Common,generative,WizNerdz #3249,,,Standard
557,8805,8805/8817,1.84562e-11,Common,generative,WizNerdz #557,,,Standard
4657,8806,8806/8817,1.84891e-11,Common,generative,WizNerdz #4657,,,Standard
6875,8807,8807/8817,1.86522e-11,Common,generative,WizNerdz #6875,,,Standard
8401,8808,8808/8817,1.87654e-11,Common,generative,WizNerdz #8401,,,Standard
8657,8809,8809/8817,1.91864e-11,Common,generative,WizNerdz #8657,,,Standard
3991,8810,8810/8817,1.98048e-11,Common,generative,WizNerdz #3991,,,Standard
587,8811,8811/8817,1.98529e-11,Common,generative,WizNerdz #587,,,Standard
4443,8812,8812/8817,2.02688e-11,Common,generative,WizNerdz #4443,,,Standard
8837,8813,8813/8817,2.06828e-11,Common,generative,WizNerdz #8837,,,Standard
4024,8814,8814/8817,2.0837e-11,Common,generative,WizNerdz #4024,,,Standard
59,8815,8815/8817,2.16982e-11,Common,generative,WizNerdz #59,,,Standard
3542,8816,8816/8817,2.36954e-11,Common,generative,WizNerdz #3542,,,Standard
2892,8817,8817/8817,2.45683e-11,Common,generative,WizNerdz #2892,,,Standard
